alpha_regime,sweep,kbar_in,anchor_d,anchor_N,d,method,true_family,selected_family,count,row_rate
common,kbar,1.0,8,3200,8,LibraryDP,Poisson,Poisson,118,0.9915966386554622
common,kbar,1.0,8,3200,8,LibraryDP,Poisson,NB,1,0.0084033613445378
common,kbar,1.0,8,3200,8,LibraryDP,Poisson,ZIP,0,0.0
common,kbar,1.0,8,3200,8,LibraryDP,Poisson,Geom,0,0.0
common,kbar,1.0,8,3200,8,LibraryDP,Poisson,Binomial,0,0.0
common,kbar,1.0,8,3200,8,LibraryDP,Poisson,Bernoulli,0,0.0
common,kbar,1.0,8,3200,8,LibraryDP,NB,Poisson,6,0.0405405405405405
common,kbar,1.0,8,3200,8,LibraryDP,NB,NB,142,0.9594594594594594
common,kbar,1.0,8,3200,8,LibraryDP,NB,ZIP,0,0.0
common,kbar,1.0,8,3200,8,LibraryDP,NB,Geom,0,0.0
common,kbar,1.0,8,3200,8,LibraryDP,NB,Binomial,0,0.0
common,kbar,1.0,8,3200,8,LibraryDP,NB,Bernoulli,0,0.0
common,kbar,1.0,8,3200,8,LibraryDP,ZIP,Poisson,0,0.0
common,kbar,1.0,8,3200,8,LibraryDP,ZIP,NB,1,0.0080645161290322
common,kbar,1.0,8,3200,8,LibraryDP,ZIP,ZIP,122,0.9838709677419356
common,kbar,1.0,8,3200,8,LibraryDP,ZIP,Geom,1,0.0080645161290322
common,kbar,1.0,8,3200,8,LibraryDP,ZIP,Binomial,0,0.0
common,kbar,1.0,8,3200,8,LibraryDP,ZIP,Bernoulli,0,0.0
common,kbar,1.0,8,3200,8,LibraryDP,Geom,Poisson,0,0.0
common,kbar,1.0,8,3200,8,LibraryDP,Geom,NB,31,0.2123287671232876
common,kbar,1.0,8,3200,8,LibraryDP,Geom,ZIP,0,0.0
common,kbar,1.0,8,3200,8,LibraryDP,Geom,Geom,115,0.7876712328767124
common,kbar,1.0,8,3200,8,LibraryDP,Geom,Binomial,0,0.0
common,kbar,1.0,8,3200,8,LibraryDP,Geom,Bernoulli,0,0.0
common,kbar,1.0,8,3200,8,LibraryDP,Binomial,Poisson,8,0.064516129032258
common,kbar,1.0,8,3200,8,LibraryDP,Binomial,NB,0,0.0
common,kbar,1.0,8,3200,8,LibraryDP,Binomial,ZIP,0,0.0
common,kbar,1.0,8,3200,8,LibraryDP,Binomial,Geom,0,0.0
common,kbar,1.0,8,3200,8,LibraryDP,Binomial,Binomial,116,0.935483870967742
common,kbar,1.0,8,3200,8,LibraryDP,Binomial,Bernoulli,0,0.0
common,kbar,1.0,8,3200,8,LibraryDP,Bernoulli,Poisson,8,0.0575539568345323
common,kbar,1.0,8,3200,8,LibraryDP,Bernoulli,NB,0,0.0
common,kbar,1.0,8,3200,8,LibraryDP,Bernoulli,ZIP,0,0.0
common,kbar,1.0,8,3200,8,LibraryDP,Bernoulli,Geom,4,0.0287769784172661
common,kbar,1.0,8,3200,8,LibraryDP,Bernoulli,Binomial,0,0.0
common,kbar,1.0,8,3200,8,LibraryDP,Bernoulli,Bernoulli,127,0.9136690647482014
common,kbar,1.0,8,3200,8,LibraryGreedy,Poisson,Poisson,118,0.9915966386554622
common,kbar,1.0,8,3200,8,LibraryGreedy,Poisson,NB,1,0.0084033613445378
common,kbar,1.0,8,3200,8,LibraryGreedy,Poisson,ZIP,0,0.0
common,kbar,1.0,8,3200,8,LibraryGreedy,Poisson,Geom,0,0.0
common,kbar,1.0,8,3200,8,LibraryGreedy,Poisson,Binomial,0,0.0
common,kbar,1.0,8,3200,8,LibraryGreedy,Poisson,Bernoulli,0,0.0
common,kbar,1.0,8,3200,8,LibraryGreedy,NB,Poisson,6,0.0405405405405405
common,kbar,1.0,8,3200,8,LibraryGreedy,NB,NB,142,0.9594594594594594
common,kbar,1.0,8,3200,8,LibraryGreedy,NB,ZIP,0,0.0
common,kbar,1.0,8,3200,8,LibraryGreedy,NB,Geom,0,0.0
common,kbar,1.0,8,3200,8,LibraryGreedy,NB,Binomial,0,0.0
common,kbar,1.0,8,3200,8,LibraryGreedy,NB,Bernoulli,0,0.0
common,kbar,1.0,8,3200,8,LibraryGreedy,ZIP,Poisson,0,0.0
common,kbar,1.0,8,3200,8,LibraryGreedy,ZIP,NB,1,0.0080645161290322
common,kbar,1.0,8,3200,8,LibraryGreedy,ZIP,ZIP,120,0.967741935483871
common,kbar,1.0,8,3200,8,LibraryGreedy,ZIP,Geom,3,0.0241935483870967
common,kbar,1.0,8,3200,8,LibraryGreedy,ZIP,Binomial,0,0.0
common,kbar,1.0,8,3200,8,LibraryGreedy,ZIP,Bernoulli,0,0.0
common,kbar,1.0,8,3200,8,LibraryGreedy,Geom,Poisson,0,0.0
common,kbar,1.0,8,3200,8,LibraryGreedy,Geom,NB,31,0.2123287671232876
common,kbar,1.0,8,3200,8,LibraryGreedy,Geom,ZIP,0,0.0
common,kbar,1.0,8,3200,8,LibraryGreedy,Geom,Geom,115,0.7876712328767124
common,kbar,1.0,8,3200,8,LibraryGreedy,Geom,Binomial,0,0.0
common,kbar,1.0,8,3200,8,LibraryGreedy,Geom,Bernoulli,0,0.0
common,kbar,1.0,8,3200,8,LibraryGreedy,Binomial,Poisson,8,0.064516129032258
common,kbar,1.0,8,3200,8,LibraryGreedy,Binomial,NB,0,0.0
common,kbar,1.0,8,3200,8,LibraryGreedy,Binomial,ZIP,0,0.0
common,kbar,1.0,8,3200,8,LibraryGreedy,Binomial,Geom,0,0.0
common,kbar,1.0,8,3200,8,LibraryGreedy,Binomial,Binomial,116,0.935483870967742
common,kbar,1.0,8,3200,8,LibraryGreedy,Binomial,Bernoulli,0,0.0
common,kbar,1.0,8,3200,8,LibraryGreedy,Bernoulli,Poisson,8,0.0575539568345323
common,kbar,1.0,8,3200,8,LibraryGreedy,Bernoulli,NB,1,0.0071942446043165
common,kbar,1.0,8,3200,8,LibraryGreedy,Bernoulli,ZIP,1,0.0071942446043165
common,kbar,1.0,8,3200,8,LibraryGreedy,Bernoulli,Geom,4,0.0287769784172661
common,kbar,1.0,8,3200,8,LibraryGreedy,Bernoulli,Binomial,0,0.0
common,kbar,1.0,8,3200,8,LibraryGreedy,Bernoulli,Bernoulli,125,0.8992805755395683
common,kbar,1.0,8,3200,8,OracleDP,Poisson,Poisson,119,1.0
common,kbar,1.0,8,3200,8,OracleDP,Poisson,NB,0,0.0
common,kbar,1.0,8,3200,8,OracleDP,Poisson,ZIP,0,0.0
common,kbar,1.0,8,3200,8,OracleDP,Poisson,Geom,0,0.0
common,kbar,1.0,8,3200,8,OracleDP,Poisson,Binomial,0,0.0
common,kbar,1.0,8,3200,8,OracleDP,Poisson,Bernoulli,0,0.0
common,kbar,1.0,8,3200,8,OracleDP,NB,Poisson,0,0.0
common,kbar,1.0,8,3200,8,OracleDP,NB,NB,148,1.0
common,kbar,1.0,8,3200,8,OracleDP,NB,ZIP,0,0.0
common,kbar,1.0,8,3200,8,OracleDP,NB,Geom,0,0.0
common,kbar,1.0,8,3200,8,OracleDP,NB,Binomial,0,0.0
common,kbar,1.0,8,3200,8,OracleDP,NB,Bernoulli,0,0.0
common,kbar,1.0,8,3200,8,OracleDP,ZIP,Poisson,0,0.0
common,kbar,1.0,8,3200,8,OracleDP,ZIP,NB,0,0.0
common,kbar,1.0,8,3200,8,OracleDP,ZIP,ZIP,124,1.0
common,kbar,1.0,8,3200,8,OracleDP,ZIP,Geom,0,0.0
common,kbar,1.0,8,3200,8,OracleDP,ZIP,Binomial,0,0.0
common,kbar,1.0,8,3200,8,OracleDP,ZIP,Bernoulli,0,0.0
common,kbar,1.0,8,3200,8,OracleDP,Geom,Poisson,0,0.0
common,kbar,1.0,8,3200,8,OracleDP,Geom,NB,0,0.0
common,kbar,1.0,8,3200,8,OracleDP,Geom,ZIP,0,0.0
common,kbar,1.0,8,3200,8,OracleDP,Geom,Geom,146,1.0
common,kbar,1.0,8,3200,8,OracleDP,Geom,Binomial,0,0.0
common,kbar,1.0,8,3200,8,OracleDP,Geom,Bernoulli,0,0.0
common,kbar,1.0,8,3200,8,OracleDP,Binomial,Poisson,0,0.0
common,kbar,1.0,8,3200,8,OracleDP,Binomial,NB,0,0.0
common,kbar,1.0,8,3200,8,OracleDP,Binomial,ZIP,0,0.0
common,kbar,1.0,8,3200,8,OracleDP,Binomial,Geom,0,0.0
common,kbar,1.0,8,3200,8,OracleDP,Binomial,Binomial,124,1.0
common,kbar,1.0,8,3200,8,OracleDP,Binomial,Bernoulli,0,0.0
common,kbar,1.0,8,3200,8,OracleDP,Bernoulli,Poisson,0,0.0
common,kbar,1.0,8,3200,8,OracleDP,Bernoulli,NB,0,0.0
common,kbar,1.0,8,3200,8,OracleDP,Bernoulli,ZIP,0,0.0
common,kbar,1.0,8,3200,8,OracleDP,Bernoulli,Geom,0,0.0
common,kbar,1.0,8,3200,8,OracleDP,Bernoulli,Binomial,0,0.0
common,kbar,1.0,8,3200,8,OracleDP,Bernoulli,Bernoulli,139,1.0
common,kbar,1.5,8,3200,8,LibraryDP,Poisson,Poisson,118,0.9915966386554622
common,kbar,1.5,8,3200,8,LibraryDP,Poisson,NB,1,0.0084033613445378
common,kbar,1.5,8,3200,8,LibraryDP,Poisson,ZIP,0,0.0
common,kbar,1.5,8,3200,8,LibraryDP,Poisson,Geom,0,0.0
common,kbar,1.5,8,3200,8,LibraryDP,Poisson,Binomial,0,0.0
common,kbar,1.5,8,3200,8,LibraryDP,Poisson,Bernoulli,0,0.0
common,kbar,1.5,8,3200,8,LibraryDP,NB,Poisson,5,0.0337837837837837
common,kbar,1.5,8,3200,8,LibraryDP,NB,NB,140,0.945945945945946
common,kbar,1.5,8,3200,8,LibraryDP,NB,ZIP,0,0.0
common,kbar,1.5,8,3200,8,LibraryDP,NB,Geom,3,0.0202702702702702
common,kbar,1.5,8,3200,8,LibraryDP,NB,Binomial,0,0.0
common,kbar,1.5,8,3200,8,LibraryDP,NB,Bernoulli,0,0.0
common,kbar,1.5,8,3200,8,LibraryDP,ZIP,Poisson,0,0.0
common,kbar,1.5,8,3200,8,LibraryDP,ZIP,NB,2,0.0161290322580645
common,kbar,1.5,8,3200,8,LibraryDP,ZIP,ZIP,120,0.967741935483871
common,kbar,1.5,8,3200,8,LibraryDP,ZIP,Geom,2,0.0161290322580645
common,kbar,1.5,8,3200,8,LibraryDP,ZIP,Binomial,0,0.0
common,kbar,1.5,8,3200,8,LibraryDP,ZIP,Bernoulli,0,0.0
common,kbar,1.5,8,3200,8,LibraryDP,Geom,Poisson,0,0.0
common,kbar,1.5,8,3200,8,LibraryDP,Geom,NB,25,0.1712328767123287
common,kbar,1.5,8,3200,8,LibraryDP,Geom,ZIP,0,0.0
common,kbar,1.5,8,3200,8,LibraryDP,Geom,Geom,121,0.8287671232876712
common,kbar,1.5,8,3200,8,LibraryDP,Geom,Binomial,0,0.0
common,kbar,1.5,8,3200,8,LibraryDP,Geom,Bernoulli,0,0.0
common,kbar,1.5,8,3200,8,LibraryDP,Binomial,Poisson,8,0.064516129032258
common,kbar,1.5,8,3200,8,LibraryDP,Binomial,NB,0,0.0
common,kbar,1.5,8,3200,8,LibraryDP,Binomial,ZIP,0,0.0
common,kbar,1.5,8,3200,8,LibraryDP,Binomial,Geom,1,0.0080645161290322
common,kbar,1.5,8,3200,8,LibraryDP,Binomial,Binomial,112,0.9032258064516128
common,kbar,1.5,8,3200,8,LibraryDP,Binomial,Bernoulli,3,0.0241935483870967
common,kbar,1.5,8,3200,8,LibraryDP,Bernoulli,Poisson,14,0.1007194244604316
common,kbar,1.5,8,3200,8,LibraryDP,Bernoulli,NB,0,0.0
common,kbar,1.5,8,3200,8,LibraryDP,Bernoulli,ZIP,0,0.0
common,kbar,1.5,8,3200,8,LibraryDP,Bernoulli,Geom,8,0.0575539568345323
common,kbar,1.5,8,3200,8,LibraryDP,Bernoulli,Binomial,1,0.0071942446043165
common,kbar,1.5,8,3200,8,LibraryDP,Bernoulli,Bernoulli,116,0.8345323741007195
common,kbar,1.5,8,3200,8,LibraryGreedy,Poisson,Poisson,107,0.8991596638655462
common,kbar,1.5,8,3200,8,LibraryGreedy,Poisson,NB,7,0.0588235294117647
common,kbar,1.5,8,3200,8,LibraryGreedy,Poisson,ZIP,1,0.0084033613445378
common,kbar,1.5,8,3200,8,LibraryGreedy,Poisson,Geom,0,0.0
common,kbar,1.5,8,3200,8,LibraryGreedy,Poisson,Binomial,4,0.0336134453781512
common,kbar,1.5,8,3200,8,LibraryGreedy,Poisson,Bernoulli,0,0.0
common,kbar,1.5,8,3200,8,LibraryGreedy,NB,Poisson,6,0.0405405405405405
common,kbar,1.5,8,3200,8,LibraryGreedy,NB,NB,134,0.9054054054054054
common,kbar,1.5,8,3200,8,LibraryGreedy,NB,ZIP,3,0.0202702702702702
common,kbar,1.5,8,3200,8,LibraryGreedy,NB,Geom,4,0.027027027027027
common,kbar,1.5,8,3200,8,LibraryGreedy,NB,Binomial,1,0.0067567567567567
common,kbar,1.5,8,3200,8,LibraryGreedy,NB,Bernoulli,0,0.0
common,kbar,1.5,8,3200,8,LibraryGreedy,ZIP,Poisson,0,0.0
common,kbar,1.5,8,3200,8,LibraryGreedy,ZIP,NB,8,0.064516129032258
common,kbar,1.5,8,3200,8,LibraryGreedy,ZIP,ZIP,113,0.9112903225806452
common,kbar,1.5,8,3200,8,LibraryGreedy,ZIP,Geom,3,0.0241935483870967
common,kbar,1.5,8,3200,8,LibraryGreedy,ZIP,Binomial,0,0.0
common,kbar,1.5,8,3200,8,LibraryGreedy,ZIP,Bernoulli,0,0.0
common,kbar,1.5,8,3200,8,LibraryGreedy,Geom,Poisson,0,0.0
common,kbar,1.5,8,3200,8,LibraryGreedy,Geom,NB,28,0.1917808219178082
common,kbar,1.5,8,3200,8,LibraryGreedy,Geom,ZIP,0,0.0
common,kbar,1.5,8,3200,8,LibraryGreedy,Geom,Geom,118,0.8082191780821918
common,kbar,1.5,8,3200,8,LibraryGreedy,Geom,Binomial,0,0.0
common,kbar,1.5,8,3200,8,LibraryGreedy,Geom,Bernoulli,0,0.0
common,kbar,1.5,8,3200,8,LibraryGreedy,Binomial,Poisson,9,0.0725806451612903
common,kbar,1.5,8,3200,8,LibraryGreedy,Binomial,NB,2,0.0161290322580645
common,kbar,1.5,8,3200,8,LibraryGreedy,Binomial,ZIP,0,0.0
common,kbar,1.5,8,3200,8,LibraryGreedy,Binomial,Geom,0,0.0
common,kbar,1.5,8,3200,8,LibraryGreedy,Binomial,Binomial,107,0.8629032258064516
common,kbar,1.5,8,3200,8,LibraryGreedy,Binomial,Bernoulli,6,0.0483870967741935
common,kbar,1.5,8,3200,8,LibraryGreedy,Bernoulli,Poisson,16,0.1151079136690647
common,kbar,1.5,8,3200,8,LibraryGreedy,Bernoulli,NB,3,0.0215827338129496
common,kbar,1.5,8,3200,8,LibraryGreedy,Bernoulli,ZIP,0,0.0
common,kbar,1.5,8,3200,8,LibraryGreedy,Bernoulli,Geom,8,0.0575539568345323
common,kbar,1.5,8,3200,8,LibraryGreedy,Bernoulli,Binomial,0,0.0
common,kbar,1.5,8,3200,8,LibraryGreedy,Bernoulli,Bernoulli,112,0.8057553956834532
common,kbar,1.5,8,3200,8,OracleDP,Poisson,Poisson,119,1.0
common,kbar,1.5,8,3200,8,OracleDP,Poisson,NB,0,0.0
common,kbar,1.5,8,3200,8,OracleDP,Poisson,ZIP,0,0.0
common,kbar,1.5,8,3200,8,OracleDP,Poisson,Geom,0,0.0
common,kbar,1.5,8,3200,8,OracleDP,Poisson,Binomial,0,0.0
common,kbar,1.5,8,3200,8,OracleDP,Poisson,Bernoulli,0,0.0
common,kbar,1.5,8,3200,8,OracleDP,NB,Poisson,0,0.0
common,kbar,1.5,8,3200,8,OracleDP,NB,NB,148,1.0
common,kbar,1.5,8,3200,8,OracleDP,NB,ZIP,0,0.0
common,kbar,1.5,8,3200,8,OracleDP,NB,Geom,0,0.0
common,kbar,1.5,8,3200,8,OracleDP,NB,Binomial,0,0.0
common,kbar,1.5,8,3200,8,OracleDP,NB,Bernoulli,0,0.0
common,kbar,1.5,8,3200,8,OracleDP,ZIP,Poisson,0,0.0
common,kbar,1.5,8,3200,8,OracleDP,ZIP,NB,0,0.0
common,kbar,1.5,8,3200,8,OracleDP,ZIP,ZIP,124,1.0
common,kbar,1.5,8,3200,8,OracleDP,ZIP,Geom,0,0.0
common,kbar,1.5,8,3200,8,OracleDP,ZIP,Binomial,0,0.0
common,kbar,1.5,8,3200,8,OracleDP,ZIP,Bernoulli,0,0.0
common,kbar,1.5,8,3200,8,OracleDP,Geom,Poisson,0,0.0
common,kbar,1.5,8,3200,8,OracleDP,Geom,NB,0,0.0
common,kbar,1.5,8,3200,8,OracleDP,Geom,ZIP,0,0.0
common,kbar,1.5,8,3200,8,OracleDP,Geom,Geom,146,1.0
common,kbar,1.5,8,3200,8,OracleDP,Geom,Binomial,0,0.0
common,kbar,1.5,8,3200,8,OracleDP,Geom,Bernoulli,0,0.0
common,kbar,1.5,8,3200,8,OracleDP,Binomial,Poisson,0,0.0
common,kbar,1.5,8,3200,8,OracleDP,Binomial,NB,0,0.0
common,kbar,1.5,8,3200,8,OracleDP,Binomial,ZIP,0,0.0
common,kbar,1.5,8,3200,8,OracleDP,Binomial,Geom,0,0.0
common,kbar,1.5,8,3200,8,OracleDP,Binomial,Binomial,124,1.0
common,kbar,1.5,8,3200,8,OracleDP,Binomial,Bernoulli,0,0.0
common,kbar,1.5,8,3200,8,OracleDP,Bernoulli,Poisson,0,0.0
common,kbar,1.5,8,3200,8,OracleDP,Bernoulli,NB,0,0.0
common,kbar,1.5,8,3200,8,OracleDP,Bernoulli,ZIP,0,0.0
common,kbar,1.5,8,3200,8,OracleDP,Bernoulli,Geom,0,0.0
common,kbar,1.5,8,3200,8,OracleDP,Bernoulli,Binomial,0,0.0
common,kbar,1.5,8,3200,8,OracleDP,Bernoulli,Bernoulli,139,1.0
common,kbar,2.0,8,3200,8,LibraryDP,Poisson,Poisson,116,0.9747899159663864
common,kbar,2.0,8,3200,8,LibraryDP,Poisson,NB,3,0.0252100840336134
common,kbar,2.0,8,3200,8,LibraryDP,Poisson,ZIP,0,0.0
common,kbar,2.0,8,3200,8,LibraryDP,Poisson,Geom,0,0.0
common,kbar,2.0,8,3200,8,LibraryDP,Poisson,Binomial,0,0.0
common,kbar,2.0,8,3200,8,LibraryDP,Poisson,Bernoulli,0,0.0
common,kbar,2.0,8,3200,8,LibraryDP,NB,Poisson,6,0.0405405405405405
common,kbar,2.0,8,3200,8,LibraryDP,NB,NB,134,0.9054054054054054
common,kbar,2.0,8,3200,8,LibraryDP,NB,ZIP,3,0.0202702702702702
common,kbar,2.0,8,3200,8,LibraryDP,NB,Geom,4,0.027027027027027
common,kbar,2.0,8,3200,8,LibraryDP,NB,Binomial,0,0.0
common,kbar,2.0,8,3200,8,LibraryDP,NB,Bernoulli,1,0.0067567567567567
common,kbar,2.0,8,3200,8,LibraryDP,ZIP,Poisson,0,0.0
common,kbar,2.0,8,3200,8,LibraryDP,ZIP,NB,1,0.0080645161290322
common,kbar,2.0,8,3200,8,LibraryDP,ZIP,ZIP,115,0.9274193548387096
common,kbar,2.0,8,3200,8,LibraryDP,ZIP,Geom,8,0.064516129032258
common,kbar,2.0,8,3200,8,LibraryDP,ZIP,Binomial,0,0.0
common,kbar,2.0,8,3200,8,LibraryDP,ZIP,Bernoulli,0,0.0
common,kbar,2.0,8,3200,8,LibraryDP,Geom,Poisson,0,0.0
common,kbar,2.0,8,3200,8,LibraryDP,Geom,NB,32,0.2191780821917808
common,kbar,2.0,8,3200,8,LibraryDP,Geom,ZIP,0,0.0
common,kbar,2.0,8,3200,8,LibraryDP,Geom,Geom,114,0.7808219178082192
common,kbar,2.0,8,3200,8,LibraryDP,Geom,Binomial,0,0.0
common,kbar,2.0,8,3200,8,LibraryDP,Geom,Bernoulli,0,0.0
common,kbar,2.0,8,3200,8,LibraryDP,Binomial,Poisson,11,0.0887096774193548
common,kbar,2.0,8,3200,8,LibraryDP,Binomial,NB,0,0.0
common,kbar,2.0,8,3200,8,LibraryDP,Binomial,ZIP,0,0.0
common,kbar,2.0,8,3200,8,LibraryDP,Binomial,Geom,1,0.0080645161290322
common,kbar,2.0,8,3200,8,LibraryDP,Binomial,Binomial,110,0.8870967741935484
common,kbar,2.0,8,3200,8,LibraryDP,Binomial,Bernoulli,2,0.0161290322580645
common,kbar,2.0,8,3200,8,LibraryDP,Bernoulli,Poisson,20,0.1438848920863309
common,kbar,2.0,8,3200,8,LibraryDP,Bernoulli,NB,1,0.0071942446043165
common,kbar,2.0,8,3200,8,LibraryDP,Bernoulli,ZIP,0,0.0
common,kbar,2.0,8,3200,8,LibraryDP,Bernoulli,Geom,13,0.0935251798561151
common,kbar,2.0,8,3200,8,LibraryDP,Bernoulli,Binomial,1,0.0071942446043165
common,kbar,2.0,8,3200,8,LibraryDP,Bernoulli,Bernoulli,104,0.7482014388489209
common,kbar,2.0,8,3200,8,LibraryGreedy,Poisson,Poisson,96,0.8067226890756303
common,kbar,2.0,8,3200,8,LibraryGreedy,Poisson,NB,12,0.1008403361344537
common,kbar,2.0,8,3200,8,LibraryGreedy,Poisson,ZIP,0,0.0
common,kbar,2.0,8,3200,8,LibraryGreedy,Poisson,Geom,0,0.0
common,kbar,2.0,8,3200,8,LibraryGreedy,Poisson,Binomial,10,0.0840336134453781
common,kbar,2.0,8,3200,8,LibraryGreedy,Poisson,Bernoulli,1,0.0084033613445378
common,kbar,2.0,8,3200,8,LibraryGreedy,NB,Poisson,10,0.0675675675675675
common,kbar,2.0,8,3200,8,LibraryGreedy,NB,NB,124,0.8378378378378378
common,kbar,2.0,8,3200,8,LibraryGreedy,NB,ZIP,6,0.0405405405405405
common,kbar,2.0,8,3200,8,LibraryGreedy,NB,Geom,6,0.0405405405405405
common,kbar,2.0,8,3200,8,LibraryGreedy,NB,Binomial,1,0.0067567567567567
common,kbar,2.0,8,3200,8,LibraryGreedy,NB,Bernoulli,1,0.0067567567567567
common,kbar,2.0,8,3200,8,LibraryGreedy,ZIP,Poisson,1,0.0080645161290322
common,kbar,2.0,8,3200,8,LibraryGreedy,ZIP,NB,9,0.0725806451612903
common,kbar,2.0,8,3200,8,LibraryGreedy,ZIP,ZIP,108,0.8709677419354839
common,kbar,2.0,8,3200,8,LibraryGreedy,ZIP,Geom,6,0.0483870967741935
common,kbar,2.0,8,3200,8,LibraryGreedy,ZIP,Binomial,0,0.0
common,kbar,2.0,8,3200,8,LibraryGreedy,ZIP,Bernoulli,0,0.0
common,kbar,2.0,8,3200,8,LibraryGreedy,Geom,Poisson,0,0.0
common,kbar,2.0,8,3200,8,LibraryGreedy,Geom,NB,42,0.2876712328767123
common,kbar,2.0,8,3200,8,LibraryGreedy,Geom,ZIP,1,0.0068493150684931
common,kbar,2.0,8,3200,8,LibraryGreedy,Geom,Geom,103,0.7054794520547946
common,kbar,2.0,8,3200,8,LibraryGreedy,Geom,Binomial,0,0.0
common,kbar,2.0,8,3200,8,LibraryGreedy,Geom,Bernoulli,0,0.0
common,kbar,2.0,8,3200,8,LibraryGreedy,Binomial,Poisson,16,0.1290322580645161
common,kbar,2.0,8,3200,8,LibraryGreedy,Binomial,NB,2,0.0161290322580645
common,kbar,2.0,8,3200,8,LibraryGreedy,Binomial,ZIP,0,0.0
common,kbar,2.0,8,3200,8,LibraryGreedy,Binomial,Geom,0,0.0
common,kbar,2.0,8,3200,8,LibraryGreedy,Binomial,Binomial,101,0.8145161290322581
common,kbar,2.0,8,3200,8,LibraryGreedy,Binomial,Bernoulli,5,0.0403225806451612
common,kbar,2.0,8,3200,8,LibraryGreedy,Bernoulli,Poisson,20,0.1438848920863309
common,kbar,2.0,8,3200,8,LibraryGreedy,Bernoulli,NB,16,0.1151079136690647
common,kbar,2.0,8,3200,8,LibraryGreedy,Bernoulli,ZIP,0,0.0
common,kbar,2.0,8,3200,8,LibraryGreedy,Bernoulli,Geom,14,0.1007194244604316
common,kbar,2.0,8,3200,8,LibraryGreedy,Bernoulli,Binomial,1,0.0071942446043165
common,kbar,2.0,8,3200,8,LibraryGreedy,Bernoulli,Bernoulli,88,0.6330935251798561
common,kbar,2.0,8,3200,8,OracleDP,Poisson,Poisson,119,1.0
common,kbar,2.0,8,3200,8,OracleDP,Poisson,NB,0,0.0
common,kbar,2.0,8,3200,8,OracleDP,Poisson,ZIP,0,0.0
common,kbar,2.0,8,3200,8,OracleDP,Poisson,Geom,0,0.0
common,kbar,2.0,8,3200,8,OracleDP,Poisson,Binomial,0,0.0
common,kbar,2.0,8,3200,8,OracleDP,Poisson,Bernoulli,0,0.0
common,kbar,2.0,8,3200,8,OracleDP,NB,Poisson,0,0.0
common,kbar,2.0,8,3200,8,OracleDP,NB,NB,148,1.0
common,kbar,2.0,8,3200,8,OracleDP,NB,ZIP,0,0.0
common,kbar,2.0,8,3200,8,OracleDP,NB,Geom,0,0.0
common,kbar,2.0,8,3200,8,OracleDP,NB,Binomial,0,0.0
common,kbar,2.0,8,3200,8,OracleDP,NB,Bernoulli,0,0.0
common,kbar,2.0,8,3200,8,OracleDP,ZIP,Poisson,0,0.0
common,kbar,2.0,8,3200,8,OracleDP,ZIP,NB,0,0.0
common,kbar,2.0,8,3200,8,OracleDP,ZIP,ZIP,124,1.0
common,kbar,2.0,8,3200,8,OracleDP,ZIP,Geom,0,0.0
common,kbar,2.0,8,3200,8,OracleDP,ZIP,Binomial,0,0.0
common,kbar,2.0,8,3200,8,OracleDP,ZIP,Bernoulli,0,0.0
common,kbar,2.0,8,3200,8,OracleDP,Geom,Poisson,0,0.0
common,kbar,2.0,8,3200,8,OracleDP,Geom,NB,0,0.0
common,kbar,2.0,8,3200,8,OracleDP,Geom,ZIP,0,0.0
common,kbar,2.0,8,3200,8,OracleDP,Geom,Geom,146,1.0
common,kbar,2.0,8,3200,8,OracleDP,Geom,Binomial,0,0.0
common,kbar,2.0,8,3200,8,OracleDP,Geom,Bernoulli,0,0.0
common,kbar,2.0,8,3200,8,OracleDP,Binomial,Poisson,0,0.0
common,kbar,2.0,8,3200,8,OracleDP,Binomial,NB,0,0.0
common,kbar,2.0,8,3200,8,OracleDP,Binomial,ZIP,0,0.0
common,kbar,2.0,8,3200,8,OracleDP,Binomial,Geom,0,0.0
common,kbar,2.0,8,3200,8,OracleDP,Binomial,Binomial,124,1.0
common,kbar,2.0,8,3200,8,OracleDP,Binomial,Bernoulli,0,0.0
common,kbar,2.0,8,3200,8,OracleDP,Bernoulli,Poisson,0,0.0
common,kbar,2.0,8,3200,8,OracleDP,Bernoulli,NB,0,0.0
common,kbar,2.0,8,3200,8,OracleDP,Bernoulli,ZIP,0,0.0
common,kbar,2.0,8,3200,8,OracleDP,Bernoulli,Geom,0,0.0
common,kbar,2.0,8,3200,8,OracleDP,Bernoulli,Binomial,0,0.0
common,kbar,2.0,8,3200,8,OracleDP,Bernoulli,Bernoulli,139,1.0
common,kbar,2.5,8,3200,8,LibraryDP,Poisson,Poisson,111,0.9327731092436976
common,kbar,2.5,8,3200,8,LibraryDP,Poisson,NB,5,0.042016806722689
common,kbar,2.5,8,3200,8,LibraryDP,Poisson,ZIP,0,0.0
common,kbar,2.5,8,3200,8,LibraryDP,Poisson,Geom,0,0.0
common,kbar,2.5,8,3200,8,LibraryDP,Poisson,Binomial,3,0.0252100840336134
common,kbar,2.5,8,3200,8,LibraryDP,Poisson,Bernoulli,0,0.0
common,kbar,2.5,8,3200,8,LibraryDP,NB,Poisson,10,0.0675675675675675
common,kbar,2.5,8,3200,8,LibraryDP,NB,NB,125,0.8445945945945946
common,kbar,2.5,8,3200,8,LibraryDP,NB,ZIP,5,0.0337837837837837
common,kbar,2.5,8,3200,8,LibraryDP,NB,Geom,4,0.027027027027027
common,kbar,2.5,8,3200,8,LibraryDP,NB,Binomial,1,0.0067567567567567
common,kbar,2.5,8,3200,8,LibraryDP,NB,Bernoulli,3,0.0202702702702702
common,kbar,2.5,8,3200,8,LibraryDP,ZIP,Poisson,0,0.0
common,kbar,2.5,8,3200,8,LibraryDP,ZIP,NB,5,0.0403225806451612
common,kbar,2.5,8,3200,8,LibraryDP,ZIP,ZIP,112,0.9032258064516128
common,kbar,2.5,8,3200,8,LibraryDP,ZIP,Geom,6,0.0483870967741935
common,kbar,2.5,8,3200,8,LibraryDP,ZIP,Binomial,0,0.0
common,kbar,2.5,8,3200,8,LibraryDP,ZIP,Bernoulli,1,0.0080645161290322
common,kbar,2.5,8,3200,8,LibraryDP,Geom,Poisson,0,0.0
common,kbar,2.5,8,3200,8,LibraryDP,Geom,NB,51,0.3493150684931507
common,kbar,2.5,8,3200,8,LibraryDP,Geom,ZIP,0,0.0
common,kbar,2.5,8,3200,8,LibraryDP,Geom,Geom,94,0.6438356164383562
common,kbar,2.5,8,3200,8,LibraryDP,Geom,Binomial,0,0.0
common,kbar,2.5,8,3200,8,LibraryDP,Geom,Bernoulli,1,0.0068493150684931
common,kbar,2.5,8,3200,8,LibraryDP,Binomial,Poisson,10,0.0806451612903225
common,kbar,2.5,8,3200,8,LibraryDP,Binomial,NB,10,0.0806451612903225
common,kbar,2.5,8,3200,8,LibraryDP,Binomial,ZIP,0,0.0
common,kbar,2.5,8,3200,8,LibraryDP,Binomial,Geom,2,0.0161290322580645
common,kbar,2.5,8,3200,8,LibraryDP,Binomial,Binomial,99,0.7983870967741935
common,kbar,2.5,8,3200,8,LibraryDP,Binomial,Bernoulli,3,0.0241935483870967
common,kbar,2.5,8,3200,8,LibraryDP,Bernoulli,Poisson,14,0.1007194244604316
common,kbar,2.5,8,3200,8,LibraryDP,Bernoulli,NB,10,0.0719424460431654
common,kbar,2.5,8,3200,8,LibraryDP,Bernoulli,ZIP,0,0.0
common,kbar,2.5,8,3200,8,LibraryDP,Bernoulli,Geom,13,0.0935251798561151
common,kbar,2.5,8,3200,8,LibraryDP,Bernoulli,Binomial,1,0.0071942446043165
common,kbar,2.5,8,3200,8,LibraryDP,Bernoulli,Bernoulli,101,0.7266187050359713
common,kbar,2.5,8,3200,8,LibraryGreedy,Poisson,Poisson,65,0.5462184873949579
common,kbar,2.5,8,3200,8,LibraryGreedy,Poisson,NB,21,0.1764705882352941
common,kbar,2.5,8,3200,8,LibraryGreedy,Poisson,ZIP,1,0.0084033613445378
common,kbar,2.5,8,3200,8,LibraryGreedy,Poisson,Geom,0,0.0
common,kbar,2.5,8,3200,8,LibraryGreedy,Poisson,Binomial,31,0.2605042016806723
common,kbar,2.5,8,3200,8,LibraryGreedy,Poisson,Bernoulli,1,0.0084033613445378
common,kbar,2.5,8,3200,8,LibraryGreedy,NB,Poisson,17,0.1148648648648648
common,kbar,2.5,8,3200,8,LibraryGreedy,NB,NB,104,0.7027027027027027
common,kbar,2.5,8,3200,8,LibraryGreedy,NB,ZIP,6,0.0405405405405405
common,kbar,2.5,8,3200,8,LibraryGreedy,NB,Geom,11,0.0743243243243243
common,kbar,2.5,8,3200,8,LibraryGreedy,NB,Binomial,7,0.0472972972972973
common,kbar,2.5,8,3200,8,LibraryGreedy,NB,Bernoulli,3,0.0202702702702702
common,kbar,2.5,8,3200,8,LibraryGreedy,ZIP,Poisson,4,0.032258064516129
common,kbar,2.5,8,3200,8,LibraryGreedy,ZIP,NB,20,0.1612903225806451
common,kbar,2.5,8,3200,8,LibraryGreedy,ZIP,ZIP,95,0.7661290322580645
common,kbar,2.5,8,3200,8,LibraryGreedy,ZIP,Geom,4,0.032258064516129
common,kbar,2.5,8,3200,8,LibraryGreedy,ZIP,Binomial,0,0.0
common,kbar,2.5,8,3200,8,LibraryGreedy,ZIP,Bernoulli,1,0.0080645161290322
common,kbar,2.5,8,3200,8,LibraryGreedy,Geom,Poisson,2,0.0136986301369863
common,kbar,2.5,8,3200,8,LibraryGreedy,Geom,NB,62,0.4246575342465753
common,kbar,2.5,8,3200,8,LibraryGreedy,Geom,ZIP,2,0.0136986301369863
common,kbar,2.5,8,3200,8,LibraryGreedy,Geom,Geom,80,0.547945205479452
common,kbar,2.5,8,3200,8,LibraryGreedy,Geom,Binomial,0,0.0
common,kbar,2.5,8,3200,8,LibraryGreedy,Geom,Bernoulli,0,0.0
common,kbar,2.5,8,3200,8,LibraryGreedy,Binomial,Poisson,13,0.1048387096774193
common,kbar,2.5,8,3200,8,LibraryGreedy,Binomial,NB,16,0.1290322580645161
common,kbar,2.5,8,3200,8,LibraryGreedy,Binomial,ZIP,0,0.0
common,kbar,2.5,8,3200,8,LibraryGreedy,Binomial,Geom,1,0.0080645161290322
common,kbar,2.5,8,3200,8,LibraryGreedy,Binomial,Binomial,86,0.6935483870967742
common,kbar,2.5,8,3200,8,LibraryGreedy,Binomial,Bernoulli,8,0.064516129032258
common,kbar,2.5,8,3200,8,LibraryGreedy,Bernoulli,Poisson,19,0.1366906474820144
common,kbar,2.5,8,3200,8,LibraryGreedy,Bernoulli,NB,25,0.1798561151079136
common,kbar,2.5,8,3200,8,LibraryGreedy,Bernoulli,ZIP,3,0.0215827338129496
common,kbar,2.5,8,3200,8,LibraryGreedy,Bernoulli,Geom,14,0.1007194244604316
common,kbar,2.5,8,3200,8,LibraryGreedy,Bernoulli,Binomial,2,0.014388489208633
common,kbar,2.5,8,3200,8,LibraryGreedy,Bernoulli,Bernoulli,76,0.5467625899280576
common,kbar,2.5,8,3200,8,OracleDP,Poisson,Poisson,119,1.0
common,kbar,2.5,8,3200,8,OracleDP,Poisson,NB,0,0.0
common,kbar,2.5,8,3200,8,OracleDP,Poisson,ZIP,0,0.0
common,kbar,2.5,8,3200,8,OracleDP,Poisson,Geom,0,0.0
common,kbar,2.5,8,3200,8,OracleDP,Poisson,Binomial,0,0.0
common,kbar,2.5,8,3200,8,OracleDP,Poisson,Bernoulli,0,0.0
common,kbar,2.5,8,3200,8,OracleDP,NB,Poisson,0,0.0
common,kbar,2.5,8,3200,8,OracleDP,NB,NB,148,1.0
common,kbar,2.5,8,3200,8,OracleDP,NB,ZIP,0,0.0
common,kbar,2.5,8,3200,8,OracleDP,NB,Geom,0,0.0
common,kbar,2.5,8,3200,8,OracleDP,NB,Binomial,0,0.0
common,kbar,2.5,8,3200,8,OracleDP,NB,Bernoulli,0,0.0
common,kbar,2.5,8,3200,8,OracleDP,ZIP,Poisson,0,0.0
common,kbar,2.5,8,3200,8,OracleDP,ZIP,NB,0,0.0
common,kbar,2.5,8,3200,8,OracleDP,ZIP,ZIP,124,1.0
common,kbar,2.5,8,3200,8,OracleDP,ZIP,Geom,0,0.0
common,kbar,2.5,8,3200,8,OracleDP,ZIP,Binomial,0,0.0
common,kbar,2.5,8,3200,8,OracleDP,ZIP,Bernoulli,0,0.0
common,kbar,2.5,8,3200,8,OracleDP,Geom,Poisson,0,0.0
common,kbar,2.5,8,3200,8,OracleDP,Geom,NB,0,0.0
common,kbar,2.5,8,3200,8,OracleDP,Geom,ZIP,0,0.0
common,kbar,2.5,8,3200,8,OracleDP,Geom,Geom,146,1.0
common,kbar,2.5,8,3200,8,OracleDP,Geom,Binomial,0,0.0
common,kbar,2.5,8,3200,8,OracleDP,Geom,Bernoulli,0,0.0
common,kbar,2.5,8,3200,8,OracleDP,Binomial,Poisson,0,0.0
common,kbar,2.5,8,3200,8,OracleDP,Binomial,NB,0,0.0
common,kbar,2.5,8,3200,8,OracleDP,Binomial,ZIP,0,0.0
common,kbar,2.5,8,3200,8,OracleDP,Binomial,Geom,0,0.0
common,kbar,2.5,8,3200,8,OracleDP,Binomial,Binomial,124,1.0
common,kbar,2.5,8,3200,8,OracleDP,Binomial,Bernoulli,0,0.0
common,kbar,2.5,8,3200,8,OracleDP,Bernoulli,Poisson,0,0.0
common,kbar,2.5,8,3200,8,OracleDP,Bernoulli,NB,0,0.0
common,kbar,2.5,8,3200,8,OracleDP,Bernoulli,ZIP,0,0.0
common,kbar,2.5,8,3200,8,OracleDP,Bernoulli,Geom,0,0.0
common,kbar,2.5,8,3200,8,OracleDP,Bernoulli,Binomial,0,0.0
common,kbar,2.5,8,3200,8,OracleDP,Bernoulli,Bernoulli,139,1.0
common,kbar,3.0,8,3200,8,LibraryDP,Poisson,Poisson,90,0.7563025210084033
common,kbar,3.0,8,3200,8,LibraryDP,Poisson,NB,16,0.134453781512605
common,kbar,3.0,8,3200,8,LibraryDP,Poisson,ZIP,0,0.0
common,kbar,3.0,8,3200,8,LibraryDP,Poisson,Geom,0,0.0
common,kbar,3.0,8,3200,8,LibraryDP,Poisson,Binomial,11,0.0924369747899159
common,kbar,3.0,8,3200,8,LibraryDP,Poisson,Bernoulli,2,0.0168067226890756
common,kbar,3.0,8,3200,8,LibraryDP,NB,Poisson,13,0.0878378378378378
common,kbar,3.0,8,3200,8,LibraryDP,NB,NB,116,0.7837837837837838
common,kbar,3.0,8,3200,8,LibraryDP,NB,ZIP,4,0.027027027027027
common,kbar,3.0,8,3200,8,LibraryDP,NB,Geom,8,0.054054054054054
common,kbar,3.0,8,3200,8,LibraryDP,NB,Binomial,1,0.0067567567567567
common,kbar,3.0,8,3200,8,LibraryDP,NB,Bernoulli,6,0.0405405405405405
common,kbar,3.0,8,3200,8,LibraryDP,ZIP,Poisson,1,0.0080645161290322
common,kbar,3.0,8,3200,8,LibraryDP,ZIP,NB,14,0.1129032258064516
common,kbar,3.0,8,3200,8,LibraryDP,ZIP,ZIP,100,0.8064516129032258
common,kbar,3.0,8,3200,8,LibraryDP,ZIP,Geom,5,0.0403225806451612
common,kbar,3.0,8,3200,8,LibraryDP,ZIP,Binomial,0,0.0
common,kbar,3.0,8,3200,8,LibraryDP,ZIP,Bernoulli,4,0.032258064516129
common,kbar,3.0,8,3200,8,LibraryDP,Geom,Poisson,1,0.0068493150684931
common,kbar,3.0,8,3200,8,LibraryDP,Geom,NB,64,0.4383561643835616
common,kbar,3.0,8,3200,8,LibraryDP,Geom,ZIP,0,0.0
common,kbar,3.0,8,3200,8,LibraryDP,Geom,Geom,80,0.547945205479452
common,kbar,3.0,8,3200,8,LibraryDP,Geom,Binomial,0,0.0
common,kbar,3.0,8,3200,8,LibraryDP,Geom,Bernoulli,1,0.0068493150684931
common,kbar,3.0,8,3200,8,LibraryDP,Binomial,Poisson,13,0.1048387096774193
common,kbar,3.0,8,3200,8,LibraryDP,Binomial,NB,15,0.1209677419354838
common,kbar,3.0,8,3200,8,LibraryDP,Binomial,ZIP,0,0.0
common,kbar,3.0,8,3200,8,LibraryDP,Binomial,Geom,0,0.0
common,kbar,3.0,8,3200,8,LibraryDP,Binomial,Binomial,89,0.717741935483871
common,kbar,3.0,8,3200,8,LibraryDP,Binomial,Bernoulli,7,0.0564516129032258
common,kbar,3.0,8,3200,8,LibraryDP,Bernoulli,Poisson,21,0.1510791366906475
common,kbar,3.0,8,3200,8,LibraryDP,Bernoulli,NB,17,0.1223021582733813
common,kbar,3.0,8,3200,8,LibraryDP,Bernoulli,ZIP,1,0.0071942446043165
common,kbar,3.0,8,3200,8,LibraryDP,Bernoulli,Geom,16,0.1151079136690647
common,kbar,3.0,8,3200,8,LibraryDP,Bernoulli,Binomial,1,0.0071942446043165
common,kbar,3.0,8,3200,8,LibraryDP,Bernoulli,Bernoulli,83,0.5971223021582733
common,kbar,3.0,8,3200,8,LibraryGreedy,Poisson,Poisson,44,0.3697478991596639
common,kbar,3.0,8,3200,8,LibraryGreedy,Poisson,NB,30,0.2521008403361344
common,kbar,3.0,8,3200,8,LibraryGreedy,Poisson,ZIP,0,0.0
common,kbar,3.0,8,3200,8,LibraryGreedy,Poisson,Geom,0,0.0
common,kbar,3.0,8,3200,8,LibraryGreedy,Poisson,Binomial,43,0.361344537815126
common,kbar,3.0,8,3200,8,LibraryGreedy,Poisson,Bernoulli,2,0.0168067226890756
common,kbar,3.0,8,3200,8,LibraryGreedy,NB,Poisson,30,0.2027027027027027
common,kbar,3.0,8,3200,8,LibraryGreedy,NB,NB,72,0.4864864864864865
common,kbar,3.0,8,3200,8,LibraryGreedy,NB,ZIP,6,0.0405405405405405
common,kbar,3.0,8,3200,8,LibraryGreedy,NB,Geom,17,0.1148648648648648
common,kbar,3.0,8,3200,8,LibraryGreedy,NB,Binomial,8,0.054054054054054
common,kbar,3.0,8,3200,8,LibraryGreedy,NB,Bernoulli,15,0.1013513513513513
common,kbar,3.0,8,3200,8,LibraryGreedy,ZIP,Poisson,6,0.0483870967741935
common,kbar,3.0,8,3200,8,LibraryGreedy,ZIP,NB,27,0.2177419354838709
common,kbar,3.0,8,3200,8,LibraryGreedy,ZIP,ZIP,77,0.6209677419354839
common,kbar,3.0,8,3200,8,LibraryGreedy,ZIP,Geom,11,0.0887096774193548
common,kbar,3.0,8,3200,8,LibraryGreedy,ZIP,Binomial,0,0.0
common,kbar,3.0,8,3200,8,LibraryGreedy,ZIP,Bernoulli,3,0.0241935483870967
common,kbar,3.0,8,3200,8,LibraryGreedy,Geom,Poisson,3,0.0205479452054794
common,kbar,3.0,8,3200,8,LibraryGreedy,Geom,NB,75,0.5136986301369864
common,kbar,3.0,8,3200,8,LibraryGreedy,Geom,ZIP,0,0.0
common,kbar,3.0,8,3200,8,LibraryGreedy,Geom,Geom,67,0.4589041095890411
common,kbar,3.0,8,3200,8,LibraryGreedy,Geom,Binomial,0,0.0
common,kbar,3.0,8,3200,8,LibraryGreedy,Geom,Bernoulli,1,0.0068493150684931
common,kbar,3.0,8,3200,8,LibraryGreedy,Binomial,Poisson,17,0.1370967741935483
common,kbar,3.0,8,3200,8,LibraryGreedy,Binomial,NB,19,0.1532258064516129
common,kbar,3.0,8,3200,8,LibraryGreedy,Binomial,ZIP,1,0.0080645161290322
common,kbar,3.0,8,3200,8,LibraryGreedy,Binomial,Geom,1,0.0080645161290322
common,kbar,3.0,8,3200,8,LibraryGreedy,Binomial,Binomial,76,0.6129032258064516
common,kbar,3.0,8,3200,8,LibraryGreedy,Binomial,Bernoulli,10,0.0806451612903225
common,kbar,3.0,8,3200,8,LibraryGreedy,Bernoulli,Poisson,20,0.1438848920863309
common,kbar,3.0,8,3200,8,LibraryGreedy,Bernoulli,NB,43,0.3093525179856115
common,kbar,3.0,8,3200,8,LibraryGreedy,Bernoulli,ZIP,6,0.0431654676258992
common,kbar,3.0,8,3200,8,LibraryGreedy,Bernoulli,Geom,11,0.079136690647482
common,kbar,3.0,8,3200,8,LibraryGreedy,Bernoulli,Binomial,4,0.0287769784172661
common,kbar,3.0,8,3200,8,LibraryGreedy,Bernoulli,Bernoulli,55,0.39568345323741
common,kbar,3.0,8,3200,8,OracleDP,Poisson,Poisson,119,1.0
common,kbar,3.0,8,3200,8,OracleDP,Poisson,NB,0,0.0
common,kbar,3.0,8,3200,8,OracleDP,Poisson,ZIP,0,0.0
common,kbar,3.0,8,3200,8,OracleDP,Poisson,Geom,0,0.0
common,kbar,3.0,8,3200,8,OracleDP,Poisson,Binomial,0,0.0
common,kbar,3.0,8,3200,8,OracleDP,Poisson,Bernoulli,0,0.0
common,kbar,3.0,8,3200,8,OracleDP,NB,Poisson,0,0.0
common,kbar,3.0,8,3200,8,OracleDP,NB,NB,148,1.0
common,kbar,3.0,8,3200,8,OracleDP,NB,ZIP,0,0.0
common,kbar,3.0,8,3200,8,OracleDP,NB,Geom,0,0.0
common,kbar,3.0,8,3200,8,OracleDP,NB,Binomial,0,0.0
common,kbar,3.0,8,3200,8,OracleDP,NB,Bernoulli,0,0.0
common,kbar,3.0,8,3200,8,OracleDP,ZIP,Poisson,0,0.0
common,kbar,3.0,8,3200,8,OracleDP,ZIP,NB,0,0.0
common,kbar,3.0,8,3200,8,OracleDP,ZIP,ZIP,124,1.0
common,kbar,3.0,8,3200,8,OracleDP,ZIP,Geom,0,0.0
common,kbar,3.0,8,3200,8,OracleDP,ZIP,Binomial,0,0.0
common,kbar,3.0,8,3200,8,OracleDP,ZIP,Bernoulli,0,0.0
common,kbar,3.0,8,3200,8,OracleDP,Geom,Poisson,0,0.0
common,kbar,3.0,8,3200,8,OracleDP,Geom,NB,0,0.0
common,kbar,3.0,8,3200,8,OracleDP,Geom,ZIP,0,0.0
common,kbar,3.0,8,3200,8,OracleDP,Geom,Geom,146,1.0
common,kbar,3.0,8,3200,8,OracleDP,Geom,Binomial,0,0.0
common,kbar,3.0,8,3200,8,OracleDP,Geom,Bernoulli,0,0.0
common,kbar,3.0,8,3200,8,OracleDP,Binomial,Poisson,0,0.0
common,kbar,3.0,8,3200,8,OracleDP,Binomial,NB,0,0.0
common,kbar,3.0,8,3200,8,OracleDP,Binomial,ZIP,0,0.0
common,kbar,3.0,8,3200,8,OracleDP,Binomial,Geom,0,0.0
common,kbar,3.0,8,3200,8,OracleDP,Binomial,Binomial,124,1.0
common,kbar,3.0,8,3200,8,OracleDP,Binomial,Bernoulli,0,0.0
common,kbar,3.0,8,3200,8,OracleDP,Bernoulli,Poisson,0,0.0
common,kbar,3.0,8,3200,8,OracleDP,Bernoulli,NB,0,0.0
common,kbar,3.0,8,3200,8,OracleDP,Bernoulli,ZIP,0,0.0
common,kbar,3.0,8,3200,8,OracleDP,Bernoulli,Geom,0,0.0
common,kbar,3.0,8,3200,8,OracleDP,Bernoulli,Binomial,0,0.0
common,kbar,3.0,8,3200,8,OracleDP,Bernoulli,Bernoulli,139,1.0
expanded,kbar,1.0,8,3200,8,LibraryDP,Poisson,Poisson,117,0.9831932773109244
expanded,kbar,1.0,8,3200,8,LibraryDP,Poisson,NB,2,0.0168067226890756
expanded,kbar,1.0,8,3200,8,LibraryDP,Poisson,ZIP,0,0.0
expanded,kbar,1.0,8,3200,8,LibraryDP,Poisson,Geom,0,0.0
expanded,kbar,1.0,8,3200,8,LibraryDP,Poisson,Binomial,0,0.0
expanded,kbar,1.0,8,3200,8,LibraryDP,Poisson,Bernoulli,0,0.0
expanded,kbar,1.0,8,3200,8,LibraryDP,NB,Poisson,9,0.0608108108108108
expanded,kbar,1.0,8,3200,8,LibraryDP,NB,NB,138,0.9324324324324323
expanded,kbar,1.0,8,3200,8,LibraryDP,NB,ZIP,0,0.0
expanded,kbar,1.0,8,3200,8,LibraryDP,NB,Geom,1,0.0067567567567567
expanded,kbar,1.0,8,3200,8,LibraryDP,NB,Binomial,0,0.0
expanded,kbar,1.0,8,3200,8,LibraryDP,NB,Bernoulli,0,0.0
expanded,kbar,1.0,8,3200,8,LibraryDP,ZIP,Poisson,1,0.0080645161290322
expanded,kbar,1.0,8,3200,8,LibraryDP,ZIP,NB,5,0.0403225806451612
expanded,kbar,1.0,8,3200,8,LibraryDP,ZIP,ZIP,113,0.9112903225806452
expanded,kbar,1.0,8,3200,8,LibraryDP,ZIP,Geom,4,0.032258064516129
expanded,kbar,1.0,8,3200,8,LibraryDP,ZIP,Binomial,1,0.0080645161290322
expanded,kbar,1.0,8,3200,8,LibraryDP,ZIP,Bernoulli,0,0.0
expanded,kbar,1.0,8,3200,8,LibraryDP,Geom,Poisson,0,0.0
expanded,kbar,1.0,8,3200,8,LibraryDP,Geom,NB,24,0.1643835616438356
expanded,kbar,1.0,8,3200,8,LibraryDP,Geom,ZIP,0,0.0
expanded,kbar,1.0,8,3200,8,LibraryDP,Geom,Geom,120,0.821917808219178
expanded,kbar,1.0,8,3200,8,LibraryDP,Geom,Binomial,1,0.0068493150684931
expanded,kbar,1.0,8,3200,8,LibraryDP,Geom,Bernoulli,1,0.0068493150684931
expanded,kbar,1.0,8,3200,8,LibraryDP,Binomial,Poisson,10,0.0806451612903225
expanded,kbar,1.0,8,3200,8,LibraryDP,Binomial,NB,1,0.0080645161290322
expanded,kbar,1.0,8,3200,8,LibraryDP,Binomial,ZIP,0,0.0
expanded,kbar,1.0,8,3200,8,LibraryDP,Binomial,Geom,1,0.0080645161290322
expanded,kbar,1.0,8,3200,8,LibraryDP,Binomial,Binomial,109,0.8790322580645161
expanded,kbar,1.0,8,3200,8,LibraryDP,Binomial,Bernoulli,3,0.0241935483870967
expanded,kbar,1.0,8,3200,8,LibraryDP,Bernoulli,Poisson,5,0.0359712230215827
expanded,kbar,1.0,8,3200,8,LibraryDP,Bernoulli,NB,4,0.0287769784172661
expanded,kbar,1.0,8,3200,8,LibraryDP,Bernoulli,ZIP,0,0.0
expanded,kbar,1.0,8,3200,8,LibraryDP,Bernoulli,Geom,2,0.014388489208633
expanded,kbar,1.0,8,3200,8,LibraryDP,Bernoulli,Binomial,1,0.0071942446043165
expanded,kbar,1.0,8,3200,8,LibraryDP,Bernoulli,Bernoulli,127,0.9136690647482014
expanded,kbar,1.0,8,3200,8,LibraryGreedy,Poisson,Poisson,116,0.9747899159663864
expanded,kbar,1.0,8,3200,8,LibraryGreedy,Poisson,NB,2,0.0168067226890756
expanded,kbar,1.0,8,3200,8,LibraryGreedy,Poisson,ZIP,0,0.0
expanded,kbar,1.0,8,3200,8,LibraryGreedy,Poisson,Geom,0,0.0
expanded,kbar,1.0,8,3200,8,LibraryGreedy,Poisson,Binomial,1,0.0084033613445378
expanded,kbar,1.0,8,3200,8,LibraryGreedy,Poisson,Bernoulli,0,0.0
expanded,kbar,1.0,8,3200,8,LibraryGreedy,NB,Poisson,10,0.0675675675675675
expanded,kbar,1.0,8,3200,8,LibraryGreedy,NB,NB,134,0.9054054054054054
expanded,kbar,1.0,8,3200,8,LibraryGreedy,NB,ZIP,0,0.0
expanded,kbar,1.0,8,3200,8,LibraryGreedy,NB,Geom,1,0.0067567567567567
expanded,kbar,1.0,8,3200,8,LibraryGreedy,NB,Binomial,2,0.0135135135135135
expanded,kbar,1.0,8,3200,8,LibraryGreedy,NB,Bernoulli,1,0.0067567567567567
expanded,kbar,1.0,8,3200,8,LibraryGreedy,ZIP,Poisson,0,0.0
expanded,kbar,1.0,8,3200,8,LibraryGreedy,ZIP,NB,5,0.0403225806451612
expanded,kbar,1.0,8,3200,8,LibraryGreedy,ZIP,ZIP,109,0.8790322580645161
expanded,kbar,1.0,8,3200,8,LibraryGreedy,ZIP,Geom,8,0.064516129032258
expanded,kbar,1.0,8,3200,8,LibraryGreedy,ZIP,Binomial,1,0.0080645161290322
expanded,kbar,1.0,8,3200,8,LibraryGreedy,ZIP,Bernoulli,1,0.0080645161290322
expanded,kbar,1.0,8,3200,8,LibraryGreedy,Geom,Poisson,1,0.0068493150684931
expanded,kbar,1.0,8,3200,8,LibraryGreedy,Geom,NB,22,0.1506849315068493
expanded,kbar,1.0,8,3200,8,LibraryGreedy,Geom,ZIP,0,0.0
expanded,kbar,1.0,8,3200,8,LibraryGreedy,Geom,Geom,123,0.8424657534246576
expanded,kbar,1.0,8,3200,8,LibraryGreedy,Geom,Binomial,0,0.0
expanded,kbar,1.0,8,3200,8,LibraryGreedy,Geom,Bernoulli,0,0.0
expanded,kbar,1.0,8,3200,8,LibraryGreedy,Binomial,Poisson,11,0.0887096774193548
expanded,kbar,1.0,8,3200,8,LibraryGreedy,Binomial,NB,1,0.0080645161290322
expanded,kbar,1.0,8,3200,8,LibraryGreedy,Binomial,ZIP,0,0.0
expanded,kbar,1.0,8,3200,8,LibraryGreedy,Binomial,Geom,1,0.0080645161290322
expanded,kbar,1.0,8,3200,8,LibraryGreedy,Binomial,Binomial,108,0.8709677419354839
expanded,kbar,1.0,8,3200,8,LibraryGreedy,Binomial,Bernoulli,3,0.0241935483870967
expanded,kbar,1.0,8,3200,8,LibraryGreedy,Bernoulli,Poisson,5,0.0359712230215827
expanded,kbar,1.0,8,3200,8,LibraryGreedy,Bernoulli,NB,4,0.0287769784172661
expanded,kbar,1.0,8,3200,8,LibraryGreedy,Bernoulli,ZIP,2,0.014388489208633
expanded,kbar,1.0,8,3200,8,LibraryGreedy,Bernoulli,Geom,5,0.0359712230215827
expanded,kbar,1.0,8,3200,8,LibraryGreedy,Bernoulli,Binomial,0,0.0
expanded,kbar,1.0,8,3200,8,LibraryGreedy,Bernoulli,Bernoulli,123,0.8848920863309353
expanded,kbar,1.0,8,3200,8,OracleDP,Poisson,Poisson,119,1.0
expanded,kbar,1.0,8,3200,8,OracleDP,Poisson,NB,0,0.0
expanded,kbar,1.0,8,3200,8,OracleDP,Poisson,ZIP,0,0.0
expanded,kbar,1.0,8,3200,8,OracleDP,Poisson,Geom,0,0.0
expanded,kbar,1.0,8,3200,8,OracleDP,Poisson,Binomial,0,0.0
expanded,kbar,1.0,8,3200,8,OracleDP,Poisson,Bernoulli,0,0.0
expanded,kbar,1.0,8,3200,8,OracleDP,NB,Poisson,0,0.0
expanded,kbar,1.0,8,3200,8,OracleDP,NB,NB,148,1.0
expanded,kbar,1.0,8,3200,8,OracleDP,NB,ZIP,0,0.0
expanded,kbar,1.0,8,3200,8,OracleDP,NB,Geom,0,0.0
expanded,kbar,1.0,8,3200,8,OracleDP,NB,Binomial,0,0.0
expanded,kbar,1.0,8,3200,8,OracleDP,NB,Bernoulli,0,0.0
expanded,kbar,1.0,8,3200,8,OracleDP,ZIP,Poisson,0,0.0
expanded,kbar,1.0,8,3200,8,OracleDP,ZIP,NB,0,0.0
expanded,kbar,1.0,8,3200,8,OracleDP,ZIP,ZIP,124,1.0
expanded,kbar,1.0,8,3200,8,OracleDP,ZIP,Geom,0,0.0
expanded,kbar,1.0,8,3200,8,OracleDP,ZIP,Binomial,0,0.0
expanded,kbar,1.0,8,3200,8,OracleDP,ZIP,Bernoulli,0,0.0
expanded,kbar,1.0,8,3200,8,OracleDP,Geom,Poisson,0,0.0
expanded,kbar,1.0,8,3200,8,OracleDP,Geom,NB,0,0.0
expanded,kbar,1.0,8,3200,8,OracleDP,Geom,ZIP,0,0.0
expanded,kbar,1.0,8,3200,8,OracleDP,Geom,Geom,146,1.0
expanded,kbar,1.0,8,3200,8,OracleDP,Geom,Binomial,0,0.0
expanded,kbar,1.0,8,3200,8,OracleDP,Geom,Bernoulli,0,0.0
expanded,kbar,1.0,8,3200,8,OracleDP,Binomial,Poisson,0,0.0
expanded,kbar,1.0,8,3200,8,OracleDP,Binomial,NB,0,0.0
expanded,kbar,1.0,8,3200,8,OracleDP,Binomial,ZIP,0,0.0
expanded,kbar,1.0,8,3200,8,OracleDP,Binomial,Geom,0,0.0
expanded,kbar,1.0,8,3200,8,OracleDP,Binomial,Binomial,124,1.0
expanded,kbar,1.0,8,3200,8,OracleDP,Binomial,Bernoulli,0,0.0
expanded,kbar,1.0,8,3200,8,OracleDP,Bernoulli,Poisson,0,0.0
expanded,kbar,1.0,8,3200,8,OracleDP,Bernoulli,NB,0,0.0
expanded,kbar,1.0,8,3200,8,OracleDP,Bernoulli,ZIP,0,0.0
expanded,kbar,1.0,8,3200,8,OracleDP,Bernoulli,Geom,0,0.0
expanded,kbar,1.0,8,3200,8,OracleDP,Bernoulli,Binomial,0,0.0
expanded,kbar,1.0,8,3200,8,OracleDP,Bernoulli,Bernoulli,139,1.0
expanded,kbar,1.5,8,3200,8,LibraryDP,Poisson,Poisson,111,0.9327731092436976
expanded,kbar,1.5,8,3200,8,LibraryDP,Poisson,NB,7,0.0588235294117647
expanded,kbar,1.5,8,3200,8,LibraryDP,Poisson,ZIP,0,0.0
expanded,kbar,1.5,8,3200,8,LibraryDP,Poisson,Geom,0,0.0
expanded,kbar,1.5,8,3200,8,LibraryDP,Poisson,Binomial,1,0.0084033613445378
expanded,kbar,1.5,8,3200,8,LibraryDP,Poisson,Bernoulli,0,0.0
expanded,kbar,1.5,8,3200,8,LibraryDP,NB,Poisson,12,0.081081081081081
expanded,kbar,1.5,8,3200,8,LibraryDP,NB,NB,126,0.8513513513513513
expanded,kbar,1.5,8,3200,8,LibraryDP,NB,ZIP,2,0.0135135135135135
expanded,kbar,1.5,8,3200,8,LibraryDP,NB,Geom,4,0.027027027027027
expanded,kbar,1.5,8,3200,8,LibraryDP,NB,Binomial,1,0.0067567567567567
expanded,kbar,1.5,8,3200,8,LibraryDP,NB,Bernoulli,3,0.0202702702702702
expanded,kbar,1.5,8,3200,8,LibraryDP,ZIP,Poisson,2,0.0161290322580645
expanded,kbar,1.5,8,3200,8,LibraryDP,ZIP,NB,9,0.0725806451612903
expanded,kbar,1.5,8,3200,8,LibraryDP,ZIP,ZIP,101,0.8145161290322581
expanded,kbar,1.5,8,3200,8,LibraryDP,ZIP,Geom,10,0.0806451612903225
expanded,kbar,1.5,8,3200,8,LibraryDP,ZIP,Binomial,0,0.0
expanded,kbar,1.5,8,3200,8,LibraryDP,ZIP,Bernoulli,2,0.0161290322580645
expanded,kbar,1.5,8,3200,8,LibraryDP,Geom,Poisson,1,0.0068493150684931
expanded,kbar,1.5,8,3200,8,LibraryDP,Geom,NB,36,0.2465753424657534
expanded,kbar,1.5,8,3200,8,LibraryDP,Geom,ZIP,0,0.0
expanded,kbar,1.5,8,3200,8,LibraryDP,Geom,Geom,103,0.7054794520547946
expanded,kbar,1.5,8,3200,8,LibraryDP,Geom,Binomial,1,0.0068493150684931
expanded,kbar,1.5,8,3200,8,LibraryDP,Geom,Bernoulli,5,0.0342465753424657
expanded,kbar,1.5,8,3200,8,LibraryDP,Binomial,Poisson,14,0.1129032258064516
expanded,kbar,1.5,8,3200,8,LibraryDP,Binomial,NB,7,0.0564516129032258
expanded,kbar,1.5,8,3200,8,LibraryDP,Binomial,ZIP,0,0.0
expanded,kbar,1.5,8,3200,8,LibraryDP,Binomial,Geom,3,0.0241935483870967
expanded,kbar,1.5,8,3200,8,LibraryDP,Binomial,Binomial,98,0.7903225806451613
expanded,kbar,1.5,8,3200,8,LibraryDP,Binomial,Bernoulli,2,0.0161290322580645
expanded,kbar,1.5,8,3200,8,LibraryDP,Bernoulli,Poisson,11,0.079136690647482
expanded,kbar,1.5,8,3200,8,LibraryDP,Bernoulli,NB,12,0.0863309352517985
expanded,kbar,1.5,8,3200,8,LibraryDP,Bernoulli,ZIP,0,0.0
expanded,kbar,1.5,8,3200,8,LibraryDP,Bernoulli,Geom,7,0.0503597122302158
expanded,kbar,1.5,8,3200,8,LibraryDP,Bernoulli,Binomial,0,0.0
expanded,kbar,1.5,8,3200,8,LibraryDP,Bernoulli,Bernoulli,109,0.7841726618705036
expanded,kbar,1.5,8,3200,8,LibraryGreedy,Poisson,Poisson,97,0.8151260504201681
expanded,kbar,1.5,8,3200,8,LibraryGreedy,Poisson,NB,12,0.1008403361344537
expanded,kbar,1.5,8,3200,8,LibraryGreedy,Poisson,ZIP,0,0.0
expanded,kbar,1.5,8,3200,8,LibraryGreedy,Poisson,Geom,0,0.0
expanded,kbar,1.5,8,3200,8,LibraryGreedy,Poisson,Binomial,8,0.0672268907563025
expanded,kbar,1.5,8,3200,8,LibraryGreedy,Poisson,Bernoulli,2,0.0168067226890756
expanded,kbar,1.5,8,3200,8,LibraryGreedy,NB,Poisson,13,0.0878378378378378
expanded,kbar,1.5,8,3200,8,LibraryGreedy,NB,NB,114,0.7702702702702703
expanded,kbar,1.5,8,3200,8,LibraryGreedy,NB,ZIP,4,0.027027027027027
expanded,kbar,1.5,8,3200,8,LibraryGreedy,NB,Geom,6,0.0405405405405405
expanded,kbar,1.5,8,3200,8,LibraryGreedy,NB,Binomial,5,0.0337837837837837
expanded,kbar,1.5,8,3200,8,LibraryGreedy,NB,Bernoulli,6,0.0405405405405405
expanded,kbar,1.5,8,3200,8,LibraryGreedy,ZIP,Poisson,6,0.0483870967741935
expanded,kbar,1.5,8,3200,8,LibraryGreedy,ZIP,NB,12,0.0967741935483871
expanded,kbar,1.5,8,3200,8,LibraryGreedy,ZIP,ZIP,93,0.75
expanded,kbar,1.5,8,3200,8,LibraryGreedy,ZIP,Geom,10,0.0806451612903225
expanded,kbar,1.5,8,3200,8,LibraryGreedy,ZIP,Binomial,0,0.0
expanded,kbar,1.5,8,3200,8,LibraryGreedy,ZIP,Bernoulli,3,0.0241935483870967
expanded,kbar,1.5,8,3200,8,LibraryGreedy,Geom,Poisson,2,0.0136986301369863
expanded,kbar,1.5,8,3200,8,LibraryGreedy,Geom,NB,32,0.2191780821917808
expanded,kbar,1.5,8,3200,8,LibraryGreedy,Geom,ZIP,1,0.0068493150684931
expanded,kbar,1.5,8,3200,8,LibraryGreedy,Geom,Geom,109,0.7465753424657534
expanded,kbar,1.5,8,3200,8,LibraryGreedy,Geom,Binomial,0,0.0
expanded,kbar,1.5,8,3200,8,LibraryGreedy,Geom,Bernoulli,2,0.0136986301369863
expanded,kbar,1.5,8,3200,8,LibraryGreedy,Binomial,Poisson,18,0.1451612903225806
expanded,kbar,1.5,8,3200,8,LibraryGreedy,Binomial,NB,6,0.0483870967741935
expanded,kbar,1.5,8,3200,8,LibraryGreedy,Binomial,ZIP,0,0.0
expanded,kbar,1.5,8,3200,8,LibraryGreedy,Binomial,Geom,2,0.0161290322580645
expanded,kbar,1.5,8,3200,8,LibraryGreedy,Binomial,Binomial,95,0.7661290322580645
expanded,kbar,1.5,8,3200,8,LibraryGreedy,Binomial,Bernoulli,3,0.0241935483870967
expanded,kbar,1.5,8,3200,8,LibraryGreedy,Bernoulli,Poisson,9,0.0647482014388489
expanded,kbar,1.5,8,3200,8,LibraryGreedy,Bernoulli,NB,17,0.1223021582733813
expanded,kbar,1.5,8,3200,8,LibraryGreedy,Bernoulli,ZIP,4,0.0287769784172661
expanded,kbar,1.5,8,3200,8,LibraryGreedy,Bernoulli,Geom,11,0.079136690647482
expanded,kbar,1.5,8,3200,8,LibraryGreedy,Bernoulli,Binomial,1,0.0071942446043165
expanded,kbar,1.5,8,3200,8,LibraryGreedy,Bernoulli,Bernoulli,97,0.697841726618705
expanded,kbar,1.5,8,3200,8,OracleDP,Poisson,Poisson,119,1.0
expanded,kbar,1.5,8,3200,8,OracleDP,Poisson,NB,0,0.0
expanded,kbar,1.5,8,3200,8,OracleDP,Poisson,ZIP,0,0.0
expanded,kbar,1.5,8,3200,8,OracleDP,Poisson,Geom,0,0.0
expanded,kbar,1.5,8,3200,8,OracleDP,Poisson,Binomial,0,0.0
expanded,kbar,1.5,8,3200,8,OracleDP,Poisson,Bernoulli,0,0.0
expanded,kbar,1.5,8,3200,8,OracleDP,NB,Poisson,0,0.0
expanded,kbar,1.5,8,3200,8,OracleDP,NB,NB,148,1.0
expanded,kbar,1.5,8,3200,8,OracleDP,NB,ZIP,0,0.0
expanded,kbar,1.5,8,3200,8,OracleDP,NB,Geom,0,0.0
expanded,kbar,1.5,8,3200,8,OracleDP,NB,Binomial,0,0.0
expanded,kbar,1.5,8,3200,8,OracleDP,NB,Bernoulli,0,0.0
expanded,kbar,1.5,8,3200,8,OracleDP,ZIP,Poisson,0,0.0
expanded,kbar,1.5,8,3200,8,OracleDP,ZIP,NB,0,0.0
expanded,kbar,1.5,8,3200,8,OracleDP,ZIP,ZIP,124,1.0
expanded,kbar,1.5,8,3200,8,OracleDP,ZIP,Geom,0,0.0
expanded,kbar,1.5,8,3200,8,OracleDP,ZIP,Binomial,0,0.0
expanded,kbar,1.5,8,3200,8,OracleDP,ZIP,Bernoulli,0,0.0
expanded,kbar,1.5,8,3200,8,OracleDP,Geom,Poisson,0,0.0
expanded,kbar,1.5,8,3200,8,OracleDP,Geom,NB,0,0.0
expanded,kbar,1.5,8,3200,8,OracleDP,Geom,ZIP,0,0.0
expanded,kbar,1.5,8,3200,8,OracleDP,Geom,Geom,146,1.0
expanded,kbar,1.5,8,3200,8,OracleDP,Geom,Binomial,0,0.0
expanded,kbar,1.5,8,3200,8,OracleDP,Geom,Bernoulli,0,0.0
expanded,kbar,1.5,8,3200,8,OracleDP,Binomial,Poisson,0,0.0
expanded,kbar,1.5,8,3200,8,OracleDP,Binomial,NB,0,0.0
expanded,kbar,1.5,8,3200,8,OracleDP,Binomial,ZIP,0,0.0
expanded,kbar,1.5,8,3200,8,OracleDP,Binomial,Geom,0,0.0
expanded,kbar,1.5,8,3200,8,OracleDP,Binomial,Binomial,124,1.0
expanded,kbar,1.5,8,3200,8,OracleDP,Binomial,Bernoulli,0,0.0
expanded,kbar,1.5,8,3200,8,OracleDP,Bernoulli,Poisson,0,0.0
expanded,kbar,1.5,8,3200,8,OracleDP,Bernoulli,NB,0,0.0
expanded,kbar,1.5,8,3200,8,OracleDP,Bernoulli,ZIP,0,0.0
expanded,kbar,1.5,8,3200,8,OracleDP,Bernoulli,Geom,0,0.0
expanded,kbar,1.5,8,3200,8,OracleDP,Bernoulli,Binomial,0,0.0
expanded,kbar,1.5,8,3200,8,OracleDP,Bernoulli,Bernoulli,139,1.0
expanded,kbar,2.0,8,3200,8,LibraryDP,Poisson,Poisson,87,0.7310924369747899
expanded,kbar,2.0,8,3200,8,LibraryDP,Poisson,NB,20,0.1680672268907563
expanded,kbar,2.0,8,3200,8,LibraryDP,Poisson,ZIP,0,0.0
expanded,kbar,2.0,8,3200,8,LibraryDP,Poisson,Geom,0,0.0
expanded,kbar,2.0,8,3200,8,LibraryDP,Poisson,Binomial,8,0.0672268907563025
expanded,kbar,2.0,8,3200,8,LibraryDP,Poisson,Bernoulli,4,0.0336134453781512
expanded,kbar,2.0,8,3200,8,LibraryDP,NB,Poisson,18,0.1216216216216216
expanded,kbar,2.0,8,3200,8,LibraryDP,NB,NB,112,0.7567567567567568
expanded,kbar,2.0,8,3200,8,LibraryDP,NB,ZIP,1,0.0067567567567567
expanded,kbar,2.0,8,3200,8,LibraryDP,NB,Geom,8,0.054054054054054
expanded,kbar,2.0,8,3200,8,LibraryDP,NB,Binomial,1,0.0067567567567567
expanded,kbar,2.0,8,3200,8,LibraryDP,NB,Bernoulli,8,0.054054054054054
expanded,kbar,2.0,8,3200,8,LibraryDP,ZIP,Poisson,4,0.032258064516129
expanded,kbar,2.0,8,3200,8,LibraryDP,ZIP,NB,21,0.1693548387096774
expanded,kbar,2.0,8,3200,8,LibraryDP,ZIP,ZIP,84,0.6774193548387096
expanded,kbar,2.0,8,3200,8,LibraryDP,ZIP,Geom,8,0.064516129032258
expanded,kbar,2.0,8,3200,8,LibraryDP,ZIP,Binomial,0,0.0
expanded,kbar,2.0,8,3200,8,LibraryDP,ZIP,Bernoulli,7,0.0564516129032258
expanded,kbar,2.0,8,3200,8,LibraryDP,Geom,Poisson,1,0.0068493150684931
expanded,kbar,2.0,8,3200,8,LibraryDP,Geom,NB,56,0.3835616438356164
expanded,kbar,2.0,8,3200,8,LibraryDP,Geom,ZIP,1,0.0068493150684931
expanded,kbar,2.0,8,3200,8,LibraryDP,Geom,Geom,86,0.589041095890411
expanded,kbar,2.0,8,3200,8,LibraryDP,Geom,Binomial,0,0.0
expanded,kbar,2.0,8,3200,8,LibraryDP,Geom,Bernoulli,2,0.0136986301369863
expanded,kbar,2.0,8,3200,8,LibraryDP,Binomial,Poisson,13,0.1048387096774193
expanded,kbar,2.0,8,3200,8,LibraryDP,Binomial,NB,16,0.1290322580645161
expanded,kbar,2.0,8,3200,8,LibraryDP,Binomial,ZIP,0,0.0
expanded,kbar,2.0,8,3200,8,LibraryDP,Binomial,Geom,1,0.0080645161290322
expanded,kbar,2.0,8,3200,8,LibraryDP,Binomial,Binomial,92,0.7419354838709677
expanded,kbar,2.0,8,3200,8,LibraryDP,Binomial,Bernoulli,2,0.0161290322580645
expanded,kbar,2.0,8,3200,8,LibraryDP,Bernoulli,Poisson,17,0.1223021582733813
expanded,kbar,2.0,8,3200,8,LibraryDP,Bernoulli,NB,22,0.158273381294964
expanded,kbar,2.0,8,3200,8,LibraryDP,Bernoulli,ZIP,0,0.0
expanded,kbar,2.0,8,3200,8,LibraryDP,Bernoulli,Geom,8,0.0575539568345323
expanded,kbar,2.0,8,3200,8,LibraryDP,Bernoulli,Binomial,2,0.014388489208633
expanded,kbar,2.0,8,3200,8,LibraryDP,Bernoulli,Bernoulli,90,0.6474820143884892
expanded,kbar,2.0,8,3200,8,LibraryGreedy,Poisson,Poisson,59,0.4957983193277311
expanded,kbar,2.0,8,3200,8,LibraryGreedy,Poisson,NB,28,0.2352941176470588
expanded,kbar,2.0,8,3200,8,LibraryGreedy,Poisson,ZIP,0,0.0
expanded,kbar,2.0,8,3200,8,LibraryGreedy,Poisson,Geom,1,0.0084033613445378
expanded,kbar,2.0,8,3200,8,LibraryGreedy,Poisson,Binomial,27,0.226890756302521
expanded,kbar,2.0,8,3200,8,LibraryGreedy,Poisson,Bernoulli,4,0.0336134453781512
expanded,kbar,2.0,8,3200,8,LibraryGreedy,NB,Poisson,20,0.1351351351351351
expanded,kbar,2.0,8,3200,8,LibraryGreedy,NB,NB,97,0.6554054054054054
expanded,kbar,2.0,8,3200,8,LibraryGreedy,NB,ZIP,4,0.027027027027027
expanded,kbar,2.0,8,3200,8,LibraryGreedy,NB,Geom,8,0.054054054054054
expanded,kbar,2.0,8,3200,8,LibraryGreedy,NB,Binomial,4,0.027027027027027
expanded,kbar,2.0,8,3200,8,LibraryGreedy,NB,Bernoulli,15,0.1013513513513513
expanded,kbar,2.0,8,3200,8,LibraryGreedy,ZIP,Poisson,7,0.0564516129032258
expanded,kbar,2.0,8,3200,8,LibraryGreedy,ZIP,NB,19,0.1532258064516129
expanded,kbar,2.0,8,3200,8,LibraryGreedy,ZIP,ZIP,80,0.6451612903225806
expanded,kbar,2.0,8,3200,8,LibraryGreedy,ZIP,Geom,7,0.0564516129032258
expanded,kbar,2.0,8,3200,8,LibraryGreedy,ZIP,Binomial,4,0.032258064516129
expanded,kbar,2.0,8,3200,8,LibraryGreedy,ZIP,Bernoulli,7,0.0564516129032258
expanded,kbar,2.0,8,3200,8,LibraryGreedy,Geom,Poisson,4,0.0273972602739726
expanded,kbar,2.0,8,3200,8,LibraryGreedy,Geom,NB,55,0.3767123287671233
expanded,kbar,2.0,8,3200,8,LibraryGreedy,Geom,ZIP,1,0.0068493150684931
expanded,kbar,2.0,8,3200,8,LibraryGreedy,Geom,Geom,82,0.5616438356164384
expanded,kbar,2.0,8,3200,8,LibraryGreedy,Geom,Binomial,1,0.0068493150684931
expanded,kbar,2.0,8,3200,8,LibraryGreedy,Geom,Bernoulli,3,0.0205479452054794
expanded,kbar,2.0,8,3200,8,LibraryGreedy,Binomial,Poisson,20,0.1612903225806451
expanded,kbar,2.0,8,3200,8,LibraryGreedy,Binomial,NB,19,0.1532258064516129
expanded,kbar,2.0,8,3200,8,LibraryGreedy,Binomial,ZIP,0,0.0
expanded,kbar,2.0,8,3200,8,LibraryGreedy,Binomial,Geom,1,0.0080645161290322
expanded,kbar,2.0,8,3200,8,LibraryGreedy,Binomial,Binomial,78,0.6290322580645161
expanded,kbar,2.0,8,3200,8,LibraryGreedy,Binomial,Bernoulli,6,0.0483870967741935
expanded,kbar,2.0,8,3200,8,LibraryGreedy,Bernoulli,Poisson,14,0.1007194244604316
expanded,kbar,2.0,8,3200,8,LibraryGreedy,Bernoulli,NB,28,0.2014388489208633
expanded,kbar,2.0,8,3200,8,LibraryGreedy,Bernoulli,ZIP,1,0.0071942446043165
expanded,kbar,2.0,8,3200,8,LibraryGreedy,Bernoulli,Geom,15,0.1079136690647482
expanded,kbar,2.0,8,3200,8,LibraryGreedy,Bernoulli,Binomial,2,0.014388489208633
expanded,kbar,2.0,8,3200,8,LibraryGreedy,Bernoulli,Bernoulli,79,0.5683453237410072
expanded,kbar,2.0,8,3200,8,OracleDP,Poisson,Poisson,119,1.0
expanded,kbar,2.0,8,3200,8,OracleDP,Poisson,NB,0,0.0
expanded,kbar,2.0,8,3200,8,OracleDP,Poisson,ZIP,0,0.0
expanded,kbar,2.0,8,3200,8,OracleDP,Poisson,Geom,0,0.0
expanded,kbar,2.0,8,3200,8,OracleDP,Poisson,Binomial,0,0.0
expanded,kbar,2.0,8,3200,8,OracleDP,Poisson,Bernoulli,0,0.0
expanded,kbar,2.0,8,3200,8,OracleDP,NB,Poisson,0,0.0
expanded,kbar,2.0,8,3200,8,OracleDP,NB,NB,148,1.0
expanded,kbar,2.0,8,3200,8,OracleDP,NB,ZIP,0,0.0
expanded,kbar,2.0,8,3200,8,OracleDP,NB,Geom,0,0.0
expanded,kbar,2.0,8,3200,8,OracleDP,NB,Binomial,0,0.0
expanded,kbar,2.0,8,3200,8,OracleDP,NB,Bernoulli,0,0.0
expanded,kbar,2.0,8,3200,8,OracleDP,ZIP,Poisson,0,0.0
expanded,kbar,2.0,8,3200,8,OracleDP,ZIP,NB,0,0.0
expanded,kbar,2.0,8,3200,8,OracleDP,ZIP,ZIP,124,1.0
expanded,kbar,2.0,8,3200,8,OracleDP,ZIP,Geom,0,0.0
expanded,kbar,2.0,8,3200,8,OracleDP,ZIP,Binomial,0,0.0
expanded,kbar,2.0,8,3200,8,OracleDP,ZIP,Bernoulli,0,0.0
expanded,kbar,2.0,8,3200,8,OracleDP,Geom,Poisson,0,0.0
expanded,kbar,2.0,8,3200,8,OracleDP,Geom,NB,0,0.0
expanded,kbar,2.0,8,3200,8,OracleDP,Geom,ZIP,0,0.0
expanded,kbar,2.0,8,3200,8,OracleDP,Geom,Geom,146,1.0
expanded,kbar,2.0,8,3200,8,OracleDP,Geom,Binomial,0,0.0
expanded,kbar,2.0,8,3200,8,OracleDP,Geom,Bernoulli,0,0.0
expanded,kbar,2.0,8,3200,8,OracleDP,Binomial,Poisson,0,0.0
expanded,kbar,2.0,8,3200,8,OracleDP,Binomial,NB,0,0.0
expanded,kbar,2.0,8,3200,8,OracleDP,Binomial,ZIP,0,0.0
expanded,kbar,2.0,8,3200,8,OracleDP,Binomial,Geom,0,0.0
expanded,kbar,2.0,8,3200,8,OracleDP,Binomial,Binomial,124,1.0
expanded,kbar,2.0,8,3200,8,OracleDP,Binomial,Bernoulli,0,0.0
expanded,kbar,2.0,8,3200,8,OracleDP,Bernoulli,Poisson,0,0.0
expanded,kbar,2.0,8,3200,8,OracleDP,Bernoulli,NB,0,0.0
expanded,kbar,2.0,8,3200,8,OracleDP,Bernoulli,ZIP,0,0.0
expanded,kbar,2.0,8,3200,8,OracleDP,Bernoulli,Geom,0,0.0
expanded,kbar,2.0,8,3200,8,OracleDP,Bernoulli,Binomial,0,0.0
expanded,kbar,2.0,8,3200,8,OracleDP,Bernoulli,Bernoulli,139,1.0
expanded,kbar,2.5,8,3200,8,LibraryDP,Poisson,Poisson,77,0.6470588235294118
expanded,kbar,2.5,8,3200,8,LibraryDP,Poisson,NB,25,0.2100840336134453
expanded,kbar,2.5,8,3200,8,LibraryDP,Poisson,ZIP,0,0.0
expanded,kbar,2.5,8,3200,8,LibraryDP,Poisson,Geom,2,0.0168067226890756
expanded,kbar,2.5,8,3200,8,LibraryDP,Poisson,Binomial,11,0.0924369747899159
expanded,kbar,2.5,8,3200,8,LibraryDP,Poisson,Bernoulli,4,0.0336134453781512
expanded,kbar,2.5,8,3200,8,LibraryDP,NB,Poisson,19,0.1283783783783783
expanded,kbar,2.5,8,3200,8,LibraryDP,NB,NB,108,0.7297297297297297
expanded,kbar,2.5,8,3200,8,LibraryDP,NB,ZIP,2,0.0135135135135135
expanded,kbar,2.5,8,3200,8,LibraryDP,NB,Geom,5,0.0337837837837837
expanded,kbar,2.5,8,3200,8,LibraryDP,NB,Binomial,4,0.027027027027027
expanded,kbar,2.5,8,3200,8,LibraryDP,NB,Bernoulli,10,0.0675675675675675
expanded,kbar,2.5,8,3200,8,LibraryDP,ZIP,Poisson,8,0.064516129032258
expanded,kbar,2.5,8,3200,8,LibraryDP,ZIP,NB,24,0.1935483870967742
expanded,kbar,2.5,8,3200,8,LibraryDP,ZIP,ZIP,78,0.6290322580645161
expanded,kbar,2.5,8,3200,8,LibraryDP,ZIP,Geom,8,0.064516129032258
expanded,kbar,2.5,8,3200,8,LibraryDP,ZIP,Binomial,1,0.0080645161290322
expanded,kbar,2.5,8,3200,8,LibraryDP,ZIP,Bernoulli,5,0.0403225806451612
expanded,kbar,2.5,8,3200,8,LibraryDP,Geom,Poisson,2,0.0136986301369863
expanded,kbar,2.5,8,3200,8,LibraryDP,Geom,NB,65,0.4452054794520548
expanded,kbar,2.5,8,3200,8,LibraryDP,Geom,ZIP,1,0.0068493150684931
expanded,kbar,2.5,8,3200,8,LibraryDP,Geom,Geom,72,0.4931506849315068
expanded,kbar,2.5,8,3200,8,LibraryDP,Geom,Binomial,1,0.0068493150684931
expanded,kbar,2.5,8,3200,8,LibraryDP,Geom,Bernoulli,5,0.0342465753424657
expanded,kbar,2.5,8,3200,8,LibraryDP,Binomial,Poisson,9,0.0725806451612903
expanded,kbar,2.5,8,3200,8,LibraryDP,Binomial,NB,29,0.2338709677419354
expanded,kbar,2.5,8,3200,8,LibraryDP,Binomial,ZIP,1,0.0080645161290322
expanded,kbar,2.5,8,3200,8,LibraryDP,Binomial,Geom,2,0.0161290322580645
expanded,kbar,2.5,8,3200,8,LibraryDP,Binomial,Binomial,75,0.6048387096774194
expanded,kbar,2.5,8,3200,8,LibraryDP,Binomial,Bernoulli,8,0.064516129032258
expanded,kbar,2.5,8,3200,8,LibraryDP,Bernoulli,Poisson,18,0.1294964028776978
expanded,kbar,2.5,8,3200,8,LibraryDP,Bernoulli,NB,22,0.158273381294964
expanded,kbar,2.5,8,3200,8,LibraryDP,Bernoulli,ZIP,1,0.0071942446043165
expanded,kbar,2.5,8,3200,8,LibraryDP,Bernoulli,Geom,18,0.1294964028776978
expanded,kbar,2.5,8,3200,8,LibraryDP,Bernoulli,Binomial,1,0.0071942446043165
expanded,kbar,2.5,8,3200,8,LibraryDP,Bernoulli,Bernoulli,79,0.5683453237410072
expanded,kbar,2.5,8,3200,8,LibraryGreedy,Poisson,Poisson,48,0.4033613445378151
expanded,kbar,2.5,8,3200,8,LibraryGreedy,Poisson,NB,28,0.2352941176470588
expanded,kbar,2.5,8,3200,8,LibraryGreedy,Poisson,ZIP,3,0.0252100840336134
expanded,kbar,2.5,8,3200,8,LibraryGreedy,Poisson,Geom,3,0.0252100840336134
expanded,kbar,2.5,8,3200,8,LibraryGreedy,Poisson,Binomial,32,0.2689075630252101
expanded,kbar,2.5,8,3200,8,LibraryGreedy,Poisson,Bernoulli,5,0.042016806722689
expanded,kbar,2.5,8,3200,8,LibraryGreedy,NB,Poisson,27,0.1824324324324324
expanded,kbar,2.5,8,3200,8,LibraryGreedy,NB,NB,76,0.5135135135135135
expanded,kbar,2.5,8,3200,8,LibraryGreedy,NB,ZIP,5,0.0337837837837837
expanded,kbar,2.5,8,3200,8,LibraryGreedy,NB,Geom,11,0.0743243243243243
expanded,kbar,2.5,8,3200,8,LibraryGreedy,NB,Binomial,13,0.0878378378378378
expanded,kbar,2.5,8,3200,8,LibraryGreedy,NB,Bernoulli,16,0.1081081081081081
expanded,kbar,2.5,8,3200,8,LibraryGreedy,ZIP,Poisson,10,0.0806451612903225
expanded,kbar,2.5,8,3200,8,LibraryGreedy,ZIP,NB,28,0.2258064516129032
expanded,kbar,2.5,8,3200,8,LibraryGreedy,ZIP,ZIP,61,0.4919354838709677
expanded,kbar,2.5,8,3200,8,LibraryGreedy,ZIP,Geom,11,0.0887096774193548
expanded,kbar,2.5,8,3200,8,LibraryGreedy,ZIP,Binomial,5,0.0403225806451612
expanded,kbar,2.5,8,3200,8,LibraryGreedy,ZIP,Bernoulli,9,0.0725806451612903
expanded,kbar,2.5,8,3200,8,LibraryGreedy,Geom,Poisson,6,0.0410958904109589
expanded,kbar,2.5,8,3200,8,LibraryGreedy,Geom,NB,60,0.410958904109589
expanded,kbar,2.5,8,3200,8,LibraryGreedy,Geom,ZIP,3,0.0205479452054794
expanded,kbar,2.5,8,3200,8,LibraryGreedy,Geom,Geom,65,0.4452054794520548
expanded,kbar,2.5,8,3200,8,LibraryGreedy,Geom,Binomial,3,0.0205479452054794
expanded,kbar,2.5,8,3200,8,LibraryGreedy,Geom,Bernoulli,9,0.0616438356164383
expanded,kbar,2.5,8,3200,8,LibraryGreedy,Binomial,Poisson,14,0.1129032258064516
expanded,kbar,2.5,8,3200,8,LibraryGreedy,Binomial,NB,25,0.2016129032258064
expanded,kbar,2.5,8,3200,8,LibraryGreedy,Binomial,ZIP,2,0.0161290322580645
expanded,kbar,2.5,8,3200,8,LibraryGreedy,Binomial,Geom,4,0.032258064516129
expanded,kbar,2.5,8,3200,8,LibraryGreedy,Binomial,Binomial,72,0.5806451612903226
expanded,kbar,2.5,8,3200,8,LibraryGreedy,Binomial,Bernoulli,7,0.0564516129032258
expanded,kbar,2.5,8,3200,8,LibraryGreedy,Bernoulli,Poisson,11,0.079136690647482
expanded,kbar,2.5,8,3200,8,LibraryGreedy,Bernoulli,NB,37,0.2661870503597122
expanded,kbar,2.5,8,3200,8,LibraryGreedy,Bernoulli,ZIP,6,0.0431654676258992
expanded,kbar,2.5,8,3200,8,LibraryGreedy,Bernoulli,Geom,14,0.1007194244604316
expanded,kbar,2.5,8,3200,8,LibraryGreedy,Bernoulli,Binomial,3,0.0215827338129496
expanded,kbar,2.5,8,3200,8,LibraryGreedy,Bernoulli,Bernoulli,68,0.4892086330935252
expanded,kbar,2.5,8,3200,8,OracleDP,Poisson,Poisson,119,1.0
expanded,kbar,2.5,8,3200,8,OracleDP,Poisson,NB,0,0.0
expanded,kbar,2.5,8,3200,8,OracleDP,Poisson,ZIP,0,0.0
expanded,kbar,2.5,8,3200,8,OracleDP,Poisson,Geom,0,0.0
expanded,kbar,2.5,8,3200,8,OracleDP,Poisson,Binomial,0,0.0
expanded,kbar,2.5,8,3200,8,OracleDP,Poisson,Bernoulli,0,0.0
expanded,kbar,2.5,8,3200,8,OracleDP,NB,Poisson,0,0.0
expanded,kbar,2.5,8,3200,8,OracleDP,NB,NB,148,1.0
expanded,kbar,2.5,8,3200,8,OracleDP,NB,ZIP,0,0.0
expanded,kbar,2.5,8,3200,8,OracleDP,NB,Geom,0,0.0
expanded,kbar,2.5,8,3200,8,OracleDP,NB,Binomial,0,0.0
expanded,kbar,2.5,8,3200,8,OracleDP,NB,Bernoulli,0,0.0
expanded,kbar,2.5,8,3200,8,OracleDP,ZIP,Poisson,0,0.0
expanded,kbar,2.5,8,3200,8,OracleDP,ZIP,NB,0,0.0
expanded,kbar,2.5,8,3200,8,OracleDP,ZIP,ZIP,124,1.0
expanded,kbar,2.5,8,3200,8,OracleDP,ZIP,Geom,0,0.0
expanded,kbar,2.5,8,3200,8,OracleDP,ZIP,Binomial,0,0.0
expanded,kbar,2.5,8,3200,8,OracleDP,ZIP,Bernoulli,0,0.0
expanded,kbar,2.5,8,3200,8,OracleDP,Geom,Poisson,0,0.0
expanded,kbar,2.5,8,3200,8,OracleDP,Geom,NB,0,0.0
expanded,kbar,2.5,8,3200,8,OracleDP,Geom,ZIP,0,0.0
expanded,kbar,2.5,8,3200,8,OracleDP,Geom,Geom,146,1.0
expanded,kbar,2.5,8,3200,8,OracleDP,Geom,Binomial,0,0.0
expanded,kbar,2.5,8,3200,8,OracleDP,Geom,Bernoulli,0,0.0
expanded,kbar,2.5,8,3200,8,OracleDP,Binomial,Poisson,0,0.0
expanded,kbar,2.5,8,3200,8,OracleDP,Binomial,NB,0,0.0
expanded,kbar,2.5,8,3200,8,OracleDP,Binomial,ZIP,0,0.0
expanded,kbar,2.5,8,3200,8,OracleDP,Binomial,Geom,0,0.0
expanded,kbar,2.5,8,3200,8,OracleDP,Binomial,Binomial,124,1.0
expanded,kbar,2.5,8,3200,8,OracleDP,Binomial,Bernoulli,0,0.0
expanded,kbar,2.5,8,3200,8,OracleDP,Bernoulli,Poisson,0,0.0
expanded,kbar,2.5,8,3200,8,OracleDP,Bernoulli,NB,0,0.0
expanded,kbar,2.5,8,3200,8,OracleDP,Bernoulli,ZIP,0,0.0
expanded,kbar,2.5,8,3200,8,OracleDP,Bernoulli,Geom,0,0.0
expanded,kbar,2.5,8,3200,8,OracleDP,Bernoulli,Binomial,0,0.0
expanded,kbar,2.5,8,3200,8,OracleDP,Bernoulli,Bernoulli,139,1.0
expanded,kbar,3.0,8,3200,8,LibraryDP,Poisson,Poisson,72,0.6050420168067226
expanded,kbar,3.0,8,3200,8,LibraryDP,Poisson,NB,26,0.2184873949579832
expanded,kbar,3.0,8,3200,8,LibraryDP,Poisson,ZIP,2,0.0168067226890756
expanded,kbar,3.0,8,3200,8,LibraryDP,Poisson,Geom,2,0.0168067226890756
expanded,kbar,3.0,8,3200,8,LibraryDP,Poisson,Binomial,11,0.0924369747899159
expanded,kbar,3.0,8,3200,8,LibraryDP,Poisson,Bernoulli,6,0.0504201680672268
expanded,kbar,3.0,8,3200,8,LibraryDP,NB,Poisson,21,0.1418918918918918
expanded,kbar,3.0,8,3200,8,LibraryDP,NB,NB,109,0.7364864864864865
expanded,kbar,3.0,8,3200,8,LibraryDP,NB,ZIP,0,0.0
expanded,kbar,3.0,8,3200,8,LibraryDP,NB,Geom,9,0.0608108108108108
expanded,kbar,3.0,8,3200,8,LibraryDP,NB,Binomial,2,0.0135135135135135
expanded,kbar,3.0,8,3200,8,LibraryDP,NB,Bernoulli,7,0.0472972972972973
expanded,kbar,3.0,8,3200,8,LibraryDP,ZIP,Poisson,11,0.0887096774193548
expanded,kbar,3.0,8,3200,8,LibraryDP,ZIP,NB,32,0.2580645161290322
expanded,kbar,3.0,8,3200,8,LibraryDP,ZIP,ZIP,62,0.5
expanded,kbar,3.0,8,3200,8,LibraryDP,ZIP,Geom,11,0.0887096774193548
expanded,kbar,3.0,8,3200,8,LibraryDP,ZIP,Binomial,1,0.0080645161290322
expanded,kbar,3.0,8,3200,8,LibraryDP,ZIP,Bernoulli,7,0.0564516129032258
expanded,kbar,3.0,8,3200,8,LibraryDP,Geom,Poisson,2,0.0136986301369863
expanded,kbar,3.0,8,3200,8,LibraryDP,Geom,NB,56,0.3835616438356164
expanded,kbar,3.0,8,3200,8,LibraryDP,Geom,ZIP,0,0.0
expanded,kbar,3.0,8,3200,8,LibraryDP,Geom,Geom,86,0.589041095890411
expanded,kbar,3.0,8,3200,8,LibraryDP,Geom,Binomial,1,0.0068493150684931
expanded,kbar,3.0,8,3200,8,LibraryDP,Geom,Bernoulli,1,0.0068493150684931
expanded,kbar,3.0,8,3200,8,LibraryDP,Binomial,Poisson,34,0.2741935483870967
expanded,kbar,3.0,8,3200,8,LibraryDP,Binomial,NB,23,0.1854838709677419
expanded,kbar,3.0,8,3200,8,LibraryDP,Binomial,ZIP,0,0.0
expanded,kbar,3.0,8,3200,8,LibraryDP,Binomial,Geom,2,0.0161290322580645
expanded,kbar,3.0,8,3200,8,LibraryDP,Binomial,Binomial,59,0.4758064516129032
expanded,kbar,3.0,8,3200,8,LibraryDP,Binomial,Bernoulli,6,0.0483870967741935
expanded,kbar,3.0,8,3200,8,LibraryDP,Bernoulli,Poisson,22,0.158273381294964
expanded,kbar,3.0,8,3200,8,LibraryDP,Bernoulli,NB,19,0.1366906474820144
expanded,kbar,3.0,8,3200,8,LibraryDP,Bernoulli,ZIP,2,0.014388489208633
expanded,kbar,3.0,8,3200,8,LibraryDP,Bernoulli,Geom,24,0.1726618705035971
expanded,kbar,3.0,8,3200,8,LibraryDP,Bernoulli,Binomial,0,0.0
expanded,kbar,3.0,8,3200,8,LibraryDP,Bernoulli,Bernoulli,72,0.5179856115107914
expanded,kbar,3.0,8,3200,8,LibraryGreedy,Poisson,Poisson,36,0.3025210084033613
expanded,kbar,3.0,8,3200,8,LibraryGreedy,Poisson,NB,33,0.2773109243697479
expanded,kbar,3.0,8,3200,8,LibraryGreedy,Poisson,ZIP,2,0.0168067226890756
expanded,kbar,3.0,8,3200,8,LibraryGreedy,Poisson,Geom,9,0.0756302521008403
expanded,kbar,3.0,8,3200,8,LibraryGreedy,Poisson,Binomial,29,0.2436974789915966
expanded,kbar,3.0,8,3200,8,LibraryGreedy,Poisson,Bernoulli,10,0.0840336134453781
expanded,kbar,3.0,8,3200,8,LibraryGreedy,NB,Poisson,23,0.1554054054054054
expanded,kbar,3.0,8,3200,8,LibraryGreedy,NB,NB,70,0.4729729729729729
expanded,kbar,3.0,8,3200,8,LibraryGreedy,NB,ZIP,3,0.0202702702702702
expanded,kbar,3.0,8,3200,8,LibraryGreedy,NB,Geom,10,0.0675675675675675
expanded,kbar,3.0,8,3200,8,LibraryGreedy,NB,Binomial,19,0.1283783783783783
expanded,kbar,3.0,8,3200,8,LibraryGreedy,NB,Bernoulli,23,0.1554054054054054
expanded,kbar,3.0,8,3200,8,LibraryGreedy,ZIP,Poisson,18,0.1451612903225806
expanded,kbar,3.0,8,3200,8,LibraryGreedy,ZIP,NB,30,0.2419354838709677
expanded,kbar,3.0,8,3200,8,LibraryGreedy,ZIP,ZIP,48,0.3870967741935484
expanded,kbar,3.0,8,3200,8,LibraryGreedy,ZIP,Geom,11,0.0887096774193548
expanded,kbar,3.0,8,3200,8,LibraryGreedy,ZIP,Binomial,5,0.0403225806451612
expanded,kbar,3.0,8,3200,8,LibraryGreedy,ZIP,Bernoulli,12,0.0967741935483871
expanded,kbar,3.0,8,3200,8,LibraryGreedy,Geom,Poisson,17,0.1164383561643835
expanded,kbar,3.0,8,3200,8,LibraryGreedy,Geom,NB,49,0.3356164383561644
expanded,kbar,3.0,8,3200,8,LibraryGreedy,Geom,ZIP,1,0.0068493150684931
expanded,kbar,3.0,8,3200,8,LibraryGreedy,Geom,Geom,59,0.4041095890410959
expanded,kbar,3.0,8,3200,8,LibraryGreedy,Geom,Binomial,4,0.0273972602739726
expanded,kbar,3.0,8,3200,8,LibraryGreedy,Geom,Bernoulli,16,0.1095890410958904
expanded,kbar,3.0,8,3200,8,LibraryGreedy,Binomial,Poisson,19,0.1532258064516129
expanded,kbar,3.0,8,3200,8,LibraryGreedy,Binomial,NB,23,0.1854838709677419
expanded,kbar,3.0,8,3200,8,LibraryGreedy,Binomial,ZIP,2,0.0161290322580645
expanded,kbar,3.0,8,3200,8,LibraryGreedy,Binomial,Geom,7,0.0564516129032258
expanded,kbar,3.0,8,3200,8,LibraryGreedy,Binomial,Binomial,64,0.5161290322580645
expanded,kbar,3.0,8,3200,8,LibraryGreedy,Binomial,Bernoulli,9,0.0725806451612903
expanded,kbar,3.0,8,3200,8,LibraryGreedy,Bernoulli,Poisson,17,0.1223021582733813
expanded,kbar,3.0,8,3200,8,LibraryGreedy,Bernoulli,NB,40,0.2877697841726618
expanded,kbar,3.0,8,3200,8,LibraryGreedy,Bernoulli,ZIP,7,0.0503597122302158
expanded,kbar,3.0,8,3200,8,LibraryGreedy,Bernoulli,Geom,15,0.1079136690647482
expanded,kbar,3.0,8,3200,8,LibraryGreedy,Bernoulli,Binomial,4,0.0287769784172661
expanded,kbar,3.0,8,3200,8,LibraryGreedy,Bernoulli,Bernoulli,56,0.4028776978417266
expanded,kbar,3.0,8,3200,8,OracleDP,Poisson,Poisson,119,1.0
expanded,kbar,3.0,8,3200,8,OracleDP,Poisson,NB,0,0.0
expanded,kbar,3.0,8,3200,8,OracleDP,Poisson,ZIP,0,0.0
expanded,kbar,3.0,8,3200,8,OracleDP,Poisson,Geom,0,0.0
expanded,kbar,3.0,8,3200,8,OracleDP,Poisson,Binomial,0,0.0
expanded,kbar,3.0,8,3200,8,OracleDP,Poisson,Bernoulli,0,0.0
expanded,kbar,3.0,8,3200,8,OracleDP,NB,Poisson,0,0.0
expanded,kbar,3.0,8,3200,8,OracleDP,NB,NB,148,1.0
expanded,kbar,3.0,8,3200,8,OracleDP,NB,ZIP,0,0.0
expanded,kbar,3.0,8,3200,8,OracleDP,NB,Geom,0,0.0
expanded,kbar,3.0,8,3200,8,OracleDP,NB,Binomial,0,0.0
expanded,kbar,3.0,8,3200,8,OracleDP,NB,Bernoulli,0,0.0
expanded,kbar,3.0,8,3200,8,OracleDP,ZIP,Poisson,0,0.0
expanded,kbar,3.0,8,3200,8,OracleDP,ZIP,NB,0,0.0
expanded,kbar,3.0,8,3200,8,OracleDP,ZIP,ZIP,124,1.0
expanded,kbar,3.0,8,3200,8,OracleDP,ZIP,Geom,0,0.0
expanded,kbar,3.0,8,3200,8,OracleDP,ZIP,Binomial,0,0.0
expanded,kbar,3.0,8,3200,8,OracleDP,ZIP,Bernoulli,0,0.0
expanded,kbar,3.0,8,3200,8,OracleDP,Geom,Poisson,0,0.0
expanded,kbar,3.0,8,3200,8,OracleDP,Geom,NB,0,0.0
expanded,kbar,3.0,8,3200,8,OracleDP,Geom,ZIP,0,0.0
expanded,kbar,3.0,8,3200,8,OracleDP,Geom,Geom,146,1.0
expanded,kbar,3.0,8,3200,8,OracleDP,Geom,Binomial,0,0.0
expanded,kbar,3.0,8,3200,8,OracleDP,Geom,Bernoulli,0,0.0
expanded,kbar,3.0,8,3200,8,OracleDP,Binomial,Poisson,0,0.0
expanded,kbar,3.0,8,3200,8,OracleDP,Binomial,NB,0,0.0
expanded,kbar,3.0,8,3200,8,OracleDP,Binomial,ZIP,0,0.0
expanded,kbar,3.0,8,3200,8,OracleDP,Binomial,Geom,0,0.0
expanded,kbar,3.0,8,3200,8,OracleDP,Binomial,Binomial,124,1.0
expanded,kbar,3.0,8,3200,8,OracleDP,Binomial,Bernoulli,0,0.0
expanded,kbar,3.0,8,3200,8,OracleDP,Bernoulli,Poisson,0,0.0
expanded,kbar,3.0,8,3200,8,OracleDP,Bernoulli,NB,0,0.0
expanded,kbar,3.0,8,3200,8,OracleDP,Bernoulli,ZIP,0,0.0
expanded,kbar,3.0,8,3200,8,OracleDP,Bernoulli,Geom,0,0.0
expanded,kbar,3.0,8,3200,8,OracleDP,Bernoulli,Binomial,0,0.0
expanded,kbar,3.0,8,3200,8,OracleDP,Bernoulli,Bernoulli,139,1.0
