alpha_regime,sweep,anchor_d,anchor_N,kbar_in,d,method,true_family,selected_family,count,row_rate
common,d,4,3200,1.5,4.0,LibraryDP,Poisson,Poisson,67,0.9852941176470588
common,d,4,3200,1.5,4.0,LibraryDP,Poisson,NB,0,0.0
common,d,4,3200,1.5,4.0,LibraryDP,Poisson,ZIP,1,0.0147058823529411
common,d,4,3200,1.5,4.0,LibraryDP,Poisson,Geom,0,0.0
common,d,4,3200,1.5,4.0,LibraryDP,Poisson,Binomial,0,0.0
common,d,4,3200,1.5,4.0,LibraryDP,Poisson,Bernoulli,0,0.0
common,d,4,3200,1.5,4.0,LibraryDP,NB,Poisson,3,0.0416666666666666
common,d,4,3200,1.5,4.0,LibraryDP,NB,NB,68,0.9444444444444444
common,d,4,3200,1.5,4.0,LibraryDP,NB,ZIP,0,0.0
common,d,4,3200,1.5,4.0,LibraryDP,NB,Geom,1,0.0138888888888888
common,d,4,3200,1.5,4.0,LibraryDP,NB,Binomial,0,0.0
common,d,4,3200,1.5,4.0,LibraryDP,NB,Bernoulli,0,0.0
common,d,4,3200,1.5,4.0,LibraryDP,ZIP,Poisson,0,0.0
common,d,4,3200,1.5,4.0,LibraryDP,ZIP,NB,1,0.0136986301369863
common,d,4,3200,1.5,4.0,LibraryDP,ZIP,ZIP,72,0.9863013698630136
common,d,4,3200,1.5,4.0,LibraryDP,ZIP,Geom,0,0.0
common,d,4,3200,1.5,4.0,LibraryDP,ZIP,Binomial,0,0.0
common,d,4,3200,1.5,4.0,LibraryDP,ZIP,Bernoulli,0,0.0
common,d,4,3200,1.5,4.0,LibraryDP,Geom,Poisson,0,0.0
common,d,4,3200,1.5,4.0,LibraryDP,Geom,NB,12,0.2
common,d,4,3200,1.5,4.0,LibraryDP,Geom,ZIP,0,0.0
common,d,4,3200,1.5,4.0,LibraryDP,Geom,Geom,48,0.8
common,d,4,3200,1.5,4.0,LibraryDP,Geom,Binomial,0,0.0
common,d,4,3200,1.5,4.0,LibraryDP,Geom,Bernoulli,0,0.0
common,d,4,3200,1.5,4.0,LibraryDP,Binomial,Poisson,7,0.1076923076923077
common,d,4,3200,1.5,4.0,LibraryDP,Binomial,NB,1,0.0153846153846153
common,d,4,3200,1.5,4.0,LibraryDP,Binomial,ZIP,0,0.0
common,d,4,3200,1.5,4.0,LibraryDP,Binomial,Geom,0,0.0
common,d,4,3200,1.5,4.0,LibraryDP,Binomial,Binomial,56,0.8615384615384616
common,d,4,3200,1.5,4.0,LibraryDP,Binomial,Bernoulli,1,0.0153846153846153
common,d,4,3200,1.5,4.0,LibraryDP,Bernoulli,Poisson,8,0.1290322580645161
common,d,4,3200,1.5,4.0,LibraryDP,Bernoulli,NB,0,0.0
common,d,4,3200,1.5,4.0,LibraryDP,Bernoulli,ZIP,0,0.0
common,d,4,3200,1.5,4.0,LibraryDP,Bernoulli,Geom,2,0.032258064516129
common,d,4,3200,1.5,4.0,LibraryDP,Bernoulli,Binomial,1,0.0161290322580645
common,d,4,3200,1.5,4.0,LibraryDP,Bernoulli,Bernoulli,51,0.8225806451612904
common,d,4,3200,1.5,4.0,LibraryGreedy,Poisson,Poisson,57,0.8382352941176471
common,d,4,3200,1.5,4.0,LibraryGreedy,Poisson,NB,3,0.0441176470588235
common,d,4,3200,1.5,4.0,LibraryGreedy,Poisson,ZIP,1,0.0147058823529411
common,d,4,3200,1.5,4.0,LibraryGreedy,Poisson,Geom,0,0.0
common,d,4,3200,1.5,4.0,LibraryGreedy,Poisson,Binomial,7,0.1029411764705882
common,d,4,3200,1.5,4.0,LibraryGreedy,Poisson,Bernoulli,0,0.0
common,d,4,3200,1.5,4.0,LibraryGreedy,NB,Poisson,6,0.0833333333333333
common,d,4,3200,1.5,4.0,LibraryGreedy,NB,NB,62,0.8611111111111112
common,d,4,3200,1.5,4.0,LibraryGreedy,NB,ZIP,1,0.0138888888888888
common,d,4,3200,1.5,4.0,LibraryGreedy,NB,Geom,2,0.0277777777777777
common,d,4,3200,1.5,4.0,LibraryGreedy,NB,Binomial,0,0.0
common,d,4,3200,1.5,4.0,LibraryGreedy,NB,Bernoulli,1,0.0138888888888888
common,d,4,3200,1.5,4.0,LibraryGreedy,ZIP,Poisson,0,0.0
common,d,4,3200,1.5,4.0,LibraryGreedy,ZIP,NB,4,0.0547945205479452
common,d,4,3200,1.5,4.0,LibraryGreedy,ZIP,ZIP,68,0.9315068493150684
common,d,4,3200,1.5,4.0,LibraryGreedy,ZIP,Geom,1,0.0136986301369863
common,d,4,3200,1.5,4.0,LibraryGreedy,ZIP,Binomial,0,0.0
common,d,4,3200,1.5,4.0,LibraryGreedy,ZIP,Bernoulli,0,0.0
common,d,4,3200,1.5,4.0,LibraryGreedy,Geom,Poisson,0,0.0
common,d,4,3200,1.5,4.0,LibraryGreedy,Geom,NB,18,0.3
common,d,4,3200,1.5,4.0,LibraryGreedy,Geom,ZIP,0,0.0
common,d,4,3200,1.5,4.0,LibraryGreedy,Geom,Geom,42,0.7
common,d,4,3200,1.5,4.0,LibraryGreedy,Geom,Binomial,0,0.0
common,d,4,3200,1.5,4.0,LibraryGreedy,Geom,Bernoulli,0,0.0
common,d,4,3200,1.5,4.0,LibraryGreedy,Binomial,Poisson,7,0.1076923076923077
common,d,4,3200,1.5,4.0,LibraryGreedy,Binomial,NB,2,0.0307692307692307
common,d,4,3200,1.5,4.0,LibraryGreedy,Binomial,ZIP,1,0.0153846153846153
common,d,4,3200,1.5,4.0,LibraryGreedy,Binomial,Geom,0,0.0
common,d,4,3200,1.5,4.0,LibraryGreedy,Binomial,Binomial,54,0.8307692307692308
common,d,4,3200,1.5,4.0,LibraryGreedy,Binomial,Bernoulli,1,0.0153846153846153
common,d,4,3200,1.5,4.0,LibraryGreedy,Bernoulli,Poisson,5,0.0806451612903225
common,d,4,3200,1.5,4.0,LibraryGreedy,Bernoulli,NB,5,0.0806451612903225
common,d,4,3200,1.5,4.0,LibraryGreedy,Bernoulli,ZIP,1,0.0161290322580645
common,d,4,3200,1.5,4.0,LibraryGreedy,Bernoulli,Geom,3,0.0483870967741935
common,d,4,3200,1.5,4.0,LibraryGreedy,Bernoulli,Binomial,1,0.0161290322580645
common,d,4,3200,1.5,4.0,LibraryGreedy,Bernoulli,Bernoulli,47,0.7580645161290323
common,d,4,3200,1.5,4.0,OracleDP,Poisson,Poisson,68,1.0
common,d,4,3200,1.5,4.0,OracleDP,Poisson,NB,0,0.0
common,d,4,3200,1.5,4.0,OracleDP,Poisson,ZIP,0,0.0
common,d,4,3200,1.5,4.0,OracleDP,Poisson,Geom,0,0.0
common,d,4,3200,1.5,4.0,OracleDP,Poisson,Binomial,0,0.0
common,d,4,3200,1.5,4.0,OracleDP,Poisson,Bernoulli,0,0.0
common,d,4,3200,1.5,4.0,OracleDP,NB,Poisson,0,0.0
common,d,4,3200,1.5,4.0,OracleDP,NB,NB,72,1.0
common,d,4,3200,1.5,4.0,OracleDP,NB,ZIP,0,0.0
common,d,4,3200,1.5,4.0,OracleDP,NB,Geom,0,0.0
common,d,4,3200,1.5,4.0,OracleDP,NB,Binomial,0,0.0
common,d,4,3200,1.5,4.0,OracleDP,NB,Bernoulli,0,0.0
common,d,4,3200,1.5,4.0,OracleDP,ZIP,Poisson,0,0.0
common,d,4,3200,1.5,4.0,OracleDP,ZIP,NB,0,0.0
common,d,4,3200,1.5,4.0,OracleDP,ZIP,ZIP,73,1.0
common,d,4,3200,1.5,4.0,OracleDP,ZIP,Geom,0,0.0
common,d,4,3200,1.5,4.0,OracleDP,ZIP,Binomial,0,0.0
common,d,4,3200,1.5,4.0,OracleDP,ZIP,Bernoulli,0,0.0
common,d,4,3200,1.5,4.0,OracleDP,Geom,Poisson,0,0.0
common,d,4,3200,1.5,4.0,OracleDP,Geom,NB,0,0.0
common,d,4,3200,1.5,4.0,OracleDP,Geom,ZIP,0,0.0
common,d,4,3200,1.5,4.0,OracleDP,Geom,Geom,60,1.0
common,d,4,3200,1.5,4.0,OracleDP,Geom,Binomial,0,0.0
common,d,4,3200,1.5,4.0,OracleDP,Geom,Bernoulli,0,0.0
common,d,4,3200,1.5,4.0,OracleDP,Binomial,Poisson,0,0.0
common,d,4,3200,1.5,4.0,OracleDP,Binomial,NB,0,0.0
common,d,4,3200,1.5,4.0,OracleDP,Binomial,ZIP,0,0.0
common,d,4,3200,1.5,4.0,OracleDP,Binomial,Geom,0,0.0
common,d,4,3200,1.5,4.0,OracleDP,Binomial,Binomial,65,1.0
common,d,4,3200,1.5,4.0,OracleDP,Binomial,Bernoulli,0,0.0
common,d,4,3200,1.5,4.0,OracleDP,Bernoulli,Poisson,0,0.0
common,d,4,3200,1.5,4.0,OracleDP,Bernoulli,NB,0,0.0
common,d,4,3200,1.5,4.0,OracleDP,Bernoulli,ZIP,0,0.0
common,d,4,3200,1.5,4.0,OracleDP,Bernoulli,Geom,0,0.0
common,d,4,3200,1.5,4.0,OracleDP,Bernoulli,Binomial,0,0.0
common,d,4,3200,1.5,4.0,OracleDP,Bernoulli,Bernoulli,62,1.0
common,d,5,3200,1.5,5.0,LibraryDP,Poisson,Poisson,83,1.0
common,d,5,3200,1.5,5.0,LibraryDP,Poisson,NB,0,0.0
common,d,5,3200,1.5,5.0,LibraryDP,Poisson,ZIP,0,0.0
common,d,5,3200,1.5,5.0,LibraryDP,Poisson,Geom,0,0.0
common,d,5,3200,1.5,5.0,LibraryDP,Poisson,Binomial,0,0.0
common,d,5,3200,1.5,5.0,LibraryDP,Poisson,Bernoulli,0,0.0
common,d,5,3200,1.5,5.0,LibraryDP,NB,Poisson,6,0.072289156626506
common,d,5,3200,1.5,5.0,LibraryDP,NB,NB,76,0.9156626506024096
common,d,5,3200,1.5,5.0,LibraryDP,NB,ZIP,0,0.0
common,d,5,3200,1.5,5.0,LibraryDP,NB,Geom,0,0.0
common,d,5,3200,1.5,5.0,LibraryDP,NB,Binomial,0,0.0
common,d,5,3200,1.5,5.0,LibraryDP,NB,Bernoulli,1,0.0120481927710843
common,d,5,3200,1.5,5.0,LibraryDP,ZIP,Poisson,0,0.0
common,d,5,3200,1.5,5.0,LibraryDP,ZIP,NB,0,0.0
common,d,5,3200,1.5,5.0,LibraryDP,ZIP,ZIP,87,1.0
common,d,5,3200,1.5,5.0,LibraryDP,ZIP,Geom,0,0.0
common,d,5,3200,1.5,5.0,LibraryDP,ZIP,Binomial,0,0.0
common,d,5,3200,1.5,5.0,LibraryDP,ZIP,Bernoulli,0,0.0
common,d,5,3200,1.5,5.0,LibraryDP,Geom,Poisson,0,0.0
common,d,5,3200,1.5,5.0,LibraryDP,Geom,NB,12,0.1643835616438356
common,d,5,3200,1.5,5.0,LibraryDP,Geom,ZIP,1,0.0136986301369863
common,d,5,3200,1.5,5.0,LibraryDP,Geom,Geom,60,0.821917808219178
common,d,5,3200,1.5,5.0,LibraryDP,Geom,Binomial,0,0.0
common,d,5,3200,1.5,5.0,LibraryDP,Geom,Bernoulli,0,0.0
common,d,5,3200,1.5,5.0,LibraryDP,Binomial,Poisson,4,0.048780487804878
common,d,5,3200,1.5,5.0,LibraryDP,Binomial,NB,0,0.0
common,d,5,3200,1.5,5.0,LibraryDP,Binomial,ZIP,0,0.0
common,d,5,3200,1.5,5.0,LibraryDP,Binomial,Geom,1,0.0121951219512195
common,d,5,3200,1.5,5.0,LibraryDP,Binomial,Binomial,77,0.9390243902439024
common,d,5,3200,1.5,5.0,LibraryDP,Binomial,Bernoulli,0,0.0
common,d,5,3200,1.5,5.0,LibraryDP,Bernoulli,Poisson,6,0.0652173913043478
common,d,5,3200,1.5,5.0,LibraryDP,Bernoulli,NB,0,0.0
common,d,5,3200,1.5,5.0,LibraryDP,Bernoulli,ZIP,0,0.0
common,d,5,3200,1.5,5.0,LibraryDP,Bernoulli,Geom,3,0.0326086956521739
common,d,5,3200,1.5,5.0,LibraryDP,Bernoulli,Binomial,0,0.0
common,d,5,3200,1.5,5.0,LibraryDP,Bernoulli,Bernoulli,83,0.9021739130434784
common,d,5,3200,1.5,5.0,LibraryGreedy,Poisson,Poisson,67,0.8072289156626506
common,d,5,3200,1.5,5.0,LibraryGreedy,Poisson,NB,7,0.0843373493975903
common,d,5,3200,1.5,5.0,LibraryGreedy,Poisson,ZIP,0,0.0
common,d,5,3200,1.5,5.0,LibraryGreedy,Poisson,Geom,1,0.0120481927710843
common,d,5,3200,1.5,5.0,LibraryGreedy,Poisson,Binomial,8,0.0963855421686747
common,d,5,3200,1.5,5.0,LibraryGreedy,Poisson,Bernoulli,0,0.0
common,d,5,3200,1.5,5.0,LibraryGreedy,NB,Poisson,8,0.0963855421686747
common,d,5,3200,1.5,5.0,LibraryGreedy,NB,NB,71,0.8554216867469879
common,d,5,3200,1.5,5.0,LibraryGreedy,NB,ZIP,1,0.0120481927710843
common,d,5,3200,1.5,5.0,LibraryGreedy,NB,Geom,3,0.036144578313253
common,d,5,3200,1.5,5.0,LibraryGreedy,NB,Binomial,0,0.0
common,d,5,3200,1.5,5.0,LibraryGreedy,NB,Bernoulli,0,0.0
common,d,5,3200,1.5,5.0,LibraryGreedy,ZIP,Poisson,0,0.0
common,d,5,3200,1.5,5.0,LibraryGreedy,ZIP,NB,6,0.0689655172413793
common,d,5,3200,1.5,5.0,LibraryGreedy,ZIP,ZIP,81,0.9310344827586208
common,d,5,3200,1.5,5.0,LibraryGreedy,ZIP,Geom,0,0.0
common,d,5,3200,1.5,5.0,LibraryGreedy,ZIP,Binomial,0,0.0
common,d,5,3200,1.5,5.0,LibraryGreedy,ZIP,Bernoulli,0,0.0
common,d,5,3200,1.5,5.0,LibraryGreedy,Geom,Poisson,0,0.0
common,d,5,3200,1.5,5.0,LibraryGreedy,Geom,NB,16,0.2191780821917808
common,d,5,3200,1.5,5.0,LibraryGreedy,Geom,ZIP,1,0.0136986301369863
common,d,5,3200,1.5,5.0,LibraryGreedy,Geom,Geom,56,0.7671232876712328
common,d,5,3200,1.5,5.0,LibraryGreedy,Geom,Binomial,0,0.0
common,d,5,3200,1.5,5.0,LibraryGreedy,Geom,Bernoulli,0,0.0
common,d,5,3200,1.5,5.0,LibraryGreedy,Binomial,Poisson,6,0.073170731707317
common,d,5,3200,1.5,5.0,LibraryGreedy,Binomial,NB,3,0.0365853658536585
common,d,5,3200,1.5,5.0,LibraryGreedy,Binomial,ZIP,0,0.0
common,d,5,3200,1.5,5.0,LibraryGreedy,Binomial,Geom,0,0.0
common,d,5,3200,1.5,5.0,LibraryGreedy,Binomial,Binomial,72,0.8780487804878049
common,d,5,3200,1.5,5.0,LibraryGreedy,Binomial,Bernoulli,1,0.0121951219512195
common,d,5,3200,1.5,5.0,LibraryGreedy,Bernoulli,Poisson,6,0.0652173913043478
common,d,5,3200,1.5,5.0,LibraryGreedy,Bernoulli,NB,11,0.1195652173913043
common,d,5,3200,1.5,5.0,LibraryGreedy,Bernoulli,ZIP,0,0.0
common,d,5,3200,1.5,5.0,LibraryGreedy,Bernoulli,Geom,2,0.0217391304347826
common,d,5,3200,1.5,5.0,LibraryGreedy,Bernoulli,Binomial,1,0.0108695652173913
common,d,5,3200,1.5,5.0,LibraryGreedy,Bernoulli,Bernoulli,72,0.782608695652174
common,d,5,3200,1.5,5.0,OracleDP,Poisson,Poisson,83,1.0
common,d,5,3200,1.5,5.0,OracleDP,Poisson,NB,0,0.0
common,d,5,3200,1.5,5.0,OracleDP,Poisson,ZIP,0,0.0
common,d,5,3200,1.5,5.0,OracleDP,Poisson,Geom,0,0.0
common,d,5,3200,1.5,5.0,OracleDP,Poisson,Binomial,0,0.0
common,d,5,3200,1.5,5.0,OracleDP,Poisson,Bernoulli,0,0.0
common,d,5,3200,1.5,5.0,OracleDP,NB,Poisson,0,0.0
common,d,5,3200,1.5,5.0,OracleDP,NB,NB,83,1.0
common,d,5,3200,1.5,5.0,OracleDP,NB,ZIP,0,0.0
common,d,5,3200,1.5,5.0,OracleDP,NB,Geom,0,0.0
common,d,5,3200,1.5,5.0,OracleDP,NB,Binomial,0,0.0
common,d,5,3200,1.5,5.0,OracleDP,NB,Bernoulli,0,0.0
common,d,5,3200,1.5,5.0,OracleDP,ZIP,Poisson,0,0.0
common,d,5,3200,1.5,5.0,OracleDP,ZIP,NB,0,0.0
common,d,5,3200,1.5,5.0,OracleDP,ZIP,ZIP,87,1.0
common,d,5,3200,1.5,5.0,OracleDP,ZIP,Geom,0,0.0
common,d,5,3200,1.5,5.0,OracleDP,ZIP,Binomial,0,0.0
common,d,5,3200,1.5,5.0,OracleDP,ZIP,Bernoulli,0,0.0
common,d,5,3200,1.5,5.0,OracleDP,Geom,Poisson,0,0.0
common,d,5,3200,1.5,5.0,OracleDP,Geom,NB,0,0.0
common,d,5,3200,1.5,5.0,OracleDP,Geom,ZIP,0,0.0
common,d,5,3200,1.5,5.0,OracleDP,Geom,Geom,73,1.0
common,d,5,3200,1.5,5.0,OracleDP,Geom,Binomial,0,0.0
common,d,5,3200,1.5,5.0,OracleDP,Geom,Bernoulli,0,0.0
common,d,5,3200,1.5,5.0,OracleDP,Binomial,Poisson,0,0.0
common,d,5,3200,1.5,5.0,OracleDP,Binomial,NB,0,0.0
common,d,5,3200,1.5,5.0,OracleDP,Binomial,ZIP,0,0.0
common,d,5,3200,1.5,5.0,OracleDP,Binomial,Geom,0,0.0
common,d,5,3200,1.5,5.0,OracleDP,Binomial,Binomial,82,1.0
common,d,5,3200,1.5,5.0,OracleDP,Binomial,Bernoulli,0,0.0
common,d,5,3200,1.5,5.0,OracleDP,Bernoulli,Poisson,0,0.0
common,d,5,3200,1.5,5.0,OracleDP,Bernoulli,NB,0,0.0
common,d,5,3200,1.5,5.0,OracleDP,Bernoulli,ZIP,0,0.0
common,d,5,3200,1.5,5.0,OracleDP,Bernoulli,Geom,0,0.0
common,d,5,3200,1.5,5.0,OracleDP,Bernoulli,Binomial,0,0.0
common,d,5,3200,1.5,5.0,OracleDP,Bernoulli,Bernoulli,92,1.0
common,d,6,3200,1.5,6.0,LibraryDP,Poisson,Poisson,84,0.9882352941176472
common,d,6,3200,1.5,6.0,LibraryDP,Poisson,NB,0,0.0
common,d,6,3200,1.5,6.0,LibraryDP,Poisson,ZIP,1,0.0117647058823529
common,d,6,3200,1.5,6.0,LibraryDP,Poisson,Geom,0,0.0
common,d,6,3200,1.5,6.0,LibraryDP,Poisson,Binomial,0,0.0
common,d,6,3200,1.5,6.0,LibraryDP,Poisson,Bernoulli,0,0.0
common,d,6,3200,1.5,6.0,LibraryDP,NB,Poisson,3,0.031578947368421
common,d,6,3200,1.5,6.0,LibraryDP,NB,NB,88,0.9263157894736842
common,d,6,3200,1.5,6.0,LibraryDP,NB,ZIP,3,0.031578947368421
common,d,6,3200,1.5,6.0,LibraryDP,NB,Geom,1,0.0105263157894736
common,d,6,3200,1.5,6.0,LibraryDP,NB,Binomial,0,0.0
common,d,6,3200,1.5,6.0,LibraryDP,NB,Bernoulli,0,0.0
common,d,6,3200,1.5,6.0,LibraryDP,ZIP,Poisson,0,0.0
common,d,6,3200,1.5,6.0,LibraryDP,ZIP,NB,1,0.0092592592592592
common,d,6,3200,1.5,6.0,LibraryDP,ZIP,ZIP,102,0.9444444444444444
common,d,6,3200,1.5,6.0,LibraryDP,ZIP,Geom,5,0.0462962962962962
common,d,6,3200,1.5,6.0,LibraryDP,ZIP,Binomial,0,0.0
common,d,6,3200,1.5,6.0,LibraryDP,ZIP,Bernoulli,0,0.0
common,d,6,3200,1.5,6.0,LibraryDP,Geom,Poisson,0,0.0
common,d,6,3200,1.5,6.0,LibraryDP,Geom,NB,21,0.1909090909090909
common,d,6,3200,1.5,6.0,LibraryDP,Geom,ZIP,0,0.0
common,d,6,3200,1.5,6.0,LibraryDP,Geom,Geom,89,0.8090909090909091
common,d,6,3200,1.5,6.0,LibraryDP,Geom,Binomial,0,0.0
common,d,6,3200,1.5,6.0,LibraryDP,Geom,Bernoulli,0,0.0
common,d,6,3200,1.5,6.0,LibraryDP,Binomial,Poisson,9,0.088235294117647
common,d,6,3200,1.5,6.0,LibraryDP,Binomial,NB,0,0.0
common,d,6,3200,1.5,6.0,LibraryDP,Binomial,ZIP,0,0.0
common,d,6,3200,1.5,6.0,LibraryDP,Binomial,Geom,1,0.0098039215686274
common,d,6,3200,1.5,6.0,LibraryDP,Binomial,Binomial,92,0.9019607843137256
common,d,6,3200,1.5,6.0,LibraryDP,Binomial,Bernoulli,0,0.0
common,d,6,3200,1.5,6.0,LibraryDP,Bernoulli,Poisson,10,0.1
common,d,6,3200,1.5,6.0,LibraryDP,Bernoulli,NB,0,0.0
common,d,6,3200,1.5,6.0,LibraryDP,Bernoulli,ZIP,0,0.0
common,d,6,3200,1.5,6.0,LibraryDP,Bernoulli,Geom,3,0.03
common,d,6,3200,1.5,6.0,LibraryDP,Bernoulli,Binomial,0,0.0
common,d,6,3200,1.5,6.0,LibraryDP,Bernoulli,Bernoulli,87,0.87
common,d,6,3200,1.5,6.0,LibraryGreedy,Poisson,Poisson,72,0.8470588235294118
common,d,6,3200,1.5,6.0,LibraryGreedy,Poisson,NB,3,0.0352941176470588
common,d,6,3200,1.5,6.0,LibraryGreedy,Poisson,ZIP,1,0.0117647058823529
common,d,6,3200,1.5,6.0,LibraryGreedy,Poisson,Geom,0,0.0
common,d,6,3200,1.5,6.0,LibraryGreedy,Poisson,Binomial,8,0.0941176470588235
common,d,6,3200,1.5,6.0,LibraryGreedy,Poisson,Bernoulli,1,0.0117647058823529
common,d,6,3200,1.5,6.0,LibraryGreedy,NB,Poisson,5,0.0526315789473684
common,d,6,3200,1.5,6.0,LibraryGreedy,NB,NB,84,0.8842105263157894
common,d,6,3200,1.5,6.0,LibraryGreedy,NB,ZIP,3,0.031578947368421
common,d,6,3200,1.5,6.0,LibraryGreedy,NB,Geom,2,0.0210526315789473
common,d,6,3200,1.5,6.0,LibraryGreedy,NB,Binomial,1,0.0105263157894736
common,d,6,3200,1.5,6.0,LibraryGreedy,NB,Bernoulli,0,0.0
common,d,6,3200,1.5,6.0,LibraryGreedy,ZIP,Poisson,2,0.0185185185185185
common,d,6,3200,1.5,6.0,LibraryGreedy,ZIP,NB,7,0.0648148148148148
common,d,6,3200,1.5,6.0,LibraryGreedy,ZIP,ZIP,97,0.8981481481481481
common,d,6,3200,1.5,6.0,LibraryGreedy,ZIP,Geom,2,0.0185185185185185
common,d,6,3200,1.5,6.0,LibraryGreedy,ZIP,Binomial,0,0.0
common,d,6,3200,1.5,6.0,LibraryGreedy,ZIP,Bernoulli,0,0.0
common,d,6,3200,1.5,6.0,LibraryGreedy,Geom,Poisson,0,0.0
common,d,6,3200,1.5,6.0,LibraryGreedy,Geom,NB,24,0.2181818181818181
common,d,6,3200,1.5,6.0,LibraryGreedy,Geom,ZIP,1,0.009090909090909
common,d,6,3200,1.5,6.0,LibraryGreedy,Geom,Geom,85,0.7727272727272727
common,d,6,3200,1.5,6.0,LibraryGreedy,Geom,Binomial,0,0.0
common,d,6,3200,1.5,6.0,LibraryGreedy,Geom,Bernoulli,0,0.0
common,d,6,3200,1.5,6.0,LibraryGreedy,Binomial,Poisson,12,0.1176470588235294
common,d,6,3200,1.5,6.0,LibraryGreedy,Binomial,NB,3,0.0294117647058823
common,d,6,3200,1.5,6.0,LibraryGreedy,Binomial,ZIP,0,0.0
common,d,6,3200,1.5,6.0,LibraryGreedy,Binomial,Geom,1,0.0098039215686274
common,d,6,3200,1.5,6.0,LibraryGreedy,Binomial,Binomial,86,0.8431372549019608
common,d,6,3200,1.5,6.0,LibraryGreedy,Binomial,Bernoulli,0,0.0
common,d,6,3200,1.5,6.0,LibraryGreedy,Bernoulli,Poisson,10,0.1
common,d,6,3200,1.5,6.0,LibraryGreedy,Bernoulli,NB,8,0.08
common,d,6,3200,1.5,6.0,LibraryGreedy,Bernoulli,ZIP,0,0.0
common,d,6,3200,1.5,6.0,LibraryGreedy,Bernoulli,Geom,4,0.04
common,d,6,3200,1.5,6.0,LibraryGreedy,Bernoulli,Binomial,0,0.0
common,d,6,3200,1.5,6.0,LibraryGreedy,Bernoulli,Bernoulli,78,0.78
common,d,6,3200,1.5,6.0,OracleDP,Poisson,Poisson,85,1.0
common,d,6,3200,1.5,6.0,OracleDP,Poisson,NB,0,0.0
common,d,6,3200,1.5,6.0,OracleDP,Poisson,ZIP,0,0.0
common,d,6,3200,1.5,6.0,OracleDP,Poisson,Geom,0,0.0
common,d,6,3200,1.5,6.0,OracleDP,Poisson,Binomial,0,0.0
common,d,6,3200,1.5,6.0,OracleDP,Poisson,Bernoulli,0,0.0
common,d,6,3200,1.5,6.0,OracleDP,NB,Poisson,0,0.0
common,d,6,3200,1.5,6.0,OracleDP,NB,NB,95,1.0
common,d,6,3200,1.5,6.0,OracleDP,NB,ZIP,0,0.0
common,d,6,3200,1.5,6.0,OracleDP,NB,Geom,0,0.0
common,d,6,3200,1.5,6.0,OracleDP,NB,Binomial,0,0.0
common,d,6,3200,1.5,6.0,OracleDP,NB,Bernoulli,0,0.0
common,d,6,3200,1.5,6.0,OracleDP,ZIP,Poisson,0,0.0
common,d,6,3200,1.5,6.0,OracleDP,ZIP,NB,0,0.0
common,d,6,3200,1.5,6.0,OracleDP,ZIP,ZIP,108,1.0
common,d,6,3200,1.5,6.0,OracleDP,ZIP,Geom,0,0.0
common,d,6,3200,1.5,6.0,OracleDP,ZIP,Binomial,0,0.0
common,d,6,3200,1.5,6.0,OracleDP,ZIP,Bernoulli,0,0.0
common,d,6,3200,1.5,6.0,OracleDP,Geom,Poisson,0,0.0
common,d,6,3200,1.5,6.0,OracleDP,Geom,NB,0,0.0
common,d,6,3200,1.5,6.0,OracleDP,Geom,ZIP,0,0.0
common,d,6,3200,1.5,6.0,OracleDP,Geom,Geom,110,1.0
common,d,6,3200,1.5,6.0,OracleDP,Geom,Binomial,0,0.0
common,d,6,3200,1.5,6.0,OracleDP,Geom,Bernoulli,0,0.0
common,d,6,3200,1.5,6.0,OracleDP,Binomial,Poisson,0,0.0
common,d,6,3200,1.5,6.0,OracleDP,Binomial,NB,0,0.0
common,d,6,3200,1.5,6.0,OracleDP,Binomial,ZIP,0,0.0
common,d,6,3200,1.5,6.0,OracleDP,Binomial,Geom,0,0.0
common,d,6,3200,1.5,6.0,OracleDP,Binomial,Binomial,102,1.0
common,d,6,3200,1.5,6.0,OracleDP,Binomial,Bernoulli,0,0.0
common,d,6,3200,1.5,6.0,OracleDP,Bernoulli,Poisson,0,0.0
common,d,6,3200,1.5,6.0,OracleDP,Bernoulli,NB,0,0.0
common,d,6,3200,1.5,6.0,OracleDP,Bernoulli,ZIP,0,0.0
common,d,6,3200,1.5,6.0,OracleDP,Bernoulli,Geom,0,0.0
common,d,6,3200,1.5,6.0,OracleDP,Bernoulli,Binomial,0,0.0
common,d,6,3200,1.5,6.0,OracleDP,Bernoulli,Bernoulli,100,1.0
common,d,7,3200,1.5,7.0,LibraryDP,Poisson,Poisson,125,1.0
common,d,7,3200,1.5,7.0,LibraryDP,Poisson,NB,0,0.0
common,d,7,3200,1.5,7.0,LibraryDP,Poisson,ZIP,0,0.0
common,d,7,3200,1.5,7.0,LibraryDP,Poisson,Geom,0,0.0
common,d,7,3200,1.5,7.0,LibraryDP,Poisson,Binomial,0,0.0
common,d,7,3200,1.5,7.0,LibraryDP,Poisson,Bernoulli,0,0.0
common,d,7,3200,1.5,7.0,LibraryDP,NB,Poisson,11,0.1157894736842105
common,d,7,3200,1.5,7.0,LibraryDP,NB,NB,82,0.8631578947368421
common,d,7,3200,1.5,7.0,LibraryDP,NB,ZIP,0,0.0
common,d,7,3200,1.5,7.0,LibraryDP,NB,Geom,2,0.0210526315789473
common,d,7,3200,1.5,7.0,LibraryDP,NB,Binomial,0,0.0
common,d,7,3200,1.5,7.0,LibraryDP,NB,Bernoulli,0,0.0
common,d,7,3200,1.5,7.0,LibraryDP,ZIP,Poisson,0,0.0
common,d,7,3200,1.5,7.0,LibraryDP,ZIP,NB,0,0.0
common,d,7,3200,1.5,7.0,LibraryDP,ZIP,ZIP,100,0.9345794392523364
common,d,7,3200,1.5,7.0,LibraryDP,ZIP,Geom,6,0.0560747663551401
common,d,7,3200,1.5,7.0,LibraryDP,ZIP,Binomial,0,0.0
common,d,7,3200,1.5,7.0,LibraryDP,ZIP,Bernoulli,1,0.0093457943925233
common,d,7,3200,1.5,7.0,LibraryDP,Geom,Poisson,0,0.0
common,d,7,3200,1.5,7.0,LibraryDP,Geom,NB,21,0.1962616822429906
common,d,7,3200,1.5,7.0,LibraryDP,Geom,ZIP,0,0.0
common,d,7,3200,1.5,7.0,LibraryDP,Geom,Geom,86,0.8037383177570093
common,d,7,3200,1.5,7.0,LibraryDP,Geom,Binomial,0,0.0
common,d,7,3200,1.5,7.0,LibraryDP,Geom,Bernoulli,0,0.0
common,d,7,3200,1.5,7.0,LibraryDP,Binomial,Poisson,14,0.1
common,d,7,3200,1.5,7.0,LibraryDP,Binomial,NB,1,0.0071428571428571
common,d,7,3200,1.5,7.0,LibraryDP,Binomial,ZIP,0,0.0
common,d,7,3200,1.5,7.0,LibraryDP,Binomial,Geom,0,0.0
common,d,7,3200,1.5,7.0,LibraryDP,Binomial,Binomial,125,0.8928571428571429
common,d,7,3200,1.5,7.0,LibraryDP,Binomial,Bernoulli,0,0.0
common,d,7,3200,1.5,7.0,LibraryDP,Bernoulli,Poisson,14,0.1111111111111111
common,d,7,3200,1.5,7.0,LibraryDP,Bernoulli,NB,0,0.0
common,d,7,3200,1.5,7.0,LibraryDP,Bernoulli,ZIP,0,0.0
common,d,7,3200,1.5,7.0,LibraryDP,Bernoulli,Geom,3,0.0238095238095238
common,d,7,3200,1.5,7.0,LibraryDP,Bernoulli,Binomial,0,0.0
common,d,7,3200,1.5,7.0,LibraryDP,Bernoulli,Bernoulli,109,0.8650793650793651
common,d,7,3200,1.5,7.0,LibraryGreedy,Poisson,Poisson,110,0.88
common,d,7,3200,1.5,7.0,LibraryGreedy,Poisson,NB,8,0.064
common,d,7,3200,1.5,7.0,LibraryGreedy,Poisson,ZIP,0,0.0
common,d,7,3200,1.5,7.0,LibraryGreedy,Poisson,Geom,0,0.0
common,d,7,3200,1.5,7.0,LibraryGreedy,Poisson,Binomial,6,0.048
common,d,7,3200,1.5,7.0,LibraryGreedy,Poisson,Bernoulli,1,0.008
common,d,7,3200,1.5,7.0,LibraryGreedy,NB,Poisson,12,0.1263157894736842
common,d,7,3200,1.5,7.0,LibraryGreedy,NB,NB,78,0.8210526315789474
common,d,7,3200,1.5,7.0,LibraryGreedy,NB,ZIP,1,0.0105263157894736
common,d,7,3200,1.5,7.0,LibraryGreedy,NB,Geom,4,0.0421052631578947
common,d,7,3200,1.5,7.0,LibraryGreedy,NB,Binomial,0,0.0
common,d,7,3200,1.5,7.0,LibraryGreedy,NB,Bernoulli,0,0.0
common,d,7,3200,1.5,7.0,LibraryGreedy,ZIP,Poisson,0,0.0
common,d,7,3200,1.5,7.0,LibraryGreedy,ZIP,NB,4,0.0373831775700934
common,d,7,3200,1.5,7.0,LibraryGreedy,ZIP,ZIP,98,0.9158878504672896
common,d,7,3200,1.5,7.0,LibraryGreedy,ZIP,Geom,5,0.0467289719626168
common,d,7,3200,1.5,7.0,LibraryGreedy,ZIP,Binomial,0,0.0
common,d,7,3200,1.5,7.0,LibraryGreedy,ZIP,Bernoulli,0,0.0
common,d,7,3200,1.5,7.0,LibraryGreedy,Geom,Poisson,0,0.0
common,d,7,3200,1.5,7.0,LibraryGreedy,Geom,NB,22,0.205607476635514
common,d,7,3200,1.5,7.0,LibraryGreedy,Geom,ZIP,0,0.0
common,d,7,3200,1.5,7.0,LibraryGreedy,Geom,Geom,85,0.794392523364486
common,d,7,3200,1.5,7.0,LibraryGreedy,Geom,Binomial,0,0.0
common,d,7,3200,1.5,7.0,LibraryGreedy,Geom,Bernoulli,0,0.0
common,d,7,3200,1.5,7.0,LibraryGreedy,Binomial,Poisson,9,0.0642857142857142
common,d,7,3200,1.5,7.0,LibraryGreedy,Binomial,NB,6,0.0428571428571428
common,d,7,3200,1.5,7.0,LibraryGreedy,Binomial,ZIP,0,0.0
common,d,7,3200,1.5,7.0,LibraryGreedy,Binomial,Geom,0,0.0
common,d,7,3200,1.5,7.0,LibraryGreedy,Binomial,Binomial,123,0.8785714285714286
common,d,7,3200,1.5,7.0,LibraryGreedy,Binomial,Bernoulli,2,0.0142857142857142
common,d,7,3200,1.5,7.0,LibraryGreedy,Bernoulli,Poisson,14,0.1111111111111111
common,d,7,3200,1.5,7.0,LibraryGreedy,Bernoulli,NB,3,0.0238095238095238
common,d,7,3200,1.5,7.0,LibraryGreedy,Bernoulli,ZIP,1,0.0079365079365079
common,d,7,3200,1.5,7.0,LibraryGreedy,Bernoulli,Geom,2,0.0158730158730158
common,d,7,3200,1.5,7.0,LibraryGreedy,Bernoulli,Binomial,0,0.0
common,d,7,3200,1.5,7.0,LibraryGreedy,Bernoulli,Bernoulli,106,0.8412698412698413
common,d,7,3200,1.5,7.0,OracleDP,Poisson,Poisson,125,1.0
common,d,7,3200,1.5,7.0,OracleDP,Poisson,NB,0,0.0
common,d,7,3200,1.5,7.0,OracleDP,Poisson,ZIP,0,0.0
common,d,7,3200,1.5,7.0,OracleDP,Poisson,Geom,0,0.0
common,d,7,3200,1.5,7.0,OracleDP,Poisson,Binomial,0,0.0
common,d,7,3200,1.5,7.0,OracleDP,Poisson,Bernoulli,0,0.0
common,d,7,3200,1.5,7.0,OracleDP,NB,Poisson,0,0.0
common,d,7,3200,1.5,7.0,OracleDP,NB,NB,95,1.0
common,d,7,3200,1.5,7.0,OracleDP,NB,ZIP,0,0.0
common,d,7,3200,1.5,7.0,OracleDP,NB,Geom,0,0.0
common,d,7,3200,1.5,7.0,OracleDP,NB,Binomial,0,0.0
common,d,7,3200,1.5,7.0,OracleDP,NB,Bernoulli,0,0.0
common,d,7,3200,1.5,7.0,OracleDP,ZIP,Poisson,0,0.0
common,d,7,3200,1.5,7.0,OracleDP,ZIP,NB,0,0.0
common,d,7,3200,1.5,7.0,OracleDP,ZIP,ZIP,107,1.0
common,d,7,3200,1.5,7.0,OracleDP,ZIP,Geom,0,0.0
common,d,7,3200,1.5,7.0,OracleDP,ZIP,Binomial,0,0.0
common,d,7,3200,1.5,7.0,OracleDP,ZIP,Bernoulli,0,0.0
common,d,7,3200,1.5,7.0,OracleDP,Geom,Poisson,0,0.0
common,d,7,3200,1.5,7.0,OracleDP,Geom,NB,0,0.0
common,d,7,3200,1.5,7.0,OracleDP,Geom,ZIP,0,0.0
common,d,7,3200,1.5,7.0,OracleDP,Geom,Geom,107,1.0
common,d,7,3200,1.5,7.0,OracleDP,Geom,Binomial,0,0.0
common,d,7,3200,1.5,7.0,OracleDP,Geom,Bernoulli,0,0.0
common,d,7,3200,1.5,7.0,OracleDP,Binomial,Poisson,0,0.0
common,d,7,3200,1.5,7.0,OracleDP,Binomial,NB,0,0.0
common,d,7,3200,1.5,7.0,OracleDP,Binomial,ZIP,0,0.0
common,d,7,3200,1.5,7.0,OracleDP,Binomial,Geom,0,0.0
common,d,7,3200,1.5,7.0,OracleDP,Binomial,Binomial,140,1.0
common,d,7,3200,1.5,7.0,OracleDP,Binomial,Bernoulli,0,0.0
common,d,7,3200,1.5,7.0,OracleDP,Bernoulli,Poisson,0,0.0
common,d,7,3200,1.5,7.0,OracleDP,Bernoulli,NB,0,0.0
common,d,7,3200,1.5,7.0,OracleDP,Bernoulli,ZIP,0,0.0
common,d,7,3200,1.5,7.0,OracleDP,Bernoulli,Geom,0,0.0
common,d,7,3200,1.5,7.0,OracleDP,Bernoulli,Binomial,0,0.0
common,d,7,3200,1.5,7.0,OracleDP,Bernoulli,Bernoulli,126,1.0
common,d,8,3200,1.5,8.0,LibraryDP,Poisson,Poisson,118,0.9915966386554622
common,d,8,3200,1.5,8.0,LibraryDP,Poisson,NB,1,0.0084033613445378
common,d,8,3200,1.5,8.0,LibraryDP,Poisson,ZIP,0,0.0
common,d,8,3200,1.5,8.0,LibraryDP,Poisson,Geom,0,0.0
common,d,8,3200,1.5,8.0,LibraryDP,Poisson,Binomial,0,0.0
common,d,8,3200,1.5,8.0,LibraryDP,Poisson,Bernoulli,0,0.0
common,d,8,3200,1.5,8.0,LibraryDP,NB,Poisson,5,0.0337837837837837
common,d,8,3200,1.5,8.0,LibraryDP,NB,NB,140,0.945945945945946
common,d,8,3200,1.5,8.0,LibraryDP,NB,ZIP,0,0.0
common,d,8,3200,1.5,8.0,LibraryDP,NB,Geom,3,0.0202702702702702
common,d,8,3200,1.5,8.0,LibraryDP,NB,Binomial,0,0.0
common,d,8,3200,1.5,8.0,LibraryDP,NB,Bernoulli,0,0.0
common,d,8,3200,1.5,8.0,LibraryDP,ZIP,Poisson,0,0.0
common,d,8,3200,1.5,8.0,LibraryDP,ZIP,NB,2,0.0161290322580645
common,d,8,3200,1.5,8.0,LibraryDP,ZIP,ZIP,120,0.967741935483871
common,d,8,3200,1.5,8.0,LibraryDP,ZIP,Geom,2,0.0161290322580645
common,d,8,3200,1.5,8.0,LibraryDP,ZIP,Binomial,0,0.0
common,d,8,3200,1.5,8.0,LibraryDP,ZIP,Bernoulli,0,0.0
common,d,8,3200,1.5,8.0,LibraryDP,Geom,Poisson,0,0.0
common,d,8,3200,1.5,8.0,LibraryDP,Geom,NB,25,0.1712328767123287
common,d,8,3200,1.5,8.0,LibraryDP,Geom,ZIP,0,0.0
common,d,8,3200,1.5,8.0,LibraryDP,Geom,Geom,121,0.8287671232876712
common,d,8,3200,1.5,8.0,LibraryDP,Geom,Binomial,0,0.0
common,d,8,3200,1.5,8.0,LibraryDP,Geom,Bernoulli,0,0.0
common,d,8,3200,1.5,8.0,LibraryDP,Binomial,Poisson,8,0.064516129032258
common,d,8,3200,1.5,8.0,LibraryDP,Binomial,NB,0,0.0
common,d,8,3200,1.5,8.0,LibraryDP,Binomial,ZIP,0,0.0
common,d,8,3200,1.5,8.0,LibraryDP,Binomial,Geom,1,0.0080645161290322
common,d,8,3200,1.5,8.0,LibraryDP,Binomial,Binomial,112,0.9032258064516128
common,d,8,3200,1.5,8.0,LibraryDP,Binomial,Bernoulli,3,0.0241935483870967
common,d,8,3200,1.5,8.0,LibraryDP,Bernoulli,Poisson,14,0.1007194244604316
common,d,8,3200,1.5,8.0,LibraryDP,Bernoulli,NB,0,0.0
common,d,8,3200,1.5,8.0,LibraryDP,Bernoulli,ZIP,0,0.0
common,d,8,3200,1.5,8.0,LibraryDP,Bernoulli,Geom,8,0.0575539568345323
common,d,8,3200,1.5,8.0,LibraryDP,Bernoulli,Binomial,1,0.0071942446043165
common,d,8,3200,1.5,8.0,LibraryDP,Bernoulli,Bernoulli,116,0.8345323741007195
common,d,8,3200,1.5,8.0,LibraryGreedy,Poisson,Poisson,107,0.8991596638655462
common,d,8,3200,1.5,8.0,LibraryGreedy,Poisson,NB,7,0.0588235294117647
common,d,8,3200,1.5,8.0,LibraryGreedy,Poisson,ZIP,1,0.0084033613445378
common,d,8,3200,1.5,8.0,LibraryGreedy,Poisson,Geom,0,0.0
common,d,8,3200,1.5,8.0,LibraryGreedy,Poisson,Binomial,4,0.0336134453781512
common,d,8,3200,1.5,8.0,LibraryGreedy,Poisson,Bernoulli,0,0.0
common,d,8,3200,1.5,8.0,LibraryGreedy,NB,Poisson,6,0.0405405405405405
common,d,8,3200,1.5,8.0,LibraryGreedy,NB,NB,134,0.9054054054054054
common,d,8,3200,1.5,8.0,LibraryGreedy,NB,ZIP,3,0.0202702702702702
common,d,8,3200,1.5,8.0,LibraryGreedy,NB,Geom,4,0.027027027027027
common,d,8,3200,1.5,8.0,LibraryGreedy,NB,Binomial,1,0.0067567567567567
common,d,8,3200,1.5,8.0,LibraryGreedy,NB,Bernoulli,0,0.0
common,d,8,3200,1.5,8.0,LibraryGreedy,ZIP,Poisson,0,0.0
common,d,8,3200,1.5,8.0,LibraryGreedy,ZIP,NB,8,0.064516129032258
common,d,8,3200,1.5,8.0,LibraryGreedy,ZIP,ZIP,113,0.9112903225806452
common,d,8,3200,1.5,8.0,LibraryGreedy,ZIP,Geom,3,0.0241935483870967
common,d,8,3200,1.5,8.0,LibraryGreedy,ZIP,Binomial,0,0.0
common,d,8,3200,1.5,8.0,LibraryGreedy,ZIP,Bernoulli,0,0.0
common,d,8,3200,1.5,8.0,LibraryGreedy,Geom,Poisson,0,0.0
common,d,8,3200,1.5,8.0,LibraryGreedy,Geom,NB,28,0.1917808219178082
common,d,8,3200,1.5,8.0,LibraryGreedy,Geom,ZIP,0,0.0
common,d,8,3200,1.5,8.0,LibraryGreedy,Geom,Geom,118,0.8082191780821918
common,d,8,3200,1.5,8.0,LibraryGreedy,Geom,Binomial,0,0.0
common,d,8,3200,1.5,8.0,LibraryGreedy,Geom,Bernoulli,0,0.0
common,d,8,3200,1.5,8.0,LibraryGreedy,Binomial,Poisson,9,0.0725806451612903
common,d,8,3200,1.5,8.0,LibraryGreedy,Binomial,NB,2,0.0161290322580645
common,d,8,3200,1.5,8.0,LibraryGreedy,Binomial,ZIP,0,0.0
common,d,8,3200,1.5,8.0,LibraryGreedy,Binomial,Geom,0,0.0
common,d,8,3200,1.5,8.0,LibraryGreedy,Binomial,Binomial,107,0.8629032258064516
common,d,8,3200,1.5,8.0,LibraryGreedy,Binomial,Bernoulli,6,0.0483870967741935
common,d,8,3200,1.5,8.0,LibraryGreedy,Bernoulli,Poisson,16,0.1151079136690647
common,d,8,3200,1.5,8.0,LibraryGreedy,Bernoulli,NB,3,0.0215827338129496
common,d,8,3200,1.5,8.0,LibraryGreedy,Bernoulli,ZIP,0,0.0
common,d,8,3200,1.5,8.0,LibraryGreedy,Bernoulli,Geom,8,0.0575539568345323
common,d,8,3200,1.5,8.0,LibraryGreedy,Bernoulli,Binomial,0,0.0
common,d,8,3200,1.5,8.0,LibraryGreedy,Bernoulli,Bernoulli,112,0.8057553956834532
common,d,8,3200,1.5,8.0,OracleDP,Poisson,Poisson,119,1.0
common,d,8,3200,1.5,8.0,OracleDP,Poisson,NB,0,0.0
common,d,8,3200,1.5,8.0,OracleDP,Poisson,ZIP,0,0.0
common,d,8,3200,1.5,8.0,OracleDP,Poisson,Geom,0,0.0
common,d,8,3200,1.5,8.0,OracleDP,Poisson,Binomial,0,0.0
common,d,8,3200,1.5,8.0,OracleDP,Poisson,Bernoulli,0,0.0
common,d,8,3200,1.5,8.0,OracleDP,NB,Poisson,0,0.0
common,d,8,3200,1.5,8.0,OracleDP,NB,NB,148,1.0
common,d,8,3200,1.5,8.0,OracleDP,NB,ZIP,0,0.0
common,d,8,3200,1.5,8.0,OracleDP,NB,Geom,0,0.0
common,d,8,3200,1.5,8.0,OracleDP,NB,Binomial,0,0.0
common,d,8,3200,1.5,8.0,OracleDP,NB,Bernoulli,0,0.0
common,d,8,3200,1.5,8.0,OracleDP,ZIP,Poisson,0,0.0
common,d,8,3200,1.5,8.0,OracleDP,ZIP,NB,0,0.0
common,d,8,3200,1.5,8.0,OracleDP,ZIP,ZIP,124,1.0
common,d,8,3200,1.5,8.0,OracleDP,ZIP,Geom,0,0.0
common,d,8,3200,1.5,8.0,OracleDP,ZIP,Binomial,0,0.0
common,d,8,3200,1.5,8.0,OracleDP,ZIP,Bernoulli,0,0.0
common,d,8,3200,1.5,8.0,OracleDP,Geom,Poisson,0,0.0
common,d,8,3200,1.5,8.0,OracleDP,Geom,NB,0,0.0
common,d,8,3200,1.5,8.0,OracleDP,Geom,ZIP,0,0.0
common,d,8,3200,1.5,8.0,OracleDP,Geom,Geom,146,1.0
common,d,8,3200,1.5,8.0,OracleDP,Geom,Binomial,0,0.0
common,d,8,3200,1.5,8.0,OracleDP,Geom,Bernoulli,0,0.0
common,d,8,3200,1.5,8.0,OracleDP,Binomial,Poisson,0,0.0
common,d,8,3200,1.5,8.0,OracleDP,Binomial,NB,0,0.0
common,d,8,3200,1.5,8.0,OracleDP,Binomial,ZIP,0,0.0
common,d,8,3200,1.5,8.0,OracleDP,Binomial,Geom,0,0.0
common,d,8,3200,1.5,8.0,OracleDP,Binomial,Binomial,124,1.0
common,d,8,3200,1.5,8.0,OracleDP,Binomial,Bernoulli,0,0.0
common,d,8,3200,1.5,8.0,OracleDP,Bernoulli,Poisson,0,0.0
common,d,8,3200,1.5,8.0,OracleDP,Bernoulli,NB,0,0.0
common,d,8,3200,1.5,8.0,OracleDP,Bernoulli,ZIP,0,0.0
common,d,8,3200,1.5,8.0,OracleDP,Bernoulli,Geom,0,0.0
common,d,8,3200,1.5,8.0,OracleDP,Bernoulli,Binomial,0,0.0
common,d,8,3200,1.5,8.0,OracleDP,Bernoulli,Bernoulli,139,1.0
common,d,9,3200,1.5,9.0,LibraryDP,Poisson,Poisson,147,0.9865771812080536
common,d,9,3200,1.5,9.0,LibraryDP,Poisson,NB,1,0.0067114093959731
common,d,9,3200,1.5,9.0,LibraryDP,Poisson,ZIP,0,0.0
common,d,9,3200,1.5,9.0,LibraryDP,Poisson,Geom,0,0.0
common,d,9,3200,1.5,9.0,LibraryDP,Poisson,Binomial,1,0.0067114093959731
common,d,9,3200,1.5,9.0,LibraryDP,Poisson,Bernoulli,0,0.0
common,d,9,3200,1.5,9.0,LibraryDP,NB,Poisson,14,0.0903225806451612
common,d,9,3200,1.5,9.0,LibraryDP,NB,NB,136,0.8774193548387097
common,d,9,3200,1.5,9.0,LibraryDP,NB,ZIP,4,0.0258064516129032
common,d,9,3200,1.5,9.0,LibraryDP,NB,Geom,1,0.0064516129032258
common,d,9,3200,1.5,9.0,LibraryDP,NB,Binomial,0,0.0
common,d,9,3200,1.5,9.0,LibraryDP,NB,Bernoulli,0,0.0
common,d,9,3200,1.5,9.0,LibraryDP,ZIP,Poisson,2,0.0134228187919463
common,d,9,3200,1.5,9.0,LibraryDP,ZIP,NB,0,0.0
common,d,9,3200,1.5,9.0,LibraryDP,ZIP,ZIP,145,0.9731543624161074
common,d,9,3200,1.5,9.0,LibraryDP,ZIP,Geom,2,0.0134228187919463
common,d,9,3200,1.5,9.0,LibraryDP,ZIP,Binomial,0,0.0
common,d,9,3200,1.5,9.0,LibraryDP,ZIP,Bernoulli,0,0.0
common,d,9,3200,1.5,9.0,LibraryDP,Geom,Poisson,0,0.0
common,d,9,3200,1.5,9.0,LibraryDP,Geom,NB,28,0.1917808219178082
common,d,9,3200,1.5,9.0,LibraryDP,Geom,ZIP,0,0.0
common,d,9,3200,1.5,9.0,LibraryDP,Geom,Geom,118,0.8082191780821918
common,d,9,3200,1.5,9.0,LibraryDP,Geom,Binomial,0,0.0
common,d,9,3200,1.5,9.0,LibraryDP,Geom,Bernoulli,0,0.0
common,d,9,3200,1.5,9.0,LibraryDP,Binomial,Poisson,11,0.0691823899371069
common,d,9,3200,1.5,9.0,LibraryDP,Binomial,NB,0,0.0
common,d,9,3200,1.5,9.0,LibraryDP,Binomial,ZIP,0,0.0
common,d,9,3200,1.5,9.0,LibraryDP,Binomial,Geom,0,0.0
common,d,9,3200,1.5,9.0,LibraryDP,Binomial,Binomial,145,0.9119496855345912
common,d,9,3200,1.5,9.0,LibraryDP,Binomial,Bernoulli,3,0.0188679245283018
common,d,9,3200,1.5,9.0,LibraryDP,Bernoulli,Poisson,15,0.1056338028169014
common,d,9,3200,1.5,9.0,LibraryDP,Bernoulli,NB,4,0.028169014084507
common,d,9,3200,1.5,9.0,LibraryDP,Bernoulli,ZIP,0,0.0
common,d,9,3200,1.5,9.0,LibraryDP,Bernoulli,Geom,3,0.0211267605633802
common,d,9,3200,1.5,9.0,LibraryDP,Bernoulli,Binomial,0,0.0
common,d,9,3200,1.5,9.0,LibraryDP,Bernoulli,Bernoulli,120,0.8450704225352113
common,d,9,3200,1.5,9.0,LibraryGreedy,Poisson,Poisson,131,0.8791946308724832
common,d,9,3200,1.5,9.0,LibraryGreedy,Poisson,NB,9,0.0604026845637583
common,d,9,3200,1.5,9.0,LibraryGreedy,Poisson,ZIP,1,0.0067114093959731
common,d,9,3200,1.5,9.0,LibraryGreedy,Poisson,Geom,0,0.0
common,d,9,3200,1.5,9.0,LibraryGreedy,Poisson,Binomial,7,0.046979865771812
common,d,9,3200,1.5,9.0,LibraryGreedy,Poisson,Bernoulli,1,0.0067114093959731
common,d,9,3200,1.5,9.0,LibraryGreedy,NB,Poisson,13,0.0838709677419354
common,d,9,3200,1.5,9.0,LibraryGreedy,NB,NB,136,0.8774193548387097
common,d,9,3200,1.5,9.0,LibraryGreedy,NB,ZIP,3,0.0193548387096774
common,d,9,3200,1.5,9.0,LibraryGreedy,NB,Geom,1,0.0064516129032258
common,d,9,3200,1.5,9.0,LibraryGreedy,NB,Binomial,1,0.0064516129032258
common,d,9,3200,1.5,9.0,LibraryGreedy,NB,Bernoulli,1,0.0064516129032258
common,d,9,3200,1.5,9.0,LibraryGreedy,ZIP,Poisson,2,0.0134228187919463
common,d,9,3200,1.5,9.0,LibraryGreedy,ZIP,NB,4,0.0268456375838926
common,d,9,3200,1.5,9.0,LibraryGreedy,ZIP,ZIP,141,0.9463087248322148
common,d,9,3200,1.5,9.0,LibraryGreedy,ZIP,Geom,2,0.0134228187919463
common,d,9,3200,1.5,9.0,LibraryGreedy,ZIP,Binomial,0,0.0
common,d,9,3200,1.5,9.0,LibraryGreedy,ZIP,Bernoulli,0,0.0
common,d,9,3200,1.5,9.0,LibraryGreedy,Geom,Poisson,0,0.0
common,d,9,3200,1.5,9.0,LibraryGreedy,Geom,NB,30,0.2054794520547945
common,d,9,3200,1.5,9.0,LibraryGreedy,Geom,ZIP,0,0.0
common,d,9,3200,1.5,9.0,LibraryGreedy,Geom,Geom,116,0.7945205479452054
common,d,9,3200,1.5,9.0,LibraryGreedy,Geom,Binomial,0,0.0
common,d,9,3200,1.5,9.0,LibraryGreedy,Geom,Bernoulli,0,0.0
common,d,9,3200,1.5,9.0,LibraryGreedy,Binomial,Poisson,14,0.0880503144654088
common,d,9,3200,1.5,9.0,LibraryGreedy,Binomial,NB,0,0.0
common,d,9,3200,1.5,9.0,LibraryGreedy,Binomial,ZIP,0,0.0
common,d,9,3200,1.5,9.0,LibraryGreedy,Binomial,Geom,0,0.0
common,d,9,3200,1.5,9.0,LibraryGreedy,Binomial,Binomial,141,0.8867924528301887
common,d,9,3200,1.5,9.0,LibraryGreedy,Binomial,Bernoulli,4,0.0251572327044025
common,d,9,3200,1.5,9.0,LibraryGreedy,Bernoulli,Poisson,17,0.1197183098591549
common,d,9,3200,1.5,9.0,LibraryGreedy,Bernoulli,NB,5,0.0352112676056338
common,d,9,3200,1.5,9.0,LibraryGreedy,Bernoulli,ZIP,1,0.0070422535211267
common,d,9,3200,1.5,9.0,LibraryGreedy,Bernoulli,Geom,5,0.0352112676056338
common,d,9,3200,1.5,9.0,LibraryGreedy,Bernoulli,Binomial,1,0.0070422535211267
common,d,9,3200,1.5,9.0,LibraryGreedy,Bernoulli,Bernoulli,113,0.795774647887324
common,d,9,3200,1.5,9.0,OracleDP,Poisson,Poisson,149,1.0
common,d,9,3200,1.5,9.0,OracleDP,Poisson,NB,0,0.0
common,d,9,3200,1.5,9.0,OracleDP,Poisson,ZIP,0,0.0
common,d,9,3200,1.5,9.0,OracleDP,Poisson,Geom,0,0.0
common,d,9,3200,1.5,9.0,OracleDP,Poisson,Binomial,0,0.0
common,d,9,3200,1.5,9.0,OracleDP,Poisson,Bernoulli,0,0.0
common,d,9,3200,1.5,9.0,OracleDP,NB,Poisson,0,0.0
common,d,9,3200,1.5,9.0,OracleDP,NB,NB,155,1.0
common,d,9,3200,1.5,9.0,OracleDP,NB,ZIP,0,0.0
common,d,9,3200,1.5,9.0,OracleDP,NB,Geom,0,0.0
common,d,9,3200,1.5,9.0,OracleDP,NB,Binomial,0,0.0
common,d,9,3200,1.5,9.0,OracleDP,NB,Bernoulli,0,0.0
common,d,9,3200,1.5,9.0,OracleDP,ZIP,Poisson,0,0.0
common,d,9,3200,1.5,9.0,OracleDP,ZIP,NB,0,0.0
common,d,9,3200,1.5,9.0,OracleDP,ZIP,ZIP,149,1.0
common,d,9,3200,1.5,9.0,OracleDP,ZIP,Geom,0,0.0
common,d,9,3200,1.5,9.0,OracleDP,ZIP,Binomial,0,0.0
common,d,9,3200,1.5,9.0,OracleDP,ZIP,Bernoulli,0,0.0
common,d,9,3200,1.5,9.0,OracleDP,Geom,Poisson,0,0.0
common,d,9,3200,1.5,9.0,OracleDP,Geom,NB,0,0.0
common,d,9,3200,1.5,9.0,OracleDP,Geom,ZIP,0,0.0
common,d,9,3200,1.5,9.0,OracleDP,Geom,Geom,146,1.0
common,d,9,3200,1.5,9.0,OracleDP,Geom,Binomial,0,0.0
common,d,9,3200,1.5,9.0,OracleDP,Geom,Bernoulli,0,0.0
common,d,9,3200,1.5,9.0,OracleDP,Binomial,Poisson,0,0.0
common,d,9,3200,1.5,9.0,OracleDP,Binomial,NB,0,0.0
common,d,9,3200,1.5,9.0,OracleDP,Binomial,ZIP,0,0.0
common,d,9,3200,1.5,9.0,OracleDP,Binomial,Geom,0,0.0
common,d,9,3200,1.5,9.0,OracleDP,Binomial,Binomial,159,1.0
common,d,9,3200,1.5,9.0,OracleDP,Binomial,Bernoulli,0,0.0
common,d,9,3200,1.5,9.0,OracleDP,Bernoulli,Poisson,0,0.0
common,d,9,3200,1.5,9.0,OracleDP,Bernoulli,NB,0,0.0
common,d,9,3200,1.5,9.0,OracleDP,Bernoulli,ZIP,0,0.0
common,d,9,3200,1.5,9.0,OracleDP,Bernoulli,Geom,0,0.0
common,d,9,3200,1.5,9.0,OracleDP,Bernoulli,Binomial,0,0.0
common,d,9,3200,1.5,9.0,OracleDP,Bernoulli,Bernoulli,142,1.0
common,d,10,3200,1.5,10.0,LibraryDP,Poisson,Poisson,179,1.0
common,d,10,3200,1.5,10.0,LibraryDP,Poisson,NB,0,0.0
common,d,10,3200,1.5,10.0,LibraryDP,Poisson,ZIP,0,0.0
common,d,10,3200,1.5,10.0,LibraryDP,Poisson,Geom,0,0.0
common,d,10,3200,1.5,10.0,LibraryDP,Poisson,Binomial,0,0.0
common,d,10,3200,1.5,10.0,LibraryDP,Poisson,Bernoulli,0,0.0
common,d,10,3200,1.5,10.0,LibraryDP,NB,Poisson,11,0.0650887573964497
common,d,10,3200,1.5,10.0,LibraryDP,NB,NB,154,0.9112426035502958
common,d,10,3200,1.5,10.0,LibraryDP,NB,ZIP,3,0.0177514792899408
common,d,10,3200,1.5,10.0,LibraryDP,NB,Geom,1,0.0059171597633136
common,d,10,3200,1.5,10.0,LibraryDP,NB,Binomial,0,0.0
common,d,10,3200,1.5,10.0,LibraryDP,NB,Bernoulli,0,0.0
common,d,10,3200,1.5,10.0,LibraryDP,ZIP,Poisson,2,0.0136054421768707
common,d,10,3200,1.5,10.0,LibraryDP,ZIP,NB,2,0.0136054421768707
common,d,10,3200,1.5,10.0,LibraryDP,ZIP,ZIP,138,0.9387755102040816
common,d,10,3200,1.5,10.0,LibraryDP,ZIP,Geom,5,0.0340136054421768
common,d,10,3200,1.5,10.0,LibraryDP,ZIP,Binomial,0,0.0
common,d,10,3200,1.5,10.0,LibraryDP,ZIP,Bernoulli,0,0.0
common,d,10,3200,1.5,10.0,LibraryDP,Geom,Poisson,0,0.0
common,d,10,3200,1.5,10.0,LibraryDP,Geom,NB,26,0.155688622754491
common,d,10,3200,1.5,10.0,LibraryDP,Geom,ZIP,0,0.0
common,d,10,3200,1.5,10.0,LibraryDP,Geom,Geom,141,0.844311377245509
common,d,10,3200,1.5,10.0,LibraryDP,Geom,Binomial,0,0.0
common,d,10,3200,1.5,10.0,LibraryDP,Geom,Bernoulli,0,0.0
common,d,10,3200,1.5,10.0,LibraryDP,Binomial,Poisson,13,0.0778443113772455
common,d,10,3200,1.5,10.0,LibraryDP,Binomial,NB,0,0.0
common,d,10,3200,1.5,10.0,LibraryDP,Binomial,ZIP,0,0.0
common,d,10,3200,1.5,10.0,LibraryDP,Binomial,Geom,0,0.0
common,d,10,3200,1.5,10.0,LibraryDP,Binomial,Binomial,153,0.9161676646706588
common,d,10,3200,1.5,10.0,LibraryDP,Binomial,Bernoulli,1,0.0059880239520958
common,d,10,3200,1.5,10.0,LibraryDP,Bernoulli,Poisson,24,0.1403508771929824
common,d,10,3200,1.5,10.0,LibraryDP,Bernoulli,NB,0,0.0
common,d,10,3200,1.5,10.0,LibraryDP,Bernoulli,ZIP,0,0.0
common,d,10,3200,1.5,10.0,LibraryDP,Bernoulli,Geom,5,0.0292397660818713
common,d,10,3200,1.5,10.0,LibraryDP,Bernoulli,Binomial,0,0.0
common,d,10,3200,1.5,10.0,LibraryDP,Bernoulli,Bernoulli,142,0.8304093567251462
common,d,10,3200,1.5,10.0,LibraryGreedy,Poisson,Poisson,173,0.9664804469273744
common,d,10,3200,1.5,10.0,LibraryGreedy,Poisson,NB,1,0.0055865921787709
common,d,10,3200,1.5,10.0,LibraryGreedy,Poisson,ZIP,0,0.0
common,d,10,3200,1.5,10.0,LibraryGreedy,Poisson,Geom,0,0.0
common,d,10,3200,1.5,10.0,LibraryGreedy,Poisson,Binomial,5,0.0279329608938547
common,d,10,3200,1.5,10.0,LibraryGreedy,Poisson,Bernoulli,0,0.0
common,d,10,3200,1.5,10.0,LibraryGreedy,NB,Poisson,12,0.0710059171597633
common,d,10,3200,1.5,10.0,LibraryGreedy,NB,NB,150,0.8875739644970414
common,d,10,3200,1.5,10.0,LibraryGreedy,NB,ZIP,4,0.0236686390532544
common,d,10,3200,1.5,10.0,LibraryGreedy,NB,Geom,2,0.0118343195266272
common,d,10,3200,1.5,10.0,LibraryGreedy,NB,Binomial,1,0.0059171597633136
common,d,10,3200,1.5,10.0,LibraryGreedy,NB,Bernoulli,0,0.0
common,d,10,3200,1.5,10.0,LibraryGreedy,ZIP,Poisson,1,0.0068027210884353
common,d,10,3200,1.5,10.0,LibraryGreedy,ZIP,NB,6,0.0408163265306122
common,d,10,3200,1.5,10.0,LibraryGreedy,ZIP,ZIP,136,0.9251700680272108
common,d,10,3200,1.5,10.0,LibraryGreedy,ZIP,Geom,4,0.0272108843537414
common,d,10,3200,1.5,10.0,LibraryGreedy,ZIP,Binomial,0,0.0
common,d,10,3200,1.5,10.0,LibraryGreedy,ZIP,Bernoulli,0,0.0
common,d,10,3200,1.5,10.0,LibraryGreedy,Geom,Poisson,1,0.0059880239520958
common,d,10,3200,1.5,10.0,LibraryGreedy,Geom,NB,27,0.1616766467065868
common,d,10,3200,1.5,10.0,LibraryGreedy,Geom,ZIP,0,0.0
common,d,10,3200,1.5,10.0,LibraryGreedy,Geom,Geom,138,0.8263473053892215
common,d,10,3200,1.5,10.0,LibraryGreedy,Geom,Binomial,0,0.0
common,d,10,3200,1.5,10.0,LibraryGreedy,Geom,Bernoulli,1,0.0059880239520958
common,d,10,3200,1.5,10.0,LibraryGreedy,Binomial,Poisson,12,0.0718562874251497
common,d,10,3200,1.5,10.0,LibraryGreedy,Binomial,NB,3,0.0179640718562874
common,d,10,3200,1.5,10.0,LibraryGreedy,Binomial,ZIP,0,0.0
common,d,10,3200,1.5,10.0,LibraryGreedy,Binomial,Geom,0,0.0
common,d,10,3200,1.5,10.0,LibraryGreedy,Binomial,Binomial,150,0.8982035928143712
common,d,10,3200,1.5,10.0,LibraryGreedy,Binomial,Bernoulli,2,0.0119760479041916
common,d,10,3200,1.5,10.0,LibraryGreedy,Bernoulli,Poisson,25,0.1461988304093567
common,d,10,3200,1.5,10.0,LibraryGreedy,Bernoulli,NB,6,0.0350877192982456
common,d,10,3200,1.5,10.0,LibraryGreedy,Bernoulli,ZIP,0,0.0
common,d,10,3200,1.5,10.0,LibraryGreedy,Bernoulli,Geom,6,0.0350877192982456
common,d,10,3200,1.5,10.0,LibraryGreedy,Bernoulli,Binomial,0,0.0
common,d,10,3200,1.5,10.0,LibraryGreedy,Bernoulli,Bernoulli,134,0.783625730994152
common,d,10,3200,1.5,10.0,OracleDP,Poisson,Poisson,179,1.0
common,d,10,3200,1.5,10.0,OracleDP,Poisson,NB,0,0.0
common,d,10,3200,1.5,10.0,OracleDP,Poisson,ZIP,0,0.0
common,d,10,3200,1.5,10.0,OracleDP,Poisson,Geom,0,0.0
common,d,10,3200,1.5,10.0,OracleDP,Poisson,Binomial,0,0.0
common,d,10,3200,1.5,10.0,OracleDP,Poisson,Bernoulli,0,0.0
common,d,10,3200,1.5,10.0,OracleDP,NB,Poisson,0,0.0
common,d,10,3200,1.5,10.0,OracleDP,NB,NB,169,1.0
common,d,10,3200,1.5,10.0,OracleDP,NB,ZIP,0,0.0
common,d,10,3200,1.5,10.0,OracleDP,NB,Geom,0,0.0
common,d,10,3200,1.5,10.0,OracleDP,NB,Binomial,0,0.0
common,d,10,3200,1.5,10.0,OracleDP,NB,Bernoulli,0,0.0
common,d,10,3200,1.5,10.0,OracleDP,ZIP,Poisson,0,0.0
common,d,10,3200,1.5,10.0,OracleDP,ZIP,NB,0,0.0
common,d,10,3200,1.5,10.0,OracleDP,ZIP,ZIP,147,1.0
common,d,10,3200,1.5,10.0,OracleDP,ZIP,Geom,0,0.0
common,d,10,3200,1.5,10.0,OracleDP,ZIP,Binomial,0,0.0
common,d,10,3200,1.5,10.0,OracleDP,ZIP,Bernoulli,0,0.0
common,d,10,3200,1.5,10.0,OracleDP,Geom,Poisson,0,0.0
common,d,10,3200,1.5,10.0,OracleDP,Geom,NB,0,0.0
common,d,10,3200,1.5,10.0,OracleDP,Geom,ZIP,0,0.0
common,d,10,3200,1.5,10.0,OracleDP,Geom,Geom,167,1.0
common,d,10,3200,1.5,10.0,OracleDP,Geom,Binomial,0,0.0
common,d,10,3200,1.5,10.0,OracleDP,Geom,Bernoulli,0,0.0
common,d,10,3200,1.5,10.0,OracleDP,Binomial,Poisson,0,0.0
common,d,10,3200,1.5,10.0,OracleDP,Binomial,NB,0,0.0
common,d,10,3200,1.5,10.0,OracleDP,Binomial,ZIP,0,0.0
common,d,10,3200,1.5,10.0,OracleDP,Binomial,Geom,0,0.0
common,d,10,3200,1.5,10.0,OracleDP,Binomial,Binomial,167,1.0
common,d,10,3200,1.5,10.0,OracleDP,Binomial,Bernoulli,0,0.0
common,d,10,3200,1.5,10.0,OracleDP,Bernoulli,Poisson,0,0.0
common,d,10,3200,1.5,10.0,OracleDP,Bernoulli,NB,0,0.0
common,d,10,3200,1.5,10.0,OracleDP,Bernoulli,ZIP,0,0.0
common,d,10,3200,1.5,10.0,OracleDP,Bernoulli,Geom,0,0.0
common,d,10,3200,1.5,10.0,OracleDP,Bernoulli,Binomial,0,0.0
common,d,10,3200,1.5,10.0,OracleDP,Bernoulli,Bernoulli,171,1.0
expanded,d,4,3200,1.5,4.0,LibraryDP,Poisson,Poisson,68,1.0
expanded,d,4,3200,1.5,4.0,LibraryDP,Poisson,NB,0,0.0
expanded,d,4,3200,1.5,4.0,LibraryDP,Poisson,ZIP,0,0.0
expanded,d,4,3200,1.5,4.0,LibraryDP,Poisson,Geom,0,0.0
expanded,d,4,3200,1.5,4.0,LibraryDP,Poisson,Binomial,0,0.0
expanded,d,4,3200,1.5,4.0,LibraryDP,Poisson,Bernoulli,0,0.0
expanded,d,4,3200,1.5,4.0,LibraryDP,NB,Poisson,12,0.1666666666666666
expanded,d,4,3200,1.5,4.0,LibraryDP,NB,NB,59,0.8194444444444444
expanded,d,4,3200,1.5,4.0,LibraryDP,NB,ZIP,0,0.0
expanded,d,4,3200,1.5,4.0,LibraryDP,NB,Geom,0,0.0
expanded,d,4,3200,1.5,4.0,LibraryDP,NB,Binomial,1,0.0138888888888888
expanded,d,4,3200,1.5,4.0,LibraryDP,NB,Bernoulli,0,0.0
expanded,d,4,3200,1.5,4.0,LibraryDP,ZIP,Poisson,5,0.0684931506849315
expanded,d,4,3200,1.5,4.0,LibraryDP,ZIP,NB,2,0.0273972602739726
expanded,d,4,3200,1.5,4.0,LibraryDP,ZIP,ZIP,64,0.8767123287671232
expanded,d,4,3200,1.5,4.0,LibraryDP,ZIP,Geom,2,0.0273972602739726
expanded,d,4,3200,1.5,4.0,LibraryDP,ZIP,Binomial,0,0.0
expanded,d,4,3200,1.5,4.0,LibraryDP,ZIP,Bernoulli,0,0.0
expanded,d,4,3200,1.5,4.0,LibraryDP,Geom,Poisson,0,0.0
expanded,d,4,3200,1.5,4.0,LibraryDP,Geom,NB,12,0.2
expanded,d,4,3200,1.5,4.0,LibraryDP,Geom,ZIP,0,0.0
expanded,d,4,3200,1.5,4.0,LibraryDP,Geom,Geom,48,0.8
expanded,d,4,3200,1.5,4.0,LibraryDP,Geom,Binomial,0,0.0
expanded,d,4,3200,1.5,4.0,LibraryDP,Geom,Bernoulli,0,0.0
expanded,d,4,3200,1.5,4.0,LibraryDP,Binomial,Poisson,13,0.2
expanded,d,4,3200,1.5,4.0,LibraryDP,Binomial,NB,0,0.0
expanded,d,4,3200,1.5,4.0,LibraryDP,Binomial,ZIP,0,0.0
expanded,d,4,3200,1.5,4.0,LibraryDP,Binomial,Geom,3,0.0461538461538461
expanded,d,4,3200,1.5,4.0,LibraryDP,Binomial,Binomial,49,0.7538461538461538
expanded,d,4,3200,1.5,4.0,LibraryDP,Binomial,Bernoulli,0,0.0
expanded,d,4,3200,1.5,4.0,LibraryDP,Bernoulli,Poisson,1,0.0161290322580645
expanded,d,4,3200,1.5,4.0,LibraryDP,Bernoulli,NB,1,0.0161290322580645
expanded,d,4,3200,1.5,4.0,LibraryDP,Bernoulli,ZIP,0,0.0
expanded,d,4,3200,1.5,4.0,LibraryDP,Bernoulli,Geom,4,0.064516129032258
expanded,d,4,3200,1.5,4.0,LibraryDP,Bernoulli,Binomial,0,0.0
expanded,d,4,3200,1.5,4.0,LibraryDP,Bernoulli,Bernoulli,56,0.9032258064516128
expanded,d,4,3200,1.5,4.0,LibraryGreedy,Poisson,Poisson,52,0.7647058823529411
expanded,d,4,3200,1.5,4.0,LibraryGreedy,Poisson,NB,4,0.0588235294117647
expanded,d,4,3200,1.5,4.0,LibraryGreedy,Poisson,ZIP,0,0.0
expanded,d,4,3200,1.5,4.0,LibraryGreedy,Poisson,Geom,0,0.0
expanded,d,4,3200,1.5,4.0,LibraryGreedy,Poisson,Binomial,8,0.1176470588235294
expanded,d,4,3200,1.5,4.0,LibraryGreedy,Poisson,Bernoulli,4,0.0588235294117647
expanded,d,4,3200,1.5,4.0,LibraryGreedy,NB,Poisson,12,0.1666666666666666
expanded,d,4,3200,1.5,4.0,LibraryGreedy,NB,NB,52,0.7222222222222222
expanded,d,4,3200,1.5,4.0,LibraryGreedy,NB,ZIP,1,0.0138888888888888
expanded,d,4,3200,1.5,4.0,LibraryGreedy,NB,Geom,3,0.0416666666666666
expanded,d,4,3200,1.5,4.0,LibraryGreedy,NB,Binomial,3,0.0416666666666666
expanded,d,4,3200,1.5,4.0,LibraryGreedy,NB,Bernoulli,1,0.0138888888888888
expanded,d,4,3200,1.5,4.0,LibraryGreedy,ZIP,Poisson,1,0.0136986301369863
expanded,d,4,3200,1.5,4.0,LibraryGreedy,ZIP,NB,10,0.136986301369863
expanded,d,4,3200,1.5,4.0,LibraryGreedy,ZIP,ZIP,55,0.7534246575342466
expanded,d,4,3200,1.5,4.0,LibraryGreedy,ZIP,Geom,6,0.0821917808219178
expanded,d,4,3200,1.5,4.0,LibraryGreedy,ZIP,Binomial,0,0.0
expanded,d,4,3200,1.5,4.0,LibraryGreedy,ZIP,Bernoulli,1,0.0136986301369863
expanded,d,4,3200,1.5,4.0,LibraryGreedy,Geom,Poisson,0,0.0
expanded,d,4,3200,1.5,4.0,LibraryGreedy,Geom,NB,16,0.2666666666666666
expanded,d,4,3200,1.5,4.0,LibraryGreedy,Geom,ZIP,0,0.0
expanded,d,4,3200,1.5,4.0,LibraryGreedy,Geom,Geom,42,0.7
expanded,d,4,3200,1.5,4.0,LibraryGreedy,Geom,Binomial,0,0.0
expanded,d,4,3200,1.5,4.0,LibraryGreedy,Geom,Bernoulli,2,0.0333333333333333
expanded,d,4,3200,1.5,4.0,LibraryGreedy,Binomial,Poisson,11,0.1692307692307692
expanded,d,4,3200,1.5,4.0,LibraryGreedy,Binomial,NB,6,0.0923076923076923
expanded,d,4,3200,1.5,4.0,LibraryGreedy,Binomial,ZIP,0,0.0
expanded,d,4,3200,1.5,4.0,LibraryGreedy,Binomial,Geom,2,0.0307692307692307
expanded,d,4,3200,1.5,4.0,LibraryGreedy,Binomial,Binomial,46,0.7076923076923077
expanded,d,4,3200,1.5,4.0,LibraryGreedy,Binomial,Bernoulli,0,0.0
expanded,d,4,3200,1.5,4.0,LibraryGreedy,Bernoulli,Poisson,6,0.0967741935483871
expanded,d,4,3200,1.5,4.0,LibraryGreedy,Bernoulli,NB,2,0.032258064516129
expanded,d,4,3200,1.5,4.0,LibraryGreedy,Bernoulli,ZIP,2,0.032258064516129
expanded,d,4,3200,1.5,4.0,LibraryGreedy,Bernoulli,Geom,5,0.0806451612903225
expanded,d,4,3200,1.5,4.0,LibraryGreedy,Bernoulli,Binomial,1,0.0161290322580645
expanded,d,4,3200,1.5,4.0,LibraryGreedy,Bernoulli,Bernoulli,46,0.7419354838709677
expanded,d,4,3200,1.5,4.0,OracleDP,Poisson,Poisson,68,1.0
expanded,d,4,3200,1.5,4.0,OracleDP,Poisson,NB,0,0.0
expanded,d,4,3200,1.5,4.0,OracleDP,Poisson,ZIP,0,0.0
expanded,d,4,3200,1.5,4.0,OracleDP,Poisson,Geom,0,0.0
expanded,d,4,3200,1.5,4.0,OracleDP,Poisson,Binomial,0,0.0
expanded,d,4,3200,1.5,4.0,OracleDP,Poisson,Bernoulli,0,0.0
expanded,d,4,3200,1.5,4.0,OracleDP,NB,Poisson,0,0.0
expanded,d,4,3200,1.5,4.0,OracleDP,NB,NB,72,1.0
expanded,d,4,3200,1.5,4.0,OracleDP,NB,ZIP,0,0.0
expanded,d,4,3200,1.5,4.0,OracleDP,NB,Geom,0,0.0
expanded,d,4,3200,1.5,4.0,OracleDP,NB,Binomial,0,0.0
expanded,d,4,3200,1.5,4.0,OracleDP,NB,Bernoulli,0,0.0
expanded,d,4,3200,1.5,4.0,OracleDP,ZIP,Poisson,0,0.0
expanded,d,4,3200,1.5,4.0,OracleDP,ZIP,NB,0,0.0
expanded,d,4,3200,1.5,4.0,OracleDP,ZIP,ZIP,73,1.0
expanded,d,4,3200,1.5,4.0,OracleDP,ZIP,Geom,0,0.0
expanded,d,4,3200,1.5,4.0,OracleDP,ZIP,Binomial,0,0.0
expanded,d,4,3200,1.5,4.0,OracleDP,ZIP,Bernoulli,0,0.0
expanded,d,4,3200,1.5,4.0,OracleDP,Geom,Poisson,0,0.0
expanded,d,4,3200,1.5,4.0,OracleDP,Geom,NB,0,0.0
expanded,d,4,3200,1.5,4.0,OracleDP,Geom,ZIP,0,0.0
expanded,d,4,3200,1.5,4.0,OracleDP,Geom,Geom,60,1.0
expanded,d,4,3200,1.5,4.0,OracleDP,Geom,Binomial,0,0.0
expanded,d,4,3200,1.5,4.0,OracleDP,Geom,Bernoulli,0,0.0
expanded,d,4,3200,1.5,4.0,OracleDP,Binomial,Poisson,0,0.0
expanded,d,4,3200,1.5,4.0,OracleDP,Binomial,NB,0,0.0
expanded,d,4,3200,1.5,4.0,OracleDP,Binomial,ZIP,0,0.0
expanded,d,4,3200,1.5,4.0,OracleDP,Binomial,Geom,0,0.0
expanded,d,4,3200,1.5,4.0,OracleDP,Binomial,Binomial,65,1.0
expanded,d,4,3200,1.5,4.0,OracleDP,Binomial,Bernoulli,0,0.0
expanded,d,4,3200,1.5,4.0,OracleDP,Bernoulli,Poisson,0,0.0
expanded,d,4,3200,1.5,4.0,OracleDP,Bernoulli,NB,0,0.0
expanded,d,4,3200,1.5,4.0,OracleDP,Bernoulli,ZIP,0,0.0
expanded,d,4,3200,1.5,4.0,OracleDP,Bernoulli,Geom,0,0.0
expanded,d,4,3200,1.5,4.0,OracleDP,Bernoulli,Binomial,0,0.0
expanded,d,4,3200,1.5,4.0,OracleDP,Bernoulli,Bernoulli,62,1.0
expanded,d,5,3200,1.5,5.0,LibraryDP,Poisson,Poisson,80,0.963855421686747
expanded,d,5,3200,1.5,5.0,LibraryDP,Poisson,NB,0,0.0
expanded,d,5,3200,1.5,5.0,LibraryDP,Poisson,ZIP,0,0.0
expanded,d,5,3200,1.5,5.0,LibraryDP,Poisson,Geom,0,0.0
expanded,d,5,3200,1.5,5.0,LibraryDP,Poisson,Binomial,2,0.0240963855421686
expanded,d,5,3200,1.5,5.0,LibraryDP,Poisson,Bernoulli,1,0.0120481927710843
expanded,d,5,3200,1.5,5.0,LibraryDP,NB,Poisson,11,0.1325301204819277
expanded,d,5,3200,1.5,5.0,LibraryDP,NB,NB,70,0.8433734939759037
expanded,d,5,3200,1.5,5.0,LibraryDP,NB,ZIP,0,0.0
expanded,d,5,3200,1.5,5.0,LibraryDP,NB,Geom,0,0.0
expanded,d,5,3200,1.5,5.0,LibraryDP,NB,Binomial,1,0.0120481927710843
expanded,d,5,3200,1.5,5.0,LibraryDP,NB,Bernoulli,1,0.0120481927710843
expanded,d,5,3200,1.5,5.0,LibraryDP,ZIP,Poisson,1,0.0114942528735632
expanded,d,5,3200,1.5,5.0,LibraryDP,ZIP,NB,2,0.0229885057471264
expanded,d,5,3200,1.5,5.0,LibraryDP,ZIP,ZIP,79,0.9080459770114944
expanded,d,5,3200,1.5,5.0,LibraryDP,ZIP,Geom,5,0.057471264367816
expanded,d,5,3200,1.5,5.0,LibraryDP,ZIP,Binomial,0,0.0
expanded,d,5,3200,1.5,5.0,LibraryDP,ZIP,Bernoulli,0,0.0
expanded,d,5,3200,1.5,5.0,LibraryDP,Geom,Poisson,2,0.0273972602739726
expanded,d,5,3200,1.5,5.0,LibraryDP,Geom,NB,18,0.2465753424657534
expanded,d,5,3200,1.5,5.0,LibraryDP,Geom,ZIP,0,0.0
expanded,d,5,3200,1.5,5.0,LibraryDP,Geom,Geom,52,0.7123287671232876
expanded,d,5,3200,1.5,5.0,LibraryDP,Geom,Binomial,1,0.0136986301369863
expanded,d,5,3200,1.5,5.0,LibraryDP,Geom,Bernoulli,0,0.0
expanded,d,5,3200,1.5,5.0,LibraryDP,Binomial,Poisson,19,0.2317073170731707
expanded,d,5,3200,1.5,5.0,LibraryDP,Binomial,NB,0,0.0
expanded,d,5,3200,1.5,5.0,LibraryDP,Binomial,ZIP,0,0.0
expanded,d,5,3200,1.5,5.0,LibraryDP,Binomial,Geom,0,0.0
expanded,d,5,3200,1.5,5.0,LibraryDP,Binomial,Binomial,61,0.7439024390243902
expanded,d,5,3200,1.5,5.0,LibraryDP,Binomial,Bernoulli,2,0.024390243902439
expanded,d,5,3200,1.5,5.0,LibraryDP,Bernoulli,Poisson,6,0.0652173913043478
expanded,d,5,3200,1.5,5.0,LibraryDP,Bernoulli,NB,9,0.0978260869565217
expanded,d,5,3200,1.5,5.0,LibraryDP,Bernoulli,ZIP,0,0.0
expanded,d,5,3200,1.5,5.0,LibraryDP,Bernoulli,Geom,4,0.0434782608695652
expanded,d,5,3200,1.5,5.0,LibraryDP,Bernoulli,Binomial,0,0.0
expanded,d,5,3200,1.5,5.0,LibraryDP,Bernoulli,Bernoulli,73,0.7934782608695652
expanded,d,5,3200,1.5,5.0,LibraryGreedy,Poisson,Poisson,56,0.6746987951807228
expanded,d,5,3200,1.5,5.0,LibraryGreedy,Poisson,NB,12,0.144578313253012
expanded,d,5,3200,1.5,5.0,LibraryGreedy,Poisson,ZIP,0,0.0
expanded,d,5,3200,1.5,5.0,LibraryGreedy,Poisson,Geom,1,0.0120481927710843
expanded,d,5,3200,1.5,5.0,LibraryGreedy,Poisson,Binomial,10,0.1204819277108433
expanded,d,5,3200,1.5,5.0,LibraryGreedy,Poisson,Bernoulli,4,0.0481927710843373
expanded,d,5,3200,1.5,5.0,LibraryGreedy,NB,Poisson,9,0.108433734939759
expanded,d,5,3200,1.5,5.0,LibraryGreedy,NB,NB,64,0.7710843373493976
expanded,d,5,3200,1.5,5.0,LibraryGreedy,NB,ZIP,0,0.0
expanded,d,5,3200,1.5,5.0,LibraryGreedy,NB,Geom,2,0.0240963855421686
expanded,d,5,3200,1.5,5.0,LibraryGreedy,NB,Binomial,4,0.0481927710843373
expanded,d,5,3200,1.5,5.0,LibraryGreedy,NB,Bernoulli,4,0.0481927710843373
expanded,d,5,3200,1.5,5.0,LibraryGreedy,ZIP,Poisson,4,0.0459770114942528
expanded,d,5,3200,1.5,5.0,LibraryGreedy,ZIP,NB,11,0.1264367816091954
expanded,d,5,3200,1.5,5.0,LibraryGreedy,ZIP,ZIP,68,0.7816091954022989
expanded,d,5,3200,1.5,5.0,LibraryGreedy,ZIP,Geom,1,0.0114942528735632
expanded,d,5,3200,1.5,5.0,LibraryGreedy,ZIP,Binomial,2,0.0229885057471264
expanded,d,5,3200,1.5,5.0,LibraryGreedy,ZIP,Bernoulli,1,0.0114942528735632
expanded,d,5,3200,1.5,5.0,LibraryGreedy,Geom,Poisson,1,0.0136986301369863
expanded,d,5,3200,1.5,5.0,LibraryGreedy,Geom,NB,24,0.3287671232876712
expanded,d,5,3200,1.5,5.0,LibraryGreedy,Geom,ZIP,0,0.0
expanded,d,5,3200,1.5,5.0,LibraryGreedy,Geom,Geom,46,0.6301369863013698
expanded,d,5,3200,1.5,5.0,LibraryGreedy,Geom,Binomial,1,0.0136986301369863
expanded,d,5,3200,1.5,5.0,LibraryGreedy,Geom,Bernoulli,1,0.0136986301369863
expanded,d,5,3200,1.5,5.0,LibraryGreedy,Binomial,Poisson,16,0.1951219512195122
expanded,d,5,3200,1.5,5.0,LibraryGreedy,Binomial,NB,9,0.1097560975609756
expanded,d,5,3200,1.5,5.0,LibraryGreedy,Binomial,ZIP,0,0.0
expanded,d,5,3200,1.5,5.0,LibraryGreedy,Binomial,Geom,1,0.0121951219512195
expanded,d,5,3200,1.5,5.0,LibraryGreedy,Binomial,Binomial,54,0.6585365853658537
expanded,d,5,3200,1.5,5.0,LibraryGreedy,Binomial,Bernoulli,2,0.024390243902439
expanded,d,5,3200,1.5,5.0,LibraryGreedy,Bernoulli,Poisson,7,0.0760869565217391
expanded,d,5,3200,1.5,5.0,LibraryGreedy,Bernoulli,NB,15,0.1630434782608695
expanded,d,5,3200,1.5,5.0,LibraryGreedy,Bernoulli,ZIP,3,0.0326086956521739
expanded,d,5,3200,1.5,5.0,LibraryGreedy,Bernoulli,Geom,6,0.0652173913043478
expanded,d,5,3200,1.5,5.0,LibraryGreedy,Bernoulli,Binomial,0,0.0
expanded,d,5,3200,1.5,5.0,LibraryGreedy,Bernoulli,Bernoulli,61,0.6630434782608695
expanded,d,5,3200,1.5,5.0,OracleDP,Poisson,Poisson,83,1.0
expanded,d,5,3200,1.5,5.0,OracleDP,Poisson,NB,0,0.0
expanded,d,5,3200,1.5,5.0,OracleDP,Poisson,ZIP,0,0.0
expanded,d,5,3200,1.5,5.0,OracleDP,Poisson,Geom,0,0.0
expanded,d,5,3200,1.5,5.0,OracleDP,Poisson,Binomial,0,0.0
expanded,d,5,3200,1.5,5.0,OracleDP,Poisson,Bernoulli,0,0.0
expanded,d,5,3200,1.5,5.0,OracleDP,NB,Poisson,0,0.0
expanded,d,5,3200,1.5,5.0,OracleDP,NB,NB,83,1.0
expanded,d,5,3200,1.5,5.0,OracleDP,NB,ZIP,0,0.0
expanded,d,5,3200,1.5,5.0,OracleDP,NB,Geom,0,0.0
expanded,d,5,3200,1.5,5.0,OracleDP,NB,Binomial,0,0.0
expanded,d,5,3200,1.5,5.0,OracleDP,NB,Bernoulli,0,0.0
expanded,d,5,3200,1.5,5.0,OracleDP,ZIP,Poisson,0,0.0
expanded,d,5,3200,1.5,5.0,OracleDP,ZIP,NB,0,0.0
expanded,d,5,3200,1.5,5.0,OracleDP,ZIP,ZIP,87,1.0
expanded,d,5,3200,1.5,5.0,OracleDP,ZIP,Geom,0,0.0
expanded,d,5,3200,1.5,5.0,OracleDP,ZIP,Binomial,0,0.0
expanded,d,5,3200,1.5,5.0,OracleDP,ZIP,Bernoulli,0,0.0
expanded,d,5,3200,1.5,5.0,OracleDP,Geom,Poisson,0,0.0
expanded,d,5,3200,1.5,5.0,OracleDP,Geom,NB,0,0.0
expanded,d,5,3200,1.5,5.0,OracleDP,Geom,ZIP,0,0.0
expanded,d,5,3200,1.5,5.0,OracleDP,Geom,Geom,73,1.0
expanded,d,5,3200,1.5,5.0,OracleDP,Geom,Binomial,0,0.0
expanded,d,5,3200,1.5,5.0,OracleDP,Geom,Bernoulli,0,0.0
expanded,d,5,3200,1.5,5.0,OracleDP,Binomial,Poisson,0,0.0
expanded,d,5,3200,1.5,5.0,OracleDP,Binomial,NB,0,0.0
expanded,d,5,3200,1.5,5.0,OracleDP,Binomial,ZIP,0,0.0
expanded,d,5,3200,1.5,5.0,OracleDP,Binomial,Geom,0,0.0
expanded,d,5,3200,1.5,5.0,OracleDP,Binomial,Binomial,82,1.0
expanded,d,5,3200,1.5,5.0,OracleDP,Binomial,Bernoulli,0,0.0
expanded,d,5,3200,1.5,5.0,OracleDP,Bernoulli,Poisson,0,0.0
expanded,d,5,3200,1.5,5.0,OracleDP,Bernoulli,NB,0,0.0
expanded,d,5,3200,1.5,5.0,OracleDP,Bernoulli,ZIP,0,0.0
expanded,d,5,3200,1.5,5.0,OracleDP,Bernoulli,Geom,0,0.0
expanded,d,5,3200,1.5,5.0,OracleDP,Bernoulli,Binomial,0,0.0
expanded,d,5,3200,1.5,5.0,OracleDP,Bernoulli,Bernoulli,92,1.0
expanded,d,6,3200,1.5,6.0,LibraryDP,Poisson,Poisson,80,0.9411764705882352
expanded,d,6,3200,1.5,6.0,LibraryDP,Poisson,NB,4,0.0470588235294117
expanded,d,6,3200,1.5,6.0,LibraryDP,Poisson,ZIP,0,0.0
expanded,d,6,3200,1.5,6.0,LibraryDP,Poisson,Geom,1,0.0117647058823529
expanded,d,6,3200,1.5,6.0,LibraryDP,Poisson,Binomial,0,0.0
expanded,d,6,3200,1.5,6.0,LibraryDP,Poisson,Bernoulli,0,0.0
expanded,d,6,3200,1.5,6.0,LibraryDP,NB,Poisson,14,0.1473684210526315
expanded,d,6,3200,1.5,6.0,LibraryDP,NB,NB,77,0.8105263157894737
expanded,d,6,3200,1.5,6.0,LibraryDP,NB,ZIP,1,0.0105263157894736
expanded,d,6,3200,1.5,6.0,LibraryDP,NB,Geom,0,0.0
expanded,d,6,3200,1.5,6.0,LibraryDP,NB,Binomial,1,0.0105263157894736
expanded,d,6,3200,1.5,6.0,LibraryDP,NB,Bernoulli,2,0.0210526315789473
expanded,d,6,3200,1.5,6.0,LibraryDP,ZIP,Poisson,1,0.0092592592592592
expanded,d,6,3200,1.5,6.0,LibraryDP,ZIP,NB,5,0.0462962962962962
expanded,d,6,3200,1.5,6.0,LibraryDP,ZIP,ZIP,86,0.7962962962962963
expanded,d,6,3200,1.5,6.0,LibraryDP,ZIP,Geom,14,0.1296296296296296
expanded,d,6,3200,1.5,6.0,LibraryDP,ZIP,Binomial,0,0.0
expanded,d,6,3200,1.5,6.0,LibraryDP,ZIP,Bernoulli,2,0.0185185185185185
expanded,d,6,3200,1.5,6.0,LibraryDP,Geom,Poisson,0,0.0
expanded,d,6,3200,1.5,6.0,LibraryDP,Geom,NB,29,0.2636363636363636
expanded,d,6,3200,1.5,6.0,LibraryDP,Geom,ZIP,0,0.0
expanded,d,6,3200,1.5,6.0,LibraryDP,Geom,Geom,81,0.7363636363636363
expanded,d,6,3200,1.5,6.0,LibraryDP,Geom,Binomial,0,0.0
expanded,d,6,3200,1.5,6.0,LibraryDP,Geom,Bernoulli,0,0.0
expanded,d,6,3200,1.5,6.0,LibraryDP,Binomial,Poisson,8,0.0784313725490196
expanded,d,6,3200,1.5,6.0,LibraryDP,Binomial,NB,1,0.0098039215686274
expanded,d,6,3200,1.5,6.0,LibraryDP,Binomial,ZIP,0,0.0
expanded,d,6,3200,1.5,6.0,LibraryDP,Binomial,Geom,3,0.0294117647058823
expanded,d,6,3200,1.5,6.0,LibraryDP,Binomial,Binomial,86,0.8431372549019608
expanded,d,6,3200,1.5,6.0,LibraryDP,Binomial,Bernoulli,4,0.0392156862745098
expanded,d,6,3200,1.5,6.0,LibraryDP,Bernoulli,Poisson,7,0.07
expanded,d,6,3200,1.5,6.0,LibraryDP,Bernoulli,NB,5,0.05
expanded,d,6,3200,1.5,6.0,LibraryDP,Bernoulli,ZIP,0,0.0
expanded,d,6,3200,1.5,6.0,LibraryDP,Bernoulli,Geom,11,0.11
expanded,d,6,3200,1.5,6.0,LibraryDP,Bernoulli,Binomial,1,0.01
expanded,d,6,3200,1.5,6.0,LibraryDP,Bernoulli,Bernoulli,76,0.76
expanded,d,6,3200,1.5,6.0,LibraryGreedy,Poisson,Poisson,61,0.7176470588235294
expanded,d,6,3200,1.5,6.0,LibraryGreedy,Poisson,NB,11,0.1294117647058823
expanded,d,6,3200,1.5,6.0,LibraryGreedy,Poisson,ZIP,0,0.0
expanded,d,6,3200,1.5,6.0,LibraryGreedy,Poisson,Geom,1,0.0117647058823529
expanded,d,6,3200,1.5,6.0,LibraryGreedy,Poisson,Binomial,10,0.1176470588235294
expanded,d,6,3200,1.5,6.0,LibraryGreedy,Poisson,Bernoulli,2,0.0235294117647058
expanded,d,6,3200,1.5,6.0,LibraryGreedy,NB,Poisson,17,0.1789473684210526
expanded,d,6,3200,1.5,6.0,LibraryGreedy,NB,NB,62,0.6526315789473685
expanded,d,6,3200,1.5,6.0,LibraryGreedy,NB,ZIP,3,0.031578947368421
expanded,d,6,3200,1.5,6.0,LibraryGreedy,NB,Geom,2,0.0210526315789473
expanded,d,6,3200,1.5,6.0,LibraryGreedy,NB,Binomial,7,0.0736842105263157
expanded,d,6,3200,1.5,6.0,LibraryGreedy,NB,Bernoulli,4,0.0421052631578947
expanded,d,6,3200,1.5,6.0,LibraryGreedy,ZIP,Poisson,1,0.0092592592592592
expanded,d,6,3200,1.5,6.0,LibraryGreedy,ZIP,NB,10,0.0925925925925925
expanded,d,6,3200,1.5,6.0,LibraryGreedy,ZIP,ZIP,80,0.7407407407407407
expanded,d,6,3200,1.5,6.0,LibraryGreedy,ZIP,Geom,13,0.1203703703703703
expanded,d,6,3200,1.5,6.0,LibraryGreedy,ZIP,Binomial,0,0.0
expanded,d,6,3200,1.5,6.0,LibraryGreedy,ZIP,Bernoulli,4,0.037037037037037
expanded,d,6,3200,1.5,6.0,LibraryGreedy,Geom,Poisson,1,0.009090909090909
expanded,d,6,3200,1.5,6.0,LibraryGreedy,Geom,NB,38,0.3454545454545454
expanded,d,6,3200,1.5,6.0,LibraryGreedy,Geom,ZIP,1,0.009090909090909
expanded,d,6,3200,1.5,6.0,LibraryGreedy,Geom,Geom,67,0.6090909090909091
expanded,d,6,3200,1.5,6.0,LibraryGreedy,Geom,Binomial,1,0.009090909090909
expanded,d,6,3200,1.5,6.0,LibraryGreedy,Geom,Bernoulli,2,0.0181818181818181
expanded,d,6,3200,1.5,6.0,LibraryGreedy,Binomial,Poisson,9,0.088235294117647
expanded,d,6,3200,1.5,6.0,LibraryGreedy,Binomial,NB,9,0.088235294117647
expanded,d,6,3200,1.5,6.0,LibraryGreedy,Binomial,ZIP,2,0.0196078431372549
expanded,d,6,3200,1.5,6.0,LibraryGreedy,Binomial,Geom,2,0.0196078431372549
expanded,d,6,3200,1.5,6.0,LibraryGreedy,Binomial,Binomial,76,0.7450980392156863
expanded,d,6,3200,1.5,6.0,LibraryGreedy,Binomial,Bernoulli,4,0.0392156862745098
expanded,d,6,3200,1.5,6.0,LibraryGreedy,Bernoulli,Poisson,5,0.05
expanded,d,6,3200,1.5,6.0,LibraryGreedy,Bernoulli,NB,11,0.11
expanded,d,6,3200,1.5,6.0,LibraryGreedy,Bernoulli,ZIP,0,0.0
expanded,d,6,3200,1.5,6.0,LibraryGreedy,Bernoulli,Geom,12,0.12
expanded,d,6,3200,1.5,6.0,LibraryGreedy,Bernoulli,Binomial,1,0.01
expanded,d,6,3200,1.5,6.0,LibraryGreedy,Bernoulli,Bernoulli,71,0.71
expanded,d,6,3200,1.5,6.0,OracleDP,Poisson,Poisson,85,1.0
expanded,d,6,3200,1.5,6.0,OracleDP,Poisson,NB,0,0.0
expanded,d,6,3200,1.5,6.0,OracleDP,Poisson,ZIP,0,0.0
expanded,d,6,3200,1.5,6.0,OracleDP,Poisson,Geom,0,0.0
expanded,d,6,3200,1.5,6.0,OracleDP,Poisson,Binomial,0,0.0
expanded,d,6,3200,1.5,6.0,OracleDP,Poisson,Bernoulli,0,0.0
expanded,d,6,3200,1.5,6.0,OracleDP,NB,Poisson,0,0.0
expanded,d,6,3200,1.5,6.0,OracleDP,NB,NB,95,1.0
expanded,d,6,3200,1.5,6.0,OracleDP,NB,ZIP,0,0.0
expanded,d,6,3200,1.5,6.0,OracleDP,NB,Geom,0,0.0
expanded,d,6,3200,1.5,6.0,OracleDP,NB,Binomial,0,0.0
expanded,d,6,3200,1.5,6.0,OracleDP,NB,Bernoulli,0,0.0
expanded,d,6,3200,1.5,6.0,OracleDP,ZIP,Poisson,0,0.0
expanded,d,6,3200,1.5,6.0,OracleDP,ZIP,NB,0,0.0
expanded,d,6,3200,1.5,6.0,OracleDP,ZIP,ZIP,108,1.0
expanded,d,6,3200,1.5,6.0,OracleDP,ZIP,Geom,0,0.0
expanded,d,6,3200,1.5,6.0,OracleDP,ZIP,Binomial,0,0.0
expanded,d,6,3200,1.5,6.0,OracleDP,ZIP,Bernoulli,0,0.0
expanded,d,6,3200,1.5,6.0,OracleDP,Geom,Poisson,0,0.0
expanded,d,6,3200,1.5,6.0,OracleDP,Geom,NB,0,0.0
expanded,d,6,3200,1.5,6.0,OracleDP,Geom,ZIP,0,0.0
expanded,d,6,3200,1.5,6.0,OracleDP,Geom,Geom,110,1.0
expanded,d,6,3200,1.5,6.0,OracleDP,Geom,Binomial,0,0.0
expanded,d,6,3200,1.5,6.0,OracleDP,Geom,Bernoulli,0,0.0
expanded,d,6,3200,1.5,6.0,OracleDP,Binomial,Poisson,0,0.0
expanded,d,6,3200,1.5,6.0,OracleDP,Binomial,NB,0,0.0
expanded,d,6,3200,1.5,6.0,OracleDP,Binomial,ZIP,0,0.0
expanded,d,6,3200,1.5,6.0,OracleDP,Binomial,Geom,0,0.0
expanded,d,6,3200,1.5,6.0,OracleDP,Binomial,Binomial,102,1.0
expanded,d,6,3200,1.5,6.0,OracleDP,Binomial,Bernoulli,0,0.0
expanded,d,6,3200,1.5,6.0,OracleDP,Bernoulli,Poisson,0,0.0
expanded,d,6,3200,1.5,6.0,OracleDP,Bernoulli,NB,0,0.0
expanded,d,6,3200,1.5,6.0,OracleDP,Bernoulli,ZIP,0,0.0
expanded,d,6,3200,1.5,6.0,OracleDP,Bernoulli,Geom,0,0.0
expanded,d,6,3200,1.5,6.0,OracleDP,Bernoulli,Binomial,0,0.0
expanded,d,6,3200,1.5,6.0,OracleDP,Bernoulli,Bernoulli,100,1.0
expanded,d,7,3200,1.5,7.0,LibraryDP,Poisson,Poisson,115,0.92
expanded,d,7,3200,1.5,7.0,LibraryDP,Poisson,NB,9,0.072
expanded,d,7,3200,1.5,7.0,LibraryDP,Poisson,ZIP,0,0.0
expanded,d,7,3200,1.5,7.0,LibraryDP,Poisson,Geom,0,0.0
expanded,d,7,3200,1.5,7.0,LibraryDP,Poisson,Binomial,1,0.008
expanded,d,7,3200,1.5,7.0,LibraryDP,Poisson,Bernoulli,0,0.0
expanded,d,7,3200,1.5,7.0,LibraryDP,NB,Poisson,9,0.0947368421052631
expanded,d,7,3200,1.5,7.0,LibraryDP,NB,NB,77,0.8105263157894737
expanded,d,7,3200,1.5,7.0,LibraryDP,NB,ZIP,1,0.0105263157894736
expanded,d,7,3200,1.5,7.0,LibraryDP,NB,Geom,7,0.0736842105263157
expanded,d,7,3200,1.5,7.0,LibraryDP,NB,Binomial,1,0.0105263157894736
expanded,d,7,3200,1.5,7.0,LibraryDP,NB,Bernoulli,0,0.0
expanded,d,7,3200,1.5,7.0,LibraryDP,ZIP,Poisson,1,0.0093457943925233
expanded,d,7,3200,1.5,7.0,LibraryDP,ZIP,NB,6,0.0560747663551401
expanded,d,7,3200,1.5,7.0,LibraryDP,ZIP,ZIP,88,0.822429906542056
expanded,d,7,3200,1.5,7.0,LibraryDP,ZIP,Geom,9,0.0841121495327102
expanded,d,7,3200,1.5,7.0,LibraryDP,ZIP,Binomial,0,0.0
expanded,d,7,3200,1.5,7.0,LibraryDP,ZIP,Bernoulli,3,0.02803738317757
expanded,d,7,3200,1.5,7.0,LibraryDP,Geom,Poisson,0,0.0
expanded,d,7,3200,1.5,7.0,LibraryDP,Geom,NB,25,0.2336448598130841
expanded,d,7,3200,1.5,7.0,LibraryDP,Geom,ZIP,0,0.0
expanded,d,7,3200,1.5,7.0,LibraryDP,Geom,Geom,77,0.719626168224299
expanded,d,7,3200,1.5,7.0,LibraryDP,Geom,Binomial,0,0.0
expanded,d,7,3200,1.5,7.0,LibraryDP,Geom,Bernoulli,5,0.0467289719626168
expanded,d,7,3200,1.5,7.0,LibraryDP,Binomial,Poisson,26,0.1857142857142857
expanded,d,7,3200,1.5,7.0,LibraryDP,Binomial,NB,5,0.0357142857142857
expanded,d,7,3200,1.5,7.0,LibraryDP,Binomial,ZIP,0,0.0
expanded,d,7,3200,1.5,7.0,LibraryDP,Binomial,Geom,0,0.0
expanded,d,7,3200,1.5,7.0,LibraryDP,Binomial,Binomial,107,0.7642857142857142
expanded,d,7,3200,1.5,7.0,LibraryDP,Binomial,Bernoulli,2,0.0142857142857142
expanded,d,7,3200,1.5,7.0,LibraryDP,Bernoulli,Poisson,7,0.0555555555555555
expanded,d,7,3200,1.5,7.0,LibraryDP,Bernoulli,NB,5,0.0396825396825396
expanded,d,7,3200,1.5,7.0,LibraryDP,Bernoulli,ZIP,0,0.0
expanded,d,7,3200,1.5,7.0,LibraryDP,Bernoulli,Geom,9,0.0714285714285714
expanded,d,7,3200,1.5,7.0,LibraryDP,Bernoulli,Binomial,0,0.0
expanded,d,7,3200,1.5,7.0,LibraryDP,Bernoulli,Bernoulli,105,0.8333333333333334
expanded,d,7,3200,1.5,7.0,LibraryGreedy,Poisson,Poisson,107,0.856
expanded,d,7,3200,1.5,7.0,LibraryGreedy,Poisson,NB,7,0.056
expanded,d,7,3200,1.5,7.0,LibraryGreedy,Poisson,ZIP,0,0.0
expanded,d,7,3200,1.5,7.0,LibraryGreedy,Poisson,Geom,0,0.0
expanded,d,7,3200,1.5,7.0,LibraryGreedy,Poisson,Binomial,8,0.064
expanded,d,7,3200,1.5,7.0,LibraryGreedy,Poisson,Bernoulli,3,0.024
expanded,d,7,3200,1.5,7.0,LibraryGreedy,NB,Poisson,10,0.1052631578947368
expanded,d,7,3200,1.5,7.0,LibraryGreedy,NB,NB,69,0.7263157894736842
expanded,d,7,3200,1.5,7.0,LibraryGreedy,NB,ZIP,1,0.0105263157894736
expanded,d,7,3200,1.5,7.0,LibraryGreedy,NB,Geom,7,0.0736842105263157
expanded,d,7,3200,1.5,7.0,LibraryGreedy,NB,Binomial,4,0.0421052631578947
expanded,d,7,3200,1.5,7.0,LibraryGreedy,NB,Bernoulli,4,0.0421052631578947
expanded,d,7,3200,1.5,7.0,LibraryGreedy,ZIP,Poisson,1,0.0093457943925233
expanded,d,7,3200,1.5,7.0,LibraryGreedy,ZIP,NB,10,0.0934579439252336
expanded,d,7,3200,1.5,7.0,LibraryGreedy,ZIP,ZIP,86,0.8037383177570093
expanded,d,7,3200,1.5,7.0,LibraryGreedy,ZIP,Geom,8,0.0747663551401869
expanded,d,7,3200,1.5,7.0,LibraryGreedy,ZIP,Binomial,0,0.0
expanded,d,7,3200,1.5,7.0,LibraryGreedy,ZIP,Bernoulli,2,0.0186915887850467
expanded,d,7,3200,1.5,7.0,LibraryGreedy,Geom,Poisson,0,0.0
expanded,d,7,3200,1.5,7.0,LibraryGreedy,Geom,NB,26,0.2429906542056074
expanded,d,7,3200,1.5,7.0,LibraryGreedy,Geom,ZIP,1,0.0093457943925233
expanded,d,7,3200,1.5,7.0,LibraryGreedy,Geom,Geom,76,0.7102803738317757
expanded,d,7,3200,1.5,7.0,LibraryGreedy,Geom,Binomial,1,0.0093457943925233
expanded,d,7,3200,1.5,7.0,LibraryGreedy,Geom,Bernoulli,3,0.02803738317757
expanded,d,7,3200,1.5,7.0,LibraryGreedy,Binomial,Poisson,22,0.1571428571428571
expanded,d,7,3200,1.5,7.0,LibraryGreedy,Binomial,NB,10,0.0714285714285714
expanded,d,7,3200,1.5,7.0,LibraryGreedy,Binomial,ZIP,2,0.0142857142857142
expanded,d,7,3200,1.5,7.0,LibraryGreedy,Binomial,Geom,0,0.0
expanded,d,7,3200,1.5,7.0,LibraryGreedy,Binomial,Binomial,105,0.75
expanded,d,7,3200,1.5,7.0,LibraryGreedy,Binomial,Bernoulli,1,0.0071428571428571
expanded,d,7,3200,1.5,7.0,LibraryGreedy,Bernoulli,Poisson,12,0.0952380952380952
expanded,d,7,3200,1.5,7.0,LibraryGreedy,Bernoulli,NB,8,0.0634920634920634
expanded,d,7,3200,1.5,7.0,LibraryGreedy,Bernoulli,ZIP,0,0.0
expanded,d,7,3200,1.5,7.0,LibraryGreedy,Bernoulli,Geom,6,0.0476190476190476
expanded,d,7,3200,1.5,7.0,LibraryGreedy,Bernoulli,Binomial,0,0.0
expanded,d,7,3200,1.5,7.0,LibraryGreedy,Bernoulli,Bernoulli,100,0.7936507936507936
expanded,d,7,3200,1.5,7.0,OracleDP,Poisson,Poisson,125,1.0
expanded,d,7,3200,1.5,7.0,OracleDP,Poisson,NB,0,0.0
expanded,d,7,3200,1.5,7.0,OracleDP,Poisson,ZIP,0,0.0
expanded,d,7,3200,1.5,7.0,OracleDP,Poisson,Geom,0,0.0
expanded,d,7,3200,1.5,7.0,OracleDP,Poisson,Binomial,0,0.0
expanded,d,7,3200,1.5,7.0,OracleDP,Poisson,Bernoulli,0,0.0
expanded,d,7,3200,1.5,7.0,OracleDP,NB,Poisson,0,0.0
expanded,d,7,3200,1.5,7.0,OracleDP,NB,NB,95,1.0
expanded,d,7,3200,1.5,7.0,OracleDP,NB,ZIP,0,0.0
expanded,d,7,3200,1.5,7.0,OracleDP,NB,Geom,0,0.0
expanded,d,7,3200,1.5,7.0,OracleDP,NB,Binomial,0,0.0
expanded,d,7,3200,1.5,7.0,OracleDP,NB,Bernoulli,0,0.0
expanded,d,7,3200,1.5,7.0,OracleDP,ZIP,Poisson,0,0.0
expanded,d,7,3200,1.5,7.0,OracleDP,ZIP,NB,0,0.0
expanded,d,7,3200,1.5,7.0,OracleDP,ZIP,ZIP,107,1.0
expanded,d,7,3200,1.5,7.0,OracleDP,ZIP,Geom,0,0.0
expanded,d,7,3200,1.5,7.0,OracleDP,ZIP,Binomial,0,0.0
expanded,d,7,3200,1.5,7.0,OracleDP,ZIP,Bernoulli,0,0.0
expanded,d,7,3200,1.5,7.0,OracleDP,Geom,Poisson,0,0.0
expanded,d,7,3200,1.5,7.0,OracleDP,Geom,NB,0,0.0
expanded,d,7,3200,1.5,7.0,OracleDP,Geom,ZIP,0,0.0
expanded,d,7,3200,1.5,7.0,OracleDP,Geom,Geom,107,1.0
expanded,d,7,3200,1.5,7.0,OracleDP,Geom,Binomial,0,0.0
expanded,d,7,3200,1.5,7.0,OracleDP,Geom,Bernoulli,0,0.0
expanded,d,7,3200,1.5,7.0,OracleDP,Binomial,Poisson,0,0.0
expanded,d,7,3200,1.5,7.0,OracleDP,Binomial,NB,0,0.0
expanded,d,7,3200,1.5,7.0,OracleDP,Binomial,ZIP,0,0.0
expanded,d,7,3200,1.5,7.0,OracleDP,Binomial,Geom,0,0.0
expanded,d,7,3200,1.5,7.0,OracleDP,Binomial,Binomial,140,1.0
expanded,d,7,3200,1.5,7.0,OracleDP,Binomial,Bernoulli,0,0.0
expanded,d,7,3200,1.5,7.0,OracleDP,Bernoulli,Poisson,0,0.0
expanded,d,7,3200,1.5,7.0,OracleDP,Bernoulli,NB,0,0.0
expanded,d,7,3200,1.5,7.0,OracleDP,Bernoulli,ZIP,0,0.0
expanded,d,7,3200,1.5,7.0,OracleDP,Bernoulli,Geom,0,0.0
expanded,d,7,3200,1.5,7.0,OracleDP,Bernoulli,Binomial,0,0.0
expanded,d,7,3200,1.5,7.0,OracleDP,Bernoulli,Bernoulli,126,1.0
expanded,d,8,3200,1.5,8.0,LibraryDP,Poisson,Poisson,111,0.9327731092436976
expanded,d,8,3200,1.5,8.0,LibraryDP,Poisson,NB,7,0.0588235294117647
expanded,d,8,3200,1.5,8.0,LibraryDP,Poisson,ZIP,0,0.0
expanded,d,8,3200,1.5,8.0,LibraryDP,Poisson,Geom,0,0.0
expanded,d,8,3200,1.5,8.0,LibraryDP,Poisson,Binomial,1,0.0084033613445378
expanded,d,8,3200,1.5,8.0,LibraryDP,Poisson,Bernoulli,0,0.0
expanded,d,8,3200,1.5,8.0,LibraryDP,NB,Poisson,12,0.081081081081081
expanded,d,8,3200,1.5,8.0,LibraryDP,NB,NB,126,0.8513513513513513
expanded,d,8,3200,1.5,8.0,LibraryDP,NB,ZIP,2,0.0135135135135135
expanded,d,8,3200,1.5,8.0,LibraryDP,NB,Geom,4,0.027027027027027
expanded,d,8,3200,1.5,8.0,LibraryDP,NB,Binomial,1,0.0067567567567567
expanded,d,8,3200,1.5,8.0,LibraryDP,NB,Bernoulli,3,0.0202702702702702
expanded,d,8,3200,1.5,8.0,LibraryDP,ZIP,Poisson,2,0.0161290322580645
expanded,d,8,3200,1.5,8.0,LibraryDP,ZIP,NB,9,0.0725806451612903
expanded,d,8,3200,1.5,8.0,LibraryDP,ZIP,ZIP,101,0.8145161290322581
expanded,d,8,3200,1.5,8.0,LibraryDP,ZIP,Geom,10,0.0806451612903225
expanded,d,8,3200,1.5,8.0,LibraryDP,ZIP,Binomial,0,0.0
expanded,d,8,3200,1.5,8.0,LibraryDP,ZIP,Bernoulli,2,0.0161290322580645
expanded,d,8,3200,1.5,8.0,LibraryDP,Geom,Poisson,1,0.0068493150684931
expanded,d,8,3200,1.5,8.0,LibraryDP,Geom,NB,36,0.2465753424657534
expanded,d,8,3200,1.5,8.0,LibraryDP,Geom,ZIP,0,0.0
expanded,d,8,3200,1.5,8.0,LibraryDP,Geom,Geom,103,0.7054794520547946
expanded,d,8,3200,1.5,8.0,LibraryDP,Geom,Binomial,1,0.0068493150684931
expanded,d,8,3200,1.5,8.0,LibraryDP,Geom,Bernoulli,5,0.0342465753424657
expanded,d,8,3200,1.5,8.0,LibraryDP,Binomial,Poisson,14,0.1129032258064516
expanded,d,8,3200,1.5,8.0,LibraryDP,Binomial,NB,7,0.0564516129032258
expanded,d,8,3200,1.5,8.0,LibraryDP,Binomial,ZIP,0,0.0
expanded,d,8,3200,1.5,8.0,LibraryDP,Binomial,Geom,3,0.0241935483870967
expanded,d,8,3200,1.5,8.0,LibraryDP,Binomial,Binomial,98,0.7903225806451613
expanded,d,8,3200,1.5,8.0,LibraryDP,Binomial,Bernoulli,2,0.0161290322580645
expanded,d,8,3200,1.5,8.0,LibraryDP,Bernoulli,Poisson,11,0.079136690647482
expanded,d,8,3200,1.5,8.0,LibraryDP,Bernoulli,NB,12,0.0863309352517985
expanded,d,8,3200,1.5,8.0,LibraryDP,Bernoulli,ZIP,0,0.0
expanded,d,8,3200,1.5,8.0,LibraryDP,Bernoulli,Geom,7,0.0503597122302158
expanded,d,8,3200,1.5,8.0,LibraryDP,Bernoulli,Binomial,0,0.0
expanded,d,8,3200,1.5,8.0,LibraryDP,Bernoulli,Bernoulli,109,0.7841726618705036
expanded,d,8,3200,1.5,8.0,LibraryGreedy,Poisson,Poisson,97,0.8151260504201681
expanded,d,8,3200,1.5,8.0,LibraryGreedy,Poisson,NB,12,0.1008403361344537
expanded,d,8,3200,1.5,8.0,LibraryGreedy,Poisson,ZIP,0,0.0
expanded,d,8,3200,1.5,8.0,LibraryGreedy,Poisson,Geom,0,0.0
expanded,d,8,3200,1.5,8.0,LibraryGreedy,Poisson,Binomial,8,0.0672268907563025
expanded,d,8,3200,1.5,8.0,LibraryGreedy,Poisson,Bernoulli,2,0.0168067226890756
expanded,d,8,3200,1.5,8.0,LibraryGreedy,NB,Poisson,13,0.0878378378378378
expanded,d,8,3200,1.5,8.0,LibraryGreedy,NB,NB,114,0.7702702702702703
expanded,d,8,3200,1.5,8.0,LibraryGreedy,NB,ZIP,4,0.027027027027027
expanded,d,8,3200,1.5,8.0,LibraryGreedy,NB,Geom,6,0.0405405405405405
expanded,d,8,3200,1.5,8.0,LibraryGreedy,NB,Binomial,5,0.0337837837837837
expanded,d,8,3200,1.5,8.0,LibraryGreedy,NB,Bernoulli,6,0.0405405405405405
expanded,d,8,3200,1.5,8.0,LibraryGreedy,ZIP,Poisson,6,0.0483870967741935
expanded,d,8,3200,1.5,8.0,LibraryGreedy,ZIP,NB,12,0.0967741935483871
expanded,d,8,3200,1.5,8.0,LibraryGreedy,ZIP,ZIP,93,0.75
expanded,d,8,3200,1.5,8.0,LibraryGreedy,ZIP,Geom,10,0.0806451612903225
expanded,d,8,3200,1.5,8.0,LibraryGreedy,ZIP,Binomial,0,0.0
expanded,d,8,3200,1.5,8.0,LibraryGreedy,ZIP,Bernoulli,3,0.0241935483870967
expanded,d,8,3200,1.5,8.0,LibraryGreedy,Geom,Poisson,2,0.0136986301369863
expanded,d,8,3200,1.5,8.0,LibraryGreedy,Geom,NB,32,0.2191780821917808
expanded,d,8,3200,1.5,8.0,LibraryGreedy,Geom,ZIP,1,0.0068493150684931
expanded,d,8,3200,1.5,8.0,LibraryGreedy,Geom,Geom,109,0.7465753424657534
expanded,d,8,3200,1.5,8.0,LibraryGreedy,Geom,Binomial,0,0.0
expanded,d,8,3200,1.5,8.0,LibraryGreedy,Geom,Bernoulli,2,0.0136986301369863
expanded,d,8,3200,1.5,8.0,LibraryGreedy,Binomial,Poisson,18,0.1451612903225806
expanded,d,8,3200,1.5,8.0,LibraryGreedy,Binomial,NB,6,0.0483870967741935
expanded,d,8,3200,1.5,8.0,LibraryGreedy,Binomial,ZIP,0,0.0
expanded,d,8,3200,1.5,8.0,LibraryGreedy,Binomial,Geom,2,0.0161290322580645
expanded,d,8,3200,1.5,8.0,LibraryGreedy,Binomial,Binomial,95,0.7661290322580645
expanded,d,8,3200,1.5,8.0,LibraryGreedy,Binomial,Bernoulli,3,0.0241935483870967
expanded,d,8,3200,1.5,8.0,LibraryGreedy,Bernoulli,Poisson,9,0.0647482014388489
expanded,d,8,3200,1.5,8.0,LibraryGreedy,Bernoulli,NB,17,0.1223021582733813
expanded,d,8,3200,1.5,8.0,LibraryGreedy,Bernoulli,ZIP,4,0.0287769784172661
expanded,d,8,3200,1.5,8.0,LibraryGreedy,Bernoulli,Geom,11,0.079136690647482
expanded,d,8,3200,1.5,8.0,LibraryGreedy,Bernoulli,Binomial,1,0.0071942446043165
expanded,d,8,3200,1.5,8.0,LibraryGreedy,Bernoulli,Bernoulli,97,0.697841726618705
expanded,d,8,3200,1.5,8.0,OracleDP,Poisson,Poisson,119,1.0
expanded,d,8,3200,1.5,8.0,OracleDP,Poisson,NB,0,0.0
expanded,d,8,3200,1.5,8.0,OracleDP,Poisson,ZIP,0,0.0
expanded,d,8,3200,1.5,8.0,OracleDP,Poisson,Geom,0,0.0
expanded,d,8,3200,1.5,8.0,OracleDP,Poisson,Binomial,0,0.0
expanded,d,8,3200,1.5,8.0,OracleDP,Poisson,Bernoulli,0,0.0
expanded,d,8,3200,1.5,8.0,OracleDP,NB,Poisson,0,0.0
expanded,d,8,3200,1.5,8.0,OracleDP,NB,NB,148,1.0
expanded,d,8,3200,1.5,8.0,OracleDP,NB,ZIP,0,0.0
expanded,d,8,3200,1.5,8.0,OracleDP,NB,Geom,0,0.0
expanded,d,8,3200,1.5,8.0,OracleDP,NB,Binomial,0,0.0
expanded,d,8,3200,1.5,8.0,OracleDP,NB,Bernoulli,0,0.0
expanded,d,8,3200,1.5,8.0,OracleDP,ZIP,Poisson,0,0.0
expanded,d,8,3200,1.5,8.0,OracleDP,ZIP,NB,0,0.0
expanded,d,8,3200,1.5,8.0,OracleDP,ZIP,ZIP,124,1.0
expanded,d,8,3200,1.5,8.0,OracleDP,ZIP,Geom,0,0.0
expanded,d,8,3200,1.5,8.0,OracleDP,ZIP,Binomial,0,0.0
expanded,d,8,3200,1.5,8.0,OracleDP,ZIP,Bernoulli,0,0.0
expanded,d,8,3200,1.5,8.0,OracleDP,Geom,Poisson,0,0.0
expanded,d,8,3200,1.5,8.0,OracleDP,Geom,NB,0,0.0
expanded,d,8,3200,1.5,8.0,OracleDP,Geom,ZIP,0,0.0
expanded,d,8,3200,1.5,8.0,OracleDP,Geom,Geom,146,1.0
expanded,d,8,3200,1.5,8.0,OracleDP,Geom,Binomial,0,0.0
expanded,d,8,3200,1.5,8.0,OracleDP,Geom,Bernoulli,0,0.0
expanded,d,8,3200,1.5,8.0,OracleDP,Binomial,Poisson,0,0.0
expanded,d,8,3200,1.5,8.0,OracleDP,Binomial,NB,0,0.0
expanded,d,8,3200,1.5,8.0,OracleDP,Binomial,ZIP,0,0.0
expanded,d,8,3200,1.5,8.0,OracleDP,Binomial,Geom,0,0.0
expanded,d,8,3200,1.5,8.0,OracleDP,Binomial,Binomial,124,1.0
expanded,d,8,3200,1.5,8.0,OracleDP,Binomial,Bernoulli,0,0.0
expanded,d,8,3200,1.5,8.0,OracleDP,Bernoulli,Poisson,0,0.0
expanded,d,8,3200,1.5,8.0,OracleDP,Bernoulli,NB,0,0.0
expanded,d,8,3200,1.5,8.0,OracleDP,Bernoulli,ZIP,0,0.0
expanded,d,8,3200,1.5,8.0,OracleDP,Bernoulli,Geom,0,0.0
expanded,d,8,3200,1.5,8.0,OracleDP,Bernoulli,Binomial,0,0.0
expanded,d,8,3200,1.5,8.0,OracleDP,Bernoulli,Bernoulli,139,1.0
expanded,d,9,3200,1.5,9.0,LibraryDP,Poisson,Poisson,122,0.8187919463087249
expanded,d,9,3200,1.5,9.0,LibraryDP,Poisson,NB,15,0.1006711409395973
expanded,d,9,3200,1.5,9.0,LibraryDP,Poisson,ZIP,0,0.0
expanded,d,9,3200,1.5,9.0,LibraryDP,Poisson,Geom,0,0.0
expanded,d,9,3200,1.5,9.0,LibraryDP,Poisson,Binomial,7,0.046979865771812
expanded,d,9,3200,1.5,9.0,LibraryDP,Poisson,Bernoulli,5,0.0335570469798657
expanded,d,9,3200,1.5,9.0,LibraryDP,NB,Poisson,16,0.1032258064516129
expanded,d,9,3200,1.5,9.0,LibraryDP,NB,NB,121,0.7806451612903226
expanded,d,9,3200,1.5,9.0,LibraryDP,NB,ZIP,4,0.0258064516129032
expanded,d,9,3200,1.5,9.0,LibraryDP,NB,Geom,7,0.0451612903225806
expanded,d,9,3200,1.5,9.0,LibraryDP,NB,Binomial,1,0.0064516129032258
expanded,d,9,3200,1.5,9.0,LibraryDP,NB,Bernoulli,6,0.0387096774193548
expanded,d,9,3200,1.5,9.0,LibraryDP,ZIP,Poisson,3,0.0201342281879194
expanded,d,9,3200,1.5,9.0,LibraryDP,ZIP,NB,23,0.1543624161073825
expanded,d,9,3200,1.5,9.0,LibraryDP,ZIP,ZIP,115,0.7718120805369127
expanded,d,9,3200,1.5,9.0,LibraryDP,ZIP,Geom,5,0.0335570469798657
expanded,d,9,3200,1.5,9.0,LibraryDP,ZIP,Binomial,0,0.0
expanded,d,9,3200,1.5,9.0,LibraryDP,ZIP,Bernoulli,3,0.0201342281879194
expanded,d,9,3200,1.5,9.0,LibraryDP,Geom,Poisson,1,0.0068493150684931
expanded,d,9,3200,1.5,9.0,LibraryDP,Geom,NB,42,0.2876712328767123
expanded,d,9,3200,1.5,9.0,LibraryDP,Geom,ZIP,1,0.0068493150684931
expanded,d,9,3200,1.5,9.0,LibraryDP,Geom,Geom,100,0.684931506849315
expanded,d,9,3200,1.5,9.0,LibraryDP,Geom,Binomial,1,0.0068493150684931
expanded,d,9,3200,1.5,9.0,LibraryDP,Geom,Bernoulli,1,0.0068493150684931
expanded,d,9,3200,1.5,9.0,LibraryDP,Binomial,Poisson,22,0.1383647798742138
expanded,d,9,3200,1.5,9.0,LibraryDP,Binomial,NB,17,0.1069182389937107
expanded,d,9,3200,1.5,9.0,LibraryDP,Binomial,ZIP,0,0.0
expanded,d,9,3200,1.5,9.0,LibraryDP,Binomial,Geom,0,0.0
expanded,d,9,3200,1.5,9.0,LibraryDP,Binomial,Binomial,116,0.7295597484276729
expanded,d,9,3200,1.5,9.0,LibraryDP,Binomial,Bernoulli,4,0.0251572327044025
expanded,d,9,3200,1.5,9.0,LibraryDP,Bernoulli,Poisson,16,0.1126760563380281
expanded,d,9,3200,1.5,9.0,LibraryDP,Bernoulli,NB,17,0.1197183098591549
expanded,d,9,3200,1.5,9.0,LibraryDP,Bernoulli,ZIP,0,0.0
expanded,d,9,3200,1.5,9.0,LibraryDP,Bernoulli,Geom,12,0.0845070422535211
expanded,d,9,3200,1.5,9.0,LibraryDP,Bernoulli,Binomial,0,0.0
expanded,d,9,3200,1.5,9.0,LibraryDP,Bernoulli,Bernoulli,97,0.6830985915492958
expanded,d,9,3200,1.5,9.0,LibraryGreedy,Poisson,Poisson,114,0.7651006711409396
expanded,d,9,3200,1.5,9.0,LibraryGreedy,Poisson,NB,15,0.1006711409395973
expanded,d,9,3200,1.5,9.0,LibraryGreedy,Poisson,ZIP,0,0.0
expanded,d,9,3200,1.5,9.0,LibraryGreedy,Poisson,Geom,2,0.0134228187919463
expanded,d,9,3200,1.5,9.0,LibraryGreedy,Poisson,Binomial,15,0.1006711409395973
expanded,d,9,3200,1.5,9.0,LibraryGreedy,Poisson,Bernoulli,3,0.0201342281879194
expanded,d,9,3200,1.5,9.0,LibraryGreedy,NB,Poisson,15,0.0967741935483871
expanded,d,9,3200,1.5,9.0,LibraryGreedy,NB,NB,123,0.7935483870967742
expanded,d,9,3200,1.5,9.0,LibraryGreedy,NB,ZIP,4,0.0258064516129032
expanded,d,9,3200,1.5,9.0,LibraryGreedy,NB,Geom,9,0.0580645161290322
expanded,d,9,3200,1.5,9.0,LibraryGreedy,NB,Binomial,1,0.0064516129032258
expanded,d,9,3200,1.5,9.0,LibraryGreedy,NB,Bernoulli,3,0.0193548387096774
expanded,d,9,3200,1.5,9.0,LibraryGreedy,ZIP,Poisson,7,0.046979865771812
expanded,d,9,3200,1.5,9.0,LibraryGreedy,ZIP,NB,18,0.1208053691275167
expanded,d,9,3200,1.5,9.0,LibraryGreedy,ZIP,ZIP,113,0.7583892617449665
expanded,d,9,3200,1.5,9.0,LibraryGreedy,ZIP,Geom,8,0.0536912751677852
expanded,d,9,3200,1.5,9.0,LibraryGreedy,ZIP,Binomial,1,0.0067114093959731
expanded,d,9,3200,1.5,9.0,LibraryGreedy,ZIP,Bernoulli,2,0.0134228187919463
expanded,d,9,3200,1.5,9.0,LibraryGreedy,Geom,Poisson,1,0.0068493150684931
expanded,d,9,3200,1.5,9.0,LibraryGreedy,Geom,NB,36,0.2465753424657534
expanded,d,9,3200,1.5,9.0,LibraryGreedy,Geom,ZIP,5,0.0342465753424657
expanded,d,9,3200,1.5,9.0,LibraryGreedy,Geom,Geom,100,0.684931506849315
expanded,d,9,3200,1.5,9.0,LibraryGreedy,Geom,Binomial,1,0.0068493150684931
expanded,d,9,3200,1.5,9.0,LibraryGreedy,Geom,Bernoulli,3,0.0205479452054794
expanded,d,9,3200,1.5,9.0,LibraryGreedy,Binomial,Poisson,25,0.1572327044025157
expanded,d,9,3200,1.5,9.0,LibraryGreedy,Binomial,NB,9,0.0566037735849056
expanded,d,9,3200,1.5,9.0,LibraryGreedy,Binomial,ZIP,1,0.0062893081761006
expanded,d,9,3200,1.5,9.0,LibraryGreedy,Binomial,Geom,2,0.0125786163522012
expanded,d,9,3200,1.5,9.0,LibraryGreedy,Binomial,Binomial,121,0.7610062893081762
expanded,d,9,3200,1.5,9.0,LibraryGreedy,Binomial,Bernoulli,1,0.0062893081761006
expanded,d,9,3200,1.5,9.0,LibraryGreedy,Bernoulli,Poisson,16,0.1126760563380281
expanded,d,9,3200,1.5,9.0,LibraryGreedy,Bernoulli,NB,15,0.1056338028169014
expanded,d,9,3200,1.5,9.0,LibraryGreedy,Bernoulli,ZIP,1,0.0070422535211267
expanded,d,9,3200,1.5,9.0,LibraryGreedy,Bernoulli,Geom,12,0.0845070422535211
expanded,d,9,3200,1.5,9.0,LibraryGreedy,Bernoulli,Binomial,2,0.0140845070422535
expanded,d,9,3200,1.5,9.0,LibraryGreedy,Bernoulli,Bernoulli,96,0.676056338028169
expanded,d,9,3200,1.5,9.0,OracleDP,Poisson,Poisson,149,1.0
expanded,d,9,3200,1.5,9.0,OracleDP,Poisson,NB,0,0.0
expanded,d,9,3200,1.5,9.0,OracleDP,Poisson,ZIP,0,0.0
expanded,d,9,3200,1.5,9.0,OracleDP,Poisson,Geom,0,0.0
expanded,d,9,3200,1.5,9.0,OracleDP,Poisson,Binomial,0,0.0
expanded,d,9,3200,1.5,9.0,OracleDP,Poisson,Bernoulli,0,0.0
expanded,d,9,3200,1.5,9.0,OracleDP,NB,Poisson,0,0.0
expanded,d,9,3200,1.5,9.0,OracleDP,NB,NB,155,1.0
expanded,d,9,3200,1.5,9.0,OracleDP,NB,ZIP,0,0.0
expanded,d,9,3200,1.5,9.0,OracleDP,NB,Geom,0,0.0
expanded,d,9,3200,1.5,9.0,OracleDP,NB,Binomial,0,0.0
expanded,d,9,3200,1.5,9.0,OracleDP,NB,Bernoulli,0,0.0
expanded,d,9,3200,1.5,9.0,OracleDP,ZIP,Poisson,0,0.0
expanded,d,9,3200,1.5,9.0,OracleDP,ZIP,NB,0,0.0
expanded,d,9,3200,1.5,9.0,OracleDP,ZIP,ZIP,149,1.0
expanded,d,9,3200,1.5,9.0,OracleDP,ZIP,Geom,0,0.0
expanded,d,9,3200,1.5,9.0,OracleDP,ZIP,Binomial,0,0.0
expanded,d,9,3200,1.5,9.0,OracleDP,ZIP,Bernoulli,0,0.0
expanded,d,9,3200,1.5,9.0,OracleDP,Geom,Poisson,0,0.0
expanded,d,9,3200,1.5,9.0,OracleDP,Geom,NB,0,0.0
expanded,d,9,3200,1.5,9.0,OracleDP,Geom,ZIP,0,0.0
expanded,d,9,3200,1.5,9.0,OracleDP,Geom,Geom,146,1.0
expanded,d,9,3200,1.5,9.0,OracleDP,Geom,Binomial,0,0.0
expanded,d,9,3200,1.5,9.0,OracleDP,Geom,Bernoulli,0,0.0
expanded,d,9,3200,1.5,9.0,OracleDP,Binomial,Poisson,0,0.0
expanded,d,9,3200,1.5,9.0,OracleDP,Binomial,NB,0,0.0
expanded,d,9,3200,1.5,9.0,OracleDP,Binomial,ZIP,0,0.0
expanded,d,9,3200,1.5,9.0,OracleDP,Binomial,Geom,0,0.0
expanded,d,9,3200,1.5,9.0,OracleDP,Binomial,Binomial,159,1.0
expanded,d,9,3200,1.5,9.0,OracleDP,Binomial,Bernoulli,0,0.0
expanded,d,9,3200,1.5,9.0,OracleDP,Bernoulli,Poisson,0,0.0
expanded,d,9,3200,1.5,9.0,OracleDP,Bernoulli,NB,0,0.0
expanded,d,9,3200,1.5,9.0,OracleDP,Bernoulli,ZIP,0,0.0
expanded,d,9,3200,1.5,9.0,OracleDP,Bernoulli,Geom,0,0.0
expanded,d,9,3200,1.5,9.0,OracleDP,Bernoulli,Binomial,0,0.0
expanded,d,9,3200,1.5,9.0,OracleDP,Bernoulli,Bernoulli,142,1.0
expanded,d,10,3200,1.5,10.0,LibraryDP,Poisson,Poisson,142,0.7932960893854749
expanded,d,10,3200,1.5,10.0,LibraryDP,Poisson,NB,26,0.1452513966480447
expanded,d,10,3200,1.5,10.0,LibraryDP,Poisson,ZIP,0,0.0
expanded,d,10,3200,1.5,10.0,LibraryDP,Poisson,Geom,0,0.0
expanded,d,10,3200,1.5,10.0,LibraryDP,Poisson,Binomial,6,0.0335195530726257
expanded,d,10,3200,1.5,10.0,LibraryDP,Poisson,Bernoulli,5,0.0279329608938547
expanded,d,10,3200,1.5,10.0,LibraryDP,NB,Poisson,18,0.1065088757396449
expanded,d,10,3200,1.5,10.0,LibraryDP,NB,NB,139,0.8224852071005917
expanded,d,10,3200,1.5,10.0,LibraryDP,NB,ZIP,1,0.0059171597633136
expanded,d,10,3200,1.5,10.0,LibraryDP,NB,Geom,5,0.029585798816568
expanded,d,10,3200,1.5,10.0,LibraryDP,NB,Binomial,4,0.0236686390532544
expanded,d,10,3200,1.5,10.0,LibraryDP,NB,Bernoulli,2,0.0118343195266272
expanded,d,10,3200,1.5,10.0,LibraryDP,ZIP,Poisson,3,0.0204081632653061
expanded,d,10,3200,1.5,10.0,LibraryDP,ZIP,NB,21,0.1428571428571428
expanded,d,10,3200,1.5,10.0,LibraryDP,ZIP,ZIP,110,0.7482993197278912
expanded,d,10,3200,1.5,10.0,LibraryDP,ZIP,Geom,8,0.0544217687074829
expanded,d,10,3200,1.5,10.0,LibraryDP,ZIP,Binomial,1,0.0068027210884353
expanded,d,10,3200,1.5,10.0,LibraryDP,ZIP,Bernoulli,4,0.0272108843537414
expanded,d,10,3200,1.5,10.0,LibraryDP,Geom,Poisson,1,0.0059880239520958
expanded,d,10,3200,1.5,10.0,LibraryDP,Geom,NB,44,0.2634730538922156
expanded,d,10,3200,1.5,10.0,LibraryDP,Geom,ZIP,0,0.0
expanded,d,10,3200,1.5,10.0,LibraryDP,Geom,Geom,113,0.6766467065868264
expanded,d,10,3200,1.5,10.0,LibraryDP,Geom,Binomial,0,0.0
expanded,d,10,3200,1.5,10.0,LibraryDP,Geom,Bernoulli,9,0.0538922155688622
expanded,d,10,3200,1.5,10.0,LibraryDP,Binomial,Poisson,21,0.1257485029940119
expanded,d,10,3200,1.5,10.0,LibraryDP,Binomial,NB,17,0.1017964071856287
expanded,d,10,3200,1.5,10.0,LibraryDP,Binomial,ZIP,0,0.0
expanded,d,10,3200,1.5,10.0,LibraryDP,Binomial,Geom,1,0.0059880239520958
expanded,d,10,3200,1.5,10.0,LibraryDP,Binomial,Binomial,122,0.7305389221556886
expanded,d,10,3200,1.5,10.0,LibraryDP,Binomial,Bernoulli,6,0.0359281437125748
expanded,d,10,3200,1.5,10.0,LibraryDP,Bernoulli,Poisson,15,0.087719298245614
expanded,d,10,3200,1.5,10.0,LibraryDP,Bernoulli,NB,22,0.1286549707602339
expanded,d,10,3200,1.5,10.0,LibraryDP,Bernoulli,ZIP,0,0.0
expanded,d,10,3200,1.5,10.0,LibraryDP,Bernoulli,Geom,10,0.0584795321637426
expanded,d,10,3200,1.5,10.0,LibraryDP,Bernoulli,Binomial,0,0.0
expanded,d,10,3200,1.5,10.0,LibraryDP,Bernoulli,Bernoulli,124,0.7251461988304093
expanded,d,10,3200,1.5,10.0,LibraryGreedy,Poisson,Poisson,155,0.8659217877094972
expanded,d,10,3200,1.5,10.0,LibraryGreedy,Poisson,NB,7,0.0391061452513966
expanded,d,10,3200,1.5,10.0,LibraryGreedy,Poisson,ZIP,0,0.0
expanded,d,10,3200,1.5,10.0,LibraryGreedy,Poisson,Geom,0,0.0
expanded,d,10,3200,1.5,10.0,LibraryGreedy,Poisson,Binomial,15,0.0837988826815642
expanded,d,10,3200,1.5,10.0,LibraryGreedy,Poisson,Bernoulli,2,0.0111731843575419
expanded,d,10,3200,1.5,10.0,LibraryGreedy,NB,Poisson,22,0.1301775147928994
expanded,d,10,3200,1.5,10.0,LibraryGreedy,NB,NB,135,0.7988165680473372
expanded,d,10,3200,1.5,10.0,LibraryGreedy,NB,ZIP,3,0.0177514792899408
expanded,d,10,3200,1.5,10.0,LibraryGreedy,NB,Geom,5,0.029585798816568
expanded,d,10,3200,1.5,10.0,LibraryGreedy,NB,Binomial,1,0.0059171597633136
expanded,d,10,3200,1.5,10.0,LibraryGreedy,NB,Bernoulli,3,0.0177514792899408
expanded,d,10,3200,1.5,10.0,LibraryGreedy,ZIP,Poisson,0,0.0
expanded,d,10,3200,1.5,10.0,LibraryGreedy,ZIP,NB,19,0.1292517006802721
expanded,d,10,3200,1.5,10.0,LibraryGreedy,ZIP,ZIP,117,0.7959183673469388
expanded,d,10,3200,1.5,10.0,LibraryGreedy,ZIP,Geom,11,0.0748299319727891
expanded,d,10,3200,1.5,10.0,LibraryGreedy,ZIP,Binomial,0,0.0
expanded,d,10,3200,1.5,10.0,LibraryGreedy,ZIP,Bernoulli,0,0.0
expanded,d,10,3200,1.5,10.0,LibraryGreedy,Geom,Poisson,4,0.0239520958083832
expanded,d,10,3200,1.5,10.0,LibraryGreedy,Geom,NB,33,0.1976047904191616
expanded,d,10,3200,1.5,10.0,LibraryGreedy,Geom,ZIP,1,0.0059880239520958
expanded,d,10,3200,1.5,10.0,LibraryGreedy,Geom,Geom,125,0.7485029940119761
expanded,d,10,3200,1.5,10.0,LibraryGreedy,Geom,Binomial,0,0.0
expanded,d,10,3200,1.5,10.0,LibraryGreedy,Geom,Bernoulli,4,0.0239520958083832
expanded,d,10,3200,1.5,10.0,LibraryGreedy,Binomial,Poisson,24,0.1437125748502994
expanded,d,10,3200,1.5,10.0,LibraryGreedy,Binomial,NB,7,0.0419161676646706
expanded,d,10,3200,1.5,10.0,LibraryGreedy,Binomial,ZIP,1,0.0059880239520958
expanded,d,10,3200,1.5,10.0,LibraryGreedy,Binomial,Geom,2,0.0119760479041916
expanded,d,10,3200,1.5,10.0,LibraryGreedy,Binomial,Binomial,127,0.7604790419161677
expanded,d,10,3200,1.5,10.0,LibraryGreedy,Binomial,Bernoulli,6,0.0359281437125748
expanded,d,10,3200,1.5,10.0,LibraryGreedy,Bernoulli,Poisson,19,0.1111111111111111
expanded,d,10,3200,1.5,10.0,LibraryGreedy,Bernoulli,NB,14,0.0818713450292397
expanded,d,10,3200,1.5,10.0,LibraryGreedy,Bernoulli,ZIP,2,0.0116959064327485
expanded,d,10,3200,1.5,10.0,LibraryGreedy,Bernoulli,Geom,14,0.0818713450292397
expanded,d,10,3200,1.5,10.0,LibraryGreedy,Bernoulli,Binomial,1,0.0058479532163742
expanded,d,10,3200,1.5,10.0,LibraryGreedy,Bernoulli,Bernoulli,121,0.7076023391812866
expanded,d,10,3200,1.5,10.0,OracleDP,Poisson,Poisson,179,1.0
expanded,d,10,3200,1.5,10.0,OracleDP,Poisson,NB,0,0.0
expanded,d,10,3200,1.5,10.0,OracleDP,Poisson,ZIP,0,0.0
expanded,d,10,3200,1.5,10.0,OracleDP,Poisson,Geom,0,0.0
expanded,d,10,3200,1.5,10.0,OracleDP,Poisson,Binomial,0,0.0
expanded,d,10,3200,1.5,10.0,OracleDP,Poisson,Bernoulli,0,0.0
expanded,d,10,3200,1.5,10.0,OracleDP,NB,Poisson,0,0.0
expanded,d,10,3200,1.5,10.0,OracleDP,NB,NB,169,1.0
expanded,d,10,3200,1.5,10.0,OracleDP,NB,ZIP,0,0.0
expanded,d,10,3200,1.5,10.0,OracleDP,NB,Geom,0,0.0
expanded,d,10,3200,1.5,10.0,OracleDP,NB,Binomial,0,0.0
expanded,d,10,3200,1.5,10.0,OracleDP,NB,Bernoulli,0,0.0
expanded,d,10,3200,1.5,10.0,OracleDP,ZIP,Poisson,0,0.0
expanded,d,10,3200,1.5,10.0,OracleDP,ZIP,NB,0,0.0
expanded,d,10,3200,1.5,10.0,OracleDP,ZIP,ZIP,147,1.0
expanded,d,10,3200,1.5,10.0,OracleDP,ZIP,Geom,0,0.0
expanded,d,10,3200,1.5,10.0,OracleDP,ZIP,Binomial,0,0.0
expanded,d,10,3200,1.5,10.0,OracleDP,ZIP,Bernoulli,0,0.0
expanded,d,10,3200,1.5,10.0,OracleDP,Geom,Poisson,0,0.0
expanded,d,10,3200,1.5,10.0,OracleDP,Geom,NB,0,0.0
expanded,d,10,3200,1.5,10.0,OracleDP,Geom,ZIP,0,0.0
expanded,d,10,3200,1.5,10.0,OracleDP,Geom,Geom,167,1.0
expanded,d,10,3200,1.5,10.0,OracleDP,Geom,Binomial,0,0.0
expanded,d,10,3200,1.5,10.0,OracleDP,Geom,Bernoulli,0,0.0
expanded,d,10,3200,1.5,10.0,OracleDP,Binomial,Poisson,0,0.0
expanded,d,10,3200,1.5,10.0,OracleDP,Binomial,NB,0,0.0
expanded,d,10,3200,1.5,10.0,OracleDP,Binomial,ZIP,0,0.0
expanded,d,10,3200,1.5,10.0,OracleDP,Binomial,Geom,0,0.0
expanded,d,10,3200,1.5,10.0,OracleDP,Binomial,Binomial,167,1.0
expanded,d,10,3200,1.5,10.0,OracleDP,Binomial,Bernoulli,0,0.0
expanded,d,10,3200,1.5,10.0,OracleDP,Bernoulli,Poisson,0,0.0
expanded,d,10,3200,1.5,10.0,OracleDP,Bernoulli,NB,0,0.0
expanded,d,10,3200,1.5,10.0,OracleDP,Bernoulli,ZIP,0,0.0
expanded,d,10,3200,1.5,10.0,OracleDP,Bernoulli,Geom,0,0.0
expanded,d,10,3200,1.5,10.0,OracleDP,Bernoulli,Binomial,0,0.0
expanded,d,10,3200,1.5,10.0,OracleDP,Bernoulli,Bernoulli,171,1.0
