alpha_regime,sweep,N,anchor_d,anchor_N,kbar_in,d,method,alpha_low,alpha_high,max_parents,avg_indegree,dag_generation_mode,mean_realized_avg_indegree,se_realized_avg_indegree,parallel_workers,completed_reps,mean_directed_f1,se_directed_f1,mean_skeleton_f1,se_skeleton_f1,mean_exact_dag,se_exact_dag,mean_family_accuracy,se_family_accuracy,mean_alpha_rmse_if_exact,se_alpha_rmse_if_exact,valid_alpha_rmse_reps,mean_alpha_rmse_on_correct_edges,se_alpha_rmse_on_correct_edges,valid_alpha_correct_edge_reps,mean_alpha_mape_on_correct_edges_pct,se_alpha_mape_on_correct_edges_pct,mean_alpha_rmse_on_true_edges,se_alpha_rmse_on_true_edges,mean_n_correct_directed_edges,mean_runtime_sec,se_runtime_sec,mean_local_score_runtime_sec,se_local_score_runtime_sec,mean_search_runtime_sec,se_search_runtime_sec,mean_n_local_scores_evaluated
common,N,100.0,8,100,1.5,8,LibraryDP,0.15,0.85,5,1.5,exact_edges,1.5,0.0,12,100,0.6910480005621276,0.0169826217487681,0.7828902639261098,0.0121261971314313,0.01,0.0099999999999999,0.64875,0.0175607711054549,0.0607025912260287,,1,0.2342615482126023,0.0134863047546219,100,33.96599671488466,1.9535247360122967,0.3374162956750605,0.0121810911459075,7.45,1.0193879789995846,0.0238282311593039,1.018696190999617,0.0238293246968074,0.0006917879999673,8.525154691000432e-06,960.0
common,N,100.0,8,100,1.5,8,LibraryGreedy,0.15,0.85,5,1.5,exact_edges,1.5,0.0,12,100,0.637012708076088,0.0170252243264128,0.7560972826159795,0.0111435554686467,0.0,0.0,0.64125,0.0177360522807374,,,0,0.2500359090634408,0.0142010118475276,100,36.72789594894548,2.1628764837844314,0.3715421455620638,0.0118120141916565,6.72,0.0824420490003831,0.0020818027394811,0.0791132369969273,0.0020350044892862,0.0033288120034558,6.938563817843128e-05,115.11
common,N,100.0,8,100,1.5,8,OracleDP,0.15,0.85,5,1.5,exact_edges,1.5,0.0,12,100,0.7290228238192162,0.0149445911678008,0.7858598479652591,0.0124209636962366,0.0,0.0,1.0,0.0,,,0,0.2223587673962931,0.0133120365435453,100,32.78679716791322,1.928248518843744,0.3193413298300455,0.0120743292094222,8.03,0.2830545059996075,0.0184066409019942,0.2823897900000156,0.018406213534286,0.0006647159995918,7.854383951058484e-06,960.0
common,N,100.0,8,100,1.5,8,PBSCM,0.15,0.85,5,1.5,exact_edges,1.5,0.0,12,100,0.0043956043956043,0.0025136562726294,0.1695445807202773,0.021374886234756,0.0,0.0,,,,,0,,,0,,,,,0.03,0.3563931100003538,0.0391167854803497,,,,,
common,N,100.0,8,100,1.5,8,PBSCM_PGF,0.15,0.85,5,1.5,exact_edges,1.5,0.0,12,100,0.0134243697478991,0.0051552391474662,0.0798108761723312,0.0097750102611549,0.0,0.0,,,,,0,,,0,,,,,0.1,0.073389311000501,0.0007446844695741,,,,,
common,N,100.0,8,100,1.5,8,PC-RCIT,0.15,0.85,5,1.5,exact_edges,1.5,0.0,12,100,0.1281638655462184,0.0156968840490751,0.4769609100050276,0.0113599914190293,0.0,0.0,,,,,0,,,0,,,,,0.97,0.2125624929995683,0.0102523456295702,,,,,
common,N,100.0,8,100,1.5,8,PoissonDAG-ODS,0.15,0.85,5,1.5,exact_edges,1.5,0.0,12,100,0.4606984209774355,0.0118716848323317,0.6617757458738751,0.0070939950665345,0.0,0.0,,,,,0,,,0,,,,,7.4,0.3304149660000985,0.0190117912540447,,,,,
common,N,200.0,8,200,1.5,8,LibraryDP,0.15,0.85,5,1.5,exact_edges,1.5,0.0,12,100,0.7906498660759531,0.0132836147512019,0.8592823463086622,0.008812769744778,0.04,0.0196946385566932,0.74,0.0146163047189213,0.0781413187934829,0.0143725735198119,4,0.1669015876981675,0.0154203649140736,100,24.953394233445447,2.2166136778615657,0.2672612112245309,0.0143061321883916,8.77,1.6054865719996452,0.044826428144644,1.604793032999296,0.0448251566603363,0.0006935390003491,6.843708784902176e-06,960.0
common,N,200.0,8,200,1.5,8,LibraryGreedy,0.15,0.85,5,1.5,exact_edges,1.5,0.0,12,100,0.7169861544506856,0.0155368241391915,0.8217941140730615,0.0096736674916915,0.02,0.0140705294136289,0.71875,0.0157288217401473,0.0640506609564075,0.0105573055898343,2,0.1854775331567192,0.0161673155453758,100,27.49927343555029,2.309676469083776,0.3144767229090577,0.0139766079718141,7.77,0.1208440900003188,0.0030369560245229,0.1172328459988057,0.0029944893185468,0.0036112440015131,6.620227007830186e-05,117.96
common,N,200.0,8,200,1.5,8,OracleDP,0.15,0.85,5,1.5,exact_edges,1.5,0.0,12,100,0.8259685376408489,0.0102723326403962,0.8673606804332205,0.008567933496165,0.06,0.0238683256575942,1.0,0.0,0.0872643128797504,0.0155134654428691,6,0.1582167595283328,0.0141897863657123,100,23.293033629998657,1.7529729138199452,0.2474361269522493,0.0132198613496418,9.28,0.470889589999424,0.0340650019796028,0.4702183629997307,0.0340627658327809,0.0006712269996933,9.546607401516186e-06,960.0
common,N,200.0,8,200,1.5,8,PBSCM,0.15,0.85,5,1.5,exact_edges,1.5,0.0,12,100,0.0131208791208791,0.0046103145286991,0.207398856303655,0.0231352916679822,0.0,0.0,,,,,0,,,0,,,,,0.09,0.4873454189996118,0.045471401790006,,,,,
common,N,200.0,8,200,1.5,8,PBSCM_PGF,0.15,0.85,5,1.5,exact_edges,1.5,0.0,12,100,0.0126666666666666,0.0040497942829441,0.0881053113553113,0.0099673804036139,0.0,0.0,,,,,0,,,0,,,,,0.09,0.0916217559995129,0.0012933351651457,,,,,
common,N,200.0,8,200,1.5,8,PC-RCIT,0.15,0.85,5,1.5,exact_edges,1.5,0.0,12,100,0.1941395277409209,0.0172172348848605,0.6212946827853948,0.010804085016292,0.0,0.0,,,,,0,,,0,,,,,1.55,0.3885206339985598,0.017790343157717,,,,,
common,N,200.0,8,200,1.5,8,PoissonDAG-ODS,0.15,0.85,5,1.5,exact_edges,1.5,0.0,12,100,0.4869485435624394,0.0106437914107681,0.6783345094058112,0.0074026750617354,0.0,0.0,,,,,0,,,0,,,,,7.6,0.3626129580003908,0.0244613192673989,,,,,
common,N,400.0,8,400,1.5,8,LibraryDP,0.15,0.85,5,1.5,exact_edges,1.5,0.0,12,100,0.8692262938942573,0.0105428252284511,0.903316650219854,0.0084844470735797,0.13,0.0337997668989631,0.79375,0.0139188439596008,0.0702709710351958,0.0084812986037835,13,0.1043030691700444,0.0056687900030366,100,15.82264880636236,0.7938754815916342,0.1971209157219631,0.0100158745642788,9.9,2.8587367890001043,0.0903435639643549,2.8580329980001262,0.0903429989165923,0.000703790999978,7.580368784946122e-06,960.0
common,N,400.0,8,400,1.5,8,LibraryGreedy,0.15,0.85,5,1.5,exact_edges,1.5,0.0,12,100,0.8001319572233156,0.0154154753509606,0.8776291658536646,0.0096046924708388,0.11,0.031446603773522,0.73875,0.0154983503520975,0.0778507451373791,0.0105927506438721,11,0.1361072316654764,0.010016099104895,100,19.00157182095796,1.0099742396692124,0.2497594444812392,0.0126462150861249,9.02,0.2122390589995484,0.0059793009530549,0.2079748119950818,0.0059247005969305,0.0042642470044665,8.137770652553724e-05,122.55
common,N,400.0,8,400,1.5,8,OracleDP,0.15,0.85,5,1.5,exact_edges,1.5,0.0,12,100,0.8830057978156511,0.0093466268388534,0.9013338045914842,0.0082621927103751,0.16,0.036845294917747,1.0,0.0,0.0745236762397351,0.0073554449642001,16,0.1010512666505866,0.0052933828308678,100,15.786670618000535,0.8892571989582162,0.1831830648271492,0.0090143065848801,10.16,0.8808535669992853,0.0710411156570205,0.8801655070003471,0.0710409522832017,0.0006880599989381,8.320240699852021e-06,960.0
common,N,400.0,8,400,1.5,8,PBSCM,0.15,0.85,5,1.5,exact_edges,1.5,0.0,12,100,0.0252335523953171,0.0079676757581579,0.2367204294000968,0.0265897602885588,0.0,0.0,,,,,0,,,0,,,,,0.2,0.7933129609999015,0.0808926331817246,,,,,
common,N,400.0,8,400,1.5,8,PBSCM_PGF,0.15,0.85,5,1.5,exact_edges,1.5,0.0,12,100,0.0057142857142857,0.0028135197938133,0.057793956043956,0.0081202230003341,0.0,0.0,,,,,0,,,0,,,,,0.04,0.123664716000203,0.0013296535710943,,,,,
common,N,400.0,8,400,1.5,8,PC-RCIT,0.15,0.85,5,1.5,exact_edges,1.5,0.0,12,100,0.2805862226868418,0.0194233432001279,0.7124545503105202,0.0093518408433492,0.0,0.0,,,,,0,,,0,,,,,2.36,1.4608972919988443,0.0689630885036259,,,,,
common,N,400.0,8,400,1.5,8,PoissonDAG-ODS,0.15,0.85,5,1.5,exact_edges,1.5,0.0,12,100,0.4870798115660304,0.0121171608205474,0.7060296886858078,0.0070317502856624,0.0,0.0,,,,,0,,,0,,,,,7.31,0.3687771069991868,0.0182356325817502,,,,,
common,N,800.0,8,800,1.5,8,LibraryDP,0.15,0.85,5,1.5,exact_edges,1.5,0.0,12,100,0.9123483479906822,0.008387514589833,0.9356740020467712,0.0067234343902338,0.3,0.0460566186471838,0.85,0.0103596926751343,0.0605114615637403,0.005154612032333,30,0.1022968169358644,0.0120996635345719,100,13.63629891139298,0.954829783282126,0.1589549218105904,0.0129552692655854,10.6,5.203507409999584,0.1749018079129633,5.202795727000193,0.1749021708920746,0.0007116829993901,5.119933606800184e-06,960.0
common,N,800.0,8,800,1.5,8,LibraryGreedy,0.15,0.85,5,1.5,exact_edges,1.5,0.0,12,100,0.8578402482592413,0.0132642925353941,0.9133215983101568,0.0075302828959446,0.19,0.0394277244403662,0.8175,0.0139239456558212,0.0622759871717712,0.0069133578149424,19,0.1316268860156979,0.0133074027040822,100,17.00607292349815,1.1829759581079209,0.2041987486902895,0.0145739858124962,9.91,0.3846165870004915,0.0107474881635096,0.3797608370019588,0.0106891434040987,0.0048557499985327,9.28560425440213e-05,126.57
common,N,800.0,8,800,1.5,8,OracleDP,0.15,0.85,5,1.5,exact_edges,1.5,0.0,12,100,0.9209331728869486,0.0070656216344653,0.9326378887829688,0.0065278495469267,0.26,0.0440844002276808,1.0,0.0,0.0614206453628133,0.0054201037361185,26,0.0943931612988953,0.0100322025761963,100,13.083678693448626,0.893858300561144,0.1445618545817333,0.0111668604726373,10.79,1.5967489480003132,0.1325440097253524,1.596041498999839,0.1325444607997932,0.0007074490004742,7.235836103788396e-06,960.0
common,N,800.0,8,800,1.5,8,PBSCM,0.15,0.85,5,1.5,exact_edges,1.5,0.0,12,100,0.0585225393801245,0.0102123451117439,0.294536442121615,0.0274790008960771,0.0,0.0,,,,,0,,,0,,,,,0.47,1.3896227599999111,0.1348925528628257,,,,,
common,N,800.0,8,800,1.5,8,PBSCM_PGF,0.15,0.85,5,1.5,exact_edges,1.5,0.0,12,100,0.0138914027149321,0.0049584976881492,0.0649418767507002,0.0097212419331606,0.0,0.0,,,,,0,,,0,,,,,0.1,0.1891201610001735,0.0019748917823933,,,,,
common,N,800.0,8,800,1.5,8,PC-RCIT,0.15,0.85,5,1.5,exact_edges,1.5,0.0,12,100,0.3970757861774486,0.0197054052543863,0.7928295671364726,0.0091122343883369,0.0,0.0,,,,,0,,,0,,,,,3.57,2.848300372000085,0.1184198047411122,,,,,
common,N,800.0,8,800,1.5,8,PoissonDAG-ODS,0.15,0.85,5,1.5,exact_edges,1.5,0.0,12,100,0.5349469944057276,0.0126907304600606,0.7528140377240901,0.008153553254225,0.0,0.0,,,,,0,,,0,,,,,7.73,0.4779455609992146,0.0326860205972212,,,,,
common,N,1600.0,8,1600,1.5,8,LibraryDP,0.15,0.85,5,1.5,exact_edges,1.5,0.0,12,100,0.950138701496825,0.0060457922067435,0.9577597818657316,0.0052654377440172,0.45,0.05,0.88875,0.0104951588166096,0.0476989584391595,0.0038686491493924,45,0.0618542064508483,0.0037723592821971,100,9.15752862360235,0.43467120168719,0.1031704759053058,0.0078449423175763,11.2,9.823968188999132,0.3469580296191629,9.82324539299967,0.34695851436906,0.0007227959994634,5.936350533751887e-06,960.0
common,N,1600.0,8,1600,1.5,8,LibraryGreedy,0.15,0.85,5,1.5,exact_edges,1.5,0.0,12,100,0.8857472049689441,0.0128785111225989,0.9366296819122908,0.0063332459472471,0.31,0.0464823198711731,0.84375,0.0139188439596008,0.0498021937984418,0.005183751324736,31,0.0910696275639094,0.0073806483711657,100,12.785477654546892,0.8533083402313448,0.1653380063129955,0.0131047589226822,10.37,0.6944281250007043,0.0183323857351776,0.6891394589950505,0.0182782192055723,0.0052886660056537,9.472399480469352e-05,129.44
common,N,1600.0,8,1600,1.5,8,OracleDP,0.15,0.85,5,1.5,exact_edges,1.5,0.0,12,100,0.9460820668271468,0.0064610801460554,0.9535878639285964,0.0057610176553128,0.43,0.0497569851956243,1.0,0.0,0.0468748968777773,0.0040191265962074,43,0.059912944026281,0.0036772474796272,100,9.080995850524868,0.442921127726693,0.1027165201128418,0.0079219325395475,11.21,3.1437469940003937,0.2642618175822283,3.1430527600014466,0.2642614192713451,0.0006942339989473,6.026307932918268e-06,960.0
common,N,1600.0,8,1600,1.5,8,PBSCM,0.15,0.85,5,1.5,exact_edges,1.5,0.0,12,100,0.080639948593307,0.0131000522490528,0.3409102815007041,0.030335053809732,0.0,0.0,,,,,0,,,0,,,,,0.71,2.207716073001502,0.204518533161347,,,,,
common,N,1600.0,8,1600,1.5,8,PBSCM_PGF,0.15,0.85,5,1.5,exact_edges,1.5,0.0,12,100,0.0126666666666666,0.0049107194236712,0.0648809523809523,0.0096920320216812,0.0,0.0,,,,,0,,,0,,,,,0.09,0.3223422949996893,0.0026809303676851,,,,,
common,N,1600.0,8,1600,1.5,8,PC-RCIT,0.15,0.85,5,1.5,exact_edges,1.5,0.0,12,100,0.4905452847805789,0.0188837186814641,0.8474599580210698,0.0079043966277104,0.0,0.0,,,,,0,,,0,,,,,4.65,4.542073245000211,0.1776214732868764,,,,,
common,N,1600.0,8,1600,1.5,8,PoissonDAG-ODS,0.15,0.85,5,1.5,exact_edges,1.5,0.0,12,100,0.58220405192752,0.013909893457575,0.7927968399031948,0.0079774462593405,0.0,0.0,,,,,0,,,0,,,,,8.08,0.6214764519991877,0.037611873097435,,,,,
common,N,2400.0,8,2400,1.5,8,LibraryDP,0.15,0.85,5,1.5,exact_edges,1.5,0.0,12,100,0.9668442658790484,0.004579066037898,0.9700856259682348,0.0040027814881953,0.54,0.0500908265962033,0.91625,0.0094104967719536,0.0432938285644863,0.0035789114451853,54,0.051813147934528,0.0032587475940628,100,8.00087562111672,0.4295195638200865,0.0810120389220632,0.006522549025478,11.47,14.442530878998804,0.5090556267242213,14.441814093999271,0.5090551620558169,0.0007167849995312,5.090537961233745e-06,960.0
common,N,2400.0,8,2400,1.5,8,LibraryGreedy,0.15,0.85,5,1.5,exact_edges,1.5,0.0,12,100,0.9035440038222649,0.0135897753239787,0.9488172088780784,0.0055738628970032,0.38,0.0487831731214563,0.875,0.012934372029518,0.045302807785279,0.0046810764038346,38,0.0788742123930389,0.0066103571023851,100,11.317251205093369,0.7974613953925954,0.1371981444340835,0.0124025210831832,10.65,1.04123047999994,0.0276541240865535,1.0357494440083974,0.0276183015751652,0.0054810359915427,8.115530977608402e-05,130.0
common,N,2400.0,8,2400,1.5,8,OracleDP,0.15,0.85,5,1.5,exact_edges,1.5,0.0,12,100,0.9616992587123022,0.0049055509282798,0.9649043869174304,0.0045006863861224,0.49,0.0502418393795691,1.0,0.0,0.0409726714866062,0.0034341993358648,49,0.0504226412461352,0.0029406871325739,100,7.899817465538735,0.4151498983681518,0.0794813505606675,0.006302592495475,11.45,4.624372439999861,0.3912827042065265,4.6236807969998335,0.3912826313855756,0.0006916430000273,8.456949887059414e-06,960.0
common,N,2400.0,8,2400,1.5,8,PBSCM,0.15,0.85,5,1.5,exact_edges,1.5,0.0,12,100,0.097835323087645,0.0138316102360885,0.3606072572590122,0.0303243693312211,0.0,0.0,,,,,0,,,0,,,,,0.84,2.937030147999758,0.2743232324034661,,,,,
common,N,2400.0,8,2400,1.5,8,PBSCM_PGF,0.15,0.85,5,1.5,exact_edges,1.5,0.0,12,100,0.0099047619047619,0.0041588733548813,0.0694010989010989,0.0094365769872721,0.0,0.0,,,,,0,,,0,,,,,0.07,0.4547670630004722,0.0040343437301876,,,,,
common,N,2400.0,8,2400,1.5,8,PC-RCIT,0.15,0.85,5,1.5,exact_edges,1.5,0.0,12,100,0.5154061075924719,0.0175959758143125,0.8768777229635353,0.0071451026028364,0.0,0.0,,,,,0,,,0,,,,,5.02,6.465464771999686,0.2496298342819498,,,,,
common,N,2400.0,8,2400,1.5,8,PoissonDAG-ODS,0.15,0.85,5,1.5,exact_edges,1.5,0.0,12,100,0.5798401518870844,0.0140615191706937,0.8189045821517213,0.0074368825697608,0.0,0.0,,,,,0,,,0,,,,,7.79,0.786332653999707,0.0442690111129476,,,,,
common,N,3200.0,8,3200,1.5,8,LibraryDP,0.15,0.85,5,1.5,exact_edges,1.5,0.0,12,100,0.9730920885877408,0.0040938177943418,0.9764283204717988,0.0037732030543352,0.6,0.0492365963917331,0.90875,0.0106385460292354,0.0404704731574433,0.0035915196732419,60,0.0474644125690233,0.0030605859318685,100,7.405321935343798,0.4420597624629969,0.0719594901633445,0.0062551738450043,11.57,19.318944011998973,0.6989575421443557,19.318206627999608,0.698956727538531,0.000737383999367,7.458088761159445e-06,960.0
common,N,3200.0,8,3200,1.5,8,LibraryGreedy,0.15,0.85,5,1.5,exact_edges,1.5,0.0,12,100,0.9048773133045444,0.0149604751869568,0.9542941793523028,0.0066955122205531,0.47,0.0501613558046591,0.86375,0.0148747930976188,0.0436340380621878,0.0044466968657084,47,0.0740035606941371,0.0062920827244446,100,10.566184597948276,0.7933899647105338,0.1306314814667778,0.0128445658897422,10.72,1.3719268969993572,0.0365288073837699,1.366121435987152,0.0364877868064102,0.0058054610122053,8.280302966567325e-05,130.51
common,N,3200.0,8,3200,1.5,8,OracleDP,0.15,0.85,5,1.5,exact_edges,1.5,0.0,12,100,0.9686252690948344,0.0046730398171216,0.9710689083862996,0.0043450965904087,0.55,0.05,1.0,0.0,0.0399073963642847,0.0039110785458566,55,0.0477266308105704,0.0031215389207407,100,7.435442825263385,0.451423752557792,0.0714877024348628,0.0063316843272716,11.58,6.108410775001394,0.5285649228544429,6.107712761000585,0.528564483667907,0.000698014000809,5.416453582348365e-06,960.0
common,N,3200.0,8,3200,1.5,8,PBSCM,0.15,0.85,5,1.5,exact_edges,1.5,0.0,12,100,0.1023852643400631,0.0128084977262775,0.3758705442658128,0.0305594844730595,0.0,0.0,,,,,0,,,0,,,,,0.91,4.073480228000844,0.3942524856192427,,,,,
common,N,3200.0,8,3200,1.5,8,PBSCM_PGF,0.15,0.85,5,1.5,exact_edges,1.5,0.0,12,100,0.0222527472527472,0.0061465487729719,0.0814409609997845,0.0105868727258854,0.0,0.0,,,,,0,,,0,,,,,0.16,0.5733641030004947,0.0041033309122261,,,,,
common,N,3200.0,8,3200,1.5,8,PC-RCIT,0.15,0.85,5,1.5,exact_edges,1.5,0.0,12,100,0.5489407009735452,0.0193328100019455,0.9003939096753741,0.0069265543600115,0.0,0.0,,,,,0,,,0,,,,,5.52,7.97424914200019,0.304104539978148,,,,,
common,N,3200.0,8,3200,1.5,8,PoissonDAG-ODS,0.15,0.85,5,1.5,exact_edges,1.5,0.0,12,100,0.5816032959862817,0.014303384155346,0.8123058250477633,0.0083994341560687,0.0,0.0,,,,,0,,,0,,,,,7.83,0.9912382160004928,0.0601779279017145,,,,,
common,N,6400.0,8,6400,1.5,8,LibraryDP,0.15,0.85,5,1.5,exact_edges,1.5,0.0,12,100,0.9810191040843216,0.0030960279708076,0.983485770750988,0.0027881772105585,0.67,0.047258156262526,0.935,0.0084237518932834,0.0280619348024244,0.0023447484063021,67,0.0342330690743502,0.0024066316419708,100,5.169141586816785,0.3142926152862214,0.047602950136908,0.0045997546429014,11.75,38.68174864800108,1.3953144701314306,38.68101259700066,1.3953149642275684,0.0007360510004218,6.78241399616016e-06,960.0
common,N,6400.0,8,6400,1.5,8,LibraryGreedy,0.15,0.85,5,1.5,exact_edges,1.5,0.0,12,100,0.9287980541197932,0.0128886945272456,0.9631943027986506,0.0056123302791028,0.55,0.05,0.90375,0.0116307618500303,0.028935646408428,0.0027090145249986,55,0.0595426338283143,0.0065494472746328,100,8.097588152562027,0.7657544111132508,0.1037776174302803,0.0126321327458472,11.09,2.727585014000069,0.0654345938258336,2.721049845995003,0.0653924147625083,0.0065351680050662,8.88480410371621e-05,131.78
common,N,6400.0,8,6400,1.5,8,OracleDP,0.15,0.85,5,1.5,exact_edges,1.5,0.0,12,100,0.9780786223438398,0.0032346553047507,0.9797119556771732,0.0030273736168254,0.62,0.0487831731214563,1.0,0.0,0.028400732864758,0.0024924374855821,62,0.034403826916065,0.0024341647693981,100,5.1871629240652455,0.3144328583078308,0.0448107297133004,0.0039315886066903,11.77,12.162424633999764,1.0535260276611942,12.161715991000529,1.0535250547904886,0.0007086429992341,6.7335593175368485e-06,960.0
common,N,6400.0,8,6400,1.5,8,PBSCM,0.15,0.85,5,1.5,exact_edges,1.5,0.0,12,100,0.1184772476866298,0.0152201229478434,0.371556477442182,0.0304670059806405,0.0,0.0,,,,,0,,,0,,,,,1.1,5.6471331060004015,0.5805949471457483,,,,,
common,N,6400.0,8,6400,1.5,8,PBSCM_PGF,0.15,0.85,5,1.5,exact_edges,1.5,0.0,12,100,0.0085714285714285,0.0039685425580487,0.0791593406593406,0.0100811266723273,0.0,0.0,,,,,0,,,0,,,,,0.06,1.0786624189994471,0.0081694535679525,,,,,
common,N,6400.0,8,6400,1.5,8,PC-RCIT,0.15,0.85,5,1.5,exact_edges,1.5,0.0,12,100,0.5905725791460749,0.0193308945334062,0.9251862809196908,0.006235856117484,0.0,0.0,,,,,0,,,0,,,,,6.0,14.827546755000805,0.5636028920697224,,,,,
common,N,6400.0,8,6400,1.5,8,PoissonDAG-ODS,0.15,0.85,5,1.5,exact_edges,1.5,0.0,12,100,0.6099817680242838,0.0151719801734561,0.8522778596581422,0.0081303798420372,0.0,0.0,,,,,0,,,0,,,,,7.79,1.620724809999956,0.1079031619025013,,,,,
common,N,10000.0,8,10000,1.5,8,LibraryDP,0.15,0.85,5,1.5,exact_edges,1.5,0.0,12,100,0.9837929664538358,0.0030688585010179,0.9846262997871692,0.0029970426351197,0.74,0.0440844002276808,0.94375,0.0076158974480617,0.0232740446525851,0.0016063433687219,74,0.0293393864215001,0.0020977538829087,100,4.559278171749934,0.2785873032651637,0.040007250789715,0.0043699093745906,11.82,60.88135013400068,2.1686674967419988,60.88060796000005,2.168667346603905,0.0007421740006248,5.157255838466281e-06,960.0
common,N,10000.0,8,10000,1.5,8,LibraryGreedy,0.15,0.85,5,1.5,exact_edges,1.5,0.0,12,100,0.924307661903314,0.0134981991363375,0.961597482871396,0.00601710608639,0.59,0.049431107042371,0.9025,0.0118625333284967,0.0251373273155943,0.0019889720054242,59,0.0539452317250652,0.0056903907979125,100,7.404171427677592,0.691118155310056,0.0989103620573395,0.0125706696854588,11.07,4.263759006000909,0.1038202535567598,4.256919195005903,0.1037908626156578,0.0068398109950067,8.489676444130142e-05,130.95
common,N,10000.0,8,10000,1.5,8,OracleDP,0.15,0.85,5,1.5,exact_edges,1.5,0.0,12,100,0.9815894969764536,0.0033849995620555,0.9823894969764536,0.0032336313300886,0.72,0.0451260859854212,1.0,0.0,0.0229618758741887,0.0016130375952842,72,0.0302111624754557,0.002208931958332,100,4.629758106711667,0.2841723811278845,0.039601160859905,0.0041498392317914,11.82,19.180675684999443,1.6453317672797585,19.17995736799974,1.6453315556161954,0.0007183169997006,7.944310137500451e-06,960.0
common,N,10000.0,8,10000,1.5,8,PBSCM,0.15,0.85,5,1.5,exact_edges,1.5,0.0,12,100,0.1316821557355613,0.01557376610449,0.394365761177546,0.0303141253313491,0.0,0.0,,,,,0,,,0,,,,,1.28,10.046382813000236,1.0505420013296254,,,,,
common,N,10000.0,8,10000,1.5,8,PBSCM_PGF,0.15,0.85,5,1.5,exact_edges,1.5,0.0,12,100,0.0251785714285714,0.0069929019509299,0.1052923400129282,0.0116564571735061,0.0,0.0,,,,,0,,,0,,,,,0.18,1.6759283660000073,0.010359912277351,,,,,
common,N,10000.0,8,10000,1.5,8,PC-RCIT,0.15,0.85,5,1.5,exact_edges,1.5,0.0,12,100,0.6242392479493705,0.0207962545706077,0.9419066856865486,0.0056760296404819,0.03,0.0171446607997765,,,,,0,,,0,,,,,6.46,22.69277949100011,0.7431875639121606,,,,,
common,N,10000.0,8,10000,1.5,8,PoissonDAG-ODS,0.15,0.85,5,1.5,exact_edges,1.5,0.0,12,100,0.6276680717125831,0.0155892997630185,0.8626506792184528,0.0084909985291793,0.0,0.0,,,,,0,,,0,,,,,8.0,2.5067748760002724,0.1669748984318536,,,,,
expanded,N,100.0,8,100,1.5,8,LibraryDP,0.2,2.0,5,1.5,exact_edges,1.5,0.0,12,100,0.7613344764058724,0.01645721014029519,0.8222756961827901,0.01134880696653146,0.07,0.02564323999762428,0.62375,0.019093652099717605,0.16970431155510876,0.03226006932524832,7,0.3876405474769897,0.03357553751893329,100,25.75666808300547,1.8445818454829794,0.6031185999767189,0.031268380864124326,8.54,1.5032732840020617,0.0320829081697935,1.5025309510002263,0.032083641015509,0.0007423330018355046,1.5136221619466467e-05,960.0
expanded,N,100.0,8,100,1.5,8,LibraryGreedy,0.2,2.0,5,1.5,exact_edges,1.5,0.0,12,100,0.6930892200857877,0.01852004194917194,0.8062161992596778,0.010449085057410927,0.03,0.01714466079977653,0.5675,0.0198176663356183,0.10838805818073728,0.0352789873844576,3,0.45657112470277944,0.04627205435785234,100,28.933828402637833,2.6420691637356626,0.7225840110104569,0.03530012907652546,7.47,0.11785725199995795,0.0032074357715000217,0.11397870299450005,0.0031411691610498888,0.0038785490054578987,9.70546249978542e-05,118.63
expanded,N,100.0,8,100,1.5,8,OracleDP,0.2,2.0,5,1.5,exact_edges,1.5,0.0,12,100,0.8384236033988894,0.01041993861452343,0.8582782548496507,0.00881473149164407,0.08,0.027265992434429072,1.0,0.0,0.1819601819038334,0.02867936441813804,8,0.29190669987835993,0.019242556707800555,100,20.9576865644162,1.4156940002727871,0.4707046519225198,0.024492881393435986,9.52,0.36093824999945356,0.02448894211567334,0.3602416869990702,0.024485765668985558,0.0006965630003833212,1.336793975179457e-05,960.0
expanded,N,100.0,8,100,1.5,8,PC-RCIT,0.2,2.0,5,1.5,exact_edges,1.5,0.0,12,100,0.11415196078431372,0.014834996490097941,0.5457683915671532,0.009589155785237072,0.0,0.0,,,,,0,,,0,,,,,0.85,0.32338910700040285,0.012810965631615396,,,,,
expanded,N,100.0,8,100,1.5,8,PoissonDAG-ODS,0.2,2.0,5,1.5,exact_edges,1.5,0.0,12,100,0.5634001159419816,0.009681362275156872,0.6725837024474146,0.0064435648934302245,0.0,0.0,,,,,0,,,0,,,,,8.85,0.8819895800000813,0.07001090079836737,,,,,
expanded,N,200.0,8,200,1.5,8,LibraryDP,0.2,2.0,5,1.5,exact_edges,1.5,0.0,12,100,0.7902799180986823,0.015474566177276185,0.8433512385402545,0.009823196786832442,0.07,0.02564323999762428,0.67125,0.015351006777762462,0.1333947966155449,0.019166342443025352,7,0.3803617218446822,0.045525616339620496,100,26.4612340591339,3.1765127304917913,0.570926749638311,0.03764207910917377,9.05,2.5762118270010976,0.05857735647619018,2.5754627549993163,0.058576479525029604,0.0007490720017813146,1.4828036001576409e-05,960.0
expanded,N,200.0,8,200,1.5,8,LibraryGreedy,0.2,2.0,5,1.5,exact_edges,1.5,0.0,12,100,0.7508547332911174,0.016440418196139134,0.8398444229302352,0.009405554618903609,0.04,0.019694638556693237,0.6225,0.016664772619650305,0.14109042500494434,0.029504989198829722,4,0.44896052894452376,0.044243319140863754,100,26.308845439691176,2.293340699577792,0.6554872563483158,0.03318143181653835,8.39,0.19132847199914976,0.005850078554534463,0.18700689600518672,0.005774679744258369,0.004321575993963052,0.00010723714390312243,124.02
expanded,N,200.0,8,200,1.5,8,OracleDP,0.2,2.0,5,1.5,exact_edges,1.5,0.0,12,100,0.8774350958728532,0.009615618796658518,0.8889789753343527,0.008385329445052103,0.12,0.032659863237109045,1.0,0.0,0.13777426295174686,0.020861233826354457,12,0.2541264369894369,0.030090928570456654,100,16.736531875059498,1.477640849499408,0.39543410804550233,0.030350405302042038,10.12,0.6013468829989143,0.045695204587633785,0.6006543079999392,0.045694793996853104,0.000692574998975033,1.2557173968945929e-05,960.0
expanded,N,200.0,8,200,1.5,8,PC-RCIT,0.2,2.0,5,1.5,exact_edges,1.5,0.0,12,100,0.21366784608580272,0.019135708284571784,0.6479378839255,0.008863137866183684,0.0,0.0,,,,,0,,,0,,,,,1.74,0.5452798799994344,0.02006962169024127,,,,,
expanded,N,200.0,8,200,1.5,8,PoissonDAG-ODS,0.2,2.0,5,1.5,exact_edges,1.5,0.0,12,100,0.5902909786459188,0.01158361371405568,0.696501688377019,0.0075659287788621115,0.0,0.0,,,,,0,,,0,,,,,9.01,1.0623716600000626,0.11770459384828331,,,,,
expanded,N,400.0,8,400,1.5,8,LibraryDP,0.2,2.0,5,1.5,exact_edges,1.5,0.0,12,100,0.8393873165481861,0.014408740857260984,0.8870964986704116,0.009172145585544635,0.15,0.03588702812826367,0.69875,0.016485281926676906,0.11496431474264797,0.010768882548331391,15,0.37364994418146524,0.043403832531345464,100,23.441591017187392,3.0047559806333157,0.4939262417514383,0.039561937513134644,9.85,4.567152781000041,0.11418793036091783,4.566450158999796,0.11418709264272582,0.0007026220002444461,1.0024562956119007e-05,960.0
expanded,N,400.0,8,400,1.5,8,LibraryGreedy,0.2,2.0,5,1.5,exact_edges,1.5,0.0,12,100,0.8038072206207219,0.017192741931284776,0.8881433574053713,0.008599582095029989,0.08,0.027265992434429072,0.65625,0.01660737559768021,0.10208950312250752,0.017007554814874763,8,0.41411020403675236,0.039546173890796614,100,24.176703534149603,2.394226231049244,0.5611749757939201,0.0382997470336963,9.19,0.32373876299956467,0.011078493505385341,0.31916125000134343,0.011031998349847912,0.004577512998221209,8.714770926239535e-05,125.74
expanded,N,400.0,8,400,1.5,8,OracleDP,0.2,2.0,5,1.5,exact_edges,1.5,0.0,12,100,0.9166250657555007,0.007761404763631363,0.933450481563525,0.005569890637377124,0.25,0.04351941398892446,1.0,0.0,0.12091836053855225,0.010832935358079988,25,0.24182125153283882,0.028082894077373216,100,15.434695152226102,1.705868383378452,0.308337928228394,0.029173428953995856,10.83,1.0815994199998387,0.08920754840212033,1.0809014330002538,0.08920770425023046,0.0006979869995848276,1.350176451126286e-05,960.0
expanded,N,400.0,8,400,1.5,8,PC-RCIT,0.2,2.0,5,1.5,exact_edges,1.5,0.0,12,100,0.3222481817288319,0.019912198645170312,0.7343810864058544,0.00829406550297081,0.0,0.0,,,,,0,,,0,,,,,2.73,1.7889810869992653,0.06713554578853811,,,,,
expanded,N,400.0,8,400,1.5,8,PoissonDAG-ODS,0.2,2.0,5,1.5,exact_edges,1.5,0.0,12,100,0.6351528472856864,0.010861146090199069,0.7332977843349636,0.006968571059323803,0.0,0.0,,,,,0,,,0,,,,,9.25,1.0404342799994628,0.10452110295702104,,,,,
expanded,N,800.0,8,800,1.5,8,LibraryDP,0.2,2.0,5,1.5,exact_edges,1.5,0.0,12,100,0.8373544323631279,0.01564142351195355,0.8861841252145602,0.010192424094183434,0.21,0.040936018074033236,0.74625,0.016990694868698343,0.10063061819242879,0.009926485961498567,21,0.32368971269800506,0.041938480198189576,100,23.81289922061213,3.5078961135348914,0.47004544854457775,0.04103849955516287,9.98,8.720702592000599,0.2392832955621072,8.719969173999708,0.23928314054462,0.0007334180008911062,1.3750407913410283e-05,960.0
expanded,N,800.0,8,800,1.5,8,LibraryGreedy,0.2,2.0,5,1.5,exact_edges,1.5,0.0,12,100,0.7958791382530513,0.018232146794583175,0.8876917324221674,0.008920595690298074,0.14,0.034873508801977704,0.71125,0.019759842835632292,0.09656407539998327,0.009876457119075767,14,0.4189930630142843,0.04799832856088654,100,23.726208262341657,2.5066131941175525,0.5611847599187738,0.042898918777322735,9.24,0.5874006510002073,0.0198778052422914,0.5822947039976134,0.01982415464650917,0.005105947002593893,0.00011061243777270313,128.25
expanded,N,800.0,8,800,1.5,8,OracleDP,0.2,2.0,5,1.5,exact_edges,1.5,0.0,12,100,0.9290800735496388,0.007539079305234222,0.9399608985217682,0.006130177772412472,0.29,0.04560480215720686,1.0,0.0,0.09090966533524164,0.007622041305389744,29,0.15900967397600593,0.02443227674776226,100,11.075872891184671,1.5490231496711866,0.25756669865337334,0.028473271185287634,11.01,2.0140240649989574,0.17333344492412173,2.013316281999141,0.17333080449993404,0.0007077829998161178,1.4171375505901574e-05,960.0
expanded,N,800.0,8,800,1.5,8,PC-RCIT,0.2,2.0,5,1.5,exact_edges,1.5,0.0,12,100,0.3857682899801623,0.022187680059057278,0.783859658349159,0.009149349500959634,0.0,0.0,,,,,0,,,0,,,,,3.45,3.6048744060001625,0.13095682888324986,,,,,
expanded,N,800.0,8,800,1.5,8,PoissonDAG-ODS,0.2,2.0,5,1.5,exact_edges,1.5,0.0,12,100,0.6355741966009566,0.00929734591685518,0.7563882499541387,0.006193626248616942,0.0,0.0,,,,,0,,,0,,,,,9.15,1.3027329699996335,0.11372886945032576,,,,,
expanded,N,1600.0,8,1600,1.5,8,LibraryDP,0.2,2.0,5,1.5,exact_edges,1.5,0.0,12,100,0.8720476494519973,0.014233705632438181,0.9082808035764558,0.01019201645175173,0.32,0.04688261722621506,0.77125,0.015896504761624915,0.07597659185383582,0.008306342052124643,32,0.24794348566053603,0.030678825186121073,100,17.083215252693243,2.75642824555397,0.3728226796404387,0.037169683129672705,10.53,17.564200200001068,0.4664554297082481,17.563464725000085,0.4664541268638588,0.0007354750009835698,9.414374732981252e-06,960.0
expanded,N,1600.0,8,1600,1.5,8,LibraryGreedy,0.2,2.0,5,1.5,exact_edges,1.5,0.0,12,100,0.8447559252341861,0.016264454387111913,0.9146270830618658,0.009095442312888327,0.26,0.0440844002276808,0.735,0.017880071859390546,0.08222263590763204,0.011490316411671843,26,0.27020984817244753,0.028750560549271227,100,15.218144692276928,1.7187372382018407,0.4375028551338262,0.03546110337224971,9.98,1.2120675840006152,0.0427341449693774,1.2063246950073516,0.0426878576543578,0.005742888993263477,9.057014008006638e-05,129.93
expanded,N,1600.0,8,1600,1.5,8,OracleDP,0.2,2.0,5,1.5,exact_edges,1.5,0.0,12,100,0.9572099832534614,0.00688327191210438,0.9630623642058425,0.005626829403268898,0.56,0.04988876515698589,1.0,0.0,0.08004958251342915,0.006801182190308922,56,0.13596639581718933,0.02271204402477267,100,8.833188937833567,1.2698340469698186,0.17881289216433108,0.026373346507931654,11.48,4.129467336000235,0.36662012751144,4.128732558000047,0.3666194980140283,0.0007347780001873616,1.8101531450874646e-05,960.0
expanded,N,1600.0,8,1600,1.5,8,PC-RCIT,0.2,2.0,5,1.5,exact_edges,1.5,0.0,12,100,0.48123190207363714,0.01942566533880561,0.8320727213290142,0.007966732031455844,0.0,0.0,,,,,0,,,0,,,,,4.41,5.628781384999748,0.18599086226119027,,,,,
expanded,N,1600.0,8,1600,1.5,8,PoissonDAG-ODS,0.2,2.0,5,1.5,exact_edges,1.5,0.0,12,100,0.635658817714897,0.012934144690085586,0.7826326645373992,0.006851710226207379,0.0,0.0,,,,,0,,,0,,,,,8.8,2.0090278520001448,0.219603425285572,,,,,
expanded,N,2400.0,8,2400,1.5,8,LibraryDP,0.2,2.0,5,1.5,exact_edges,1.5,0.0,12,100,0.8655104598438932,0.014993674134658866,0.8987175677728902,0.01066340093479529,0.34,0.04760952285695233,0.78,0.016100222722595228,0.06933589250495711,0.007962904926217174,34,0.2815681984532257,0.039501807686805855,100,15.8838905130343,2.225314422058001,0.3981828767408345,0.04247460633792656,10.47,25.90710995600064,0.7040908299841959,25.906325607000618,0.7040908561224358,0.0007843490000232123,2.2451191207956084e-05,960.0
expanded,N,2400.0,8,2400,1.5,8,LibraryGreedy,0.2,2.0,5,1.5,exact_edges,1.5,0.0,12,100,0.8394010047923091,0.01695518945495981,0.9113431930388453,0.009184937958964736,0.23,0.04229525846816508,0.74,0.01817771418328754,0.0711823675515451,0.010773864869899874,23,0.3462812054303337,0.045398907960461636,100,18.322224492719897,2.384885125695715,0.465715019949648,0.043371900127379556,9.9,1.7459273329994176,0.05911160575596229,1.7397473060047195,0.05906365758494321,0.006180026994697983,9.9643526788388e-05,131.37
expanded,N,2400.0,8,2400,1.5,8,OracleDP,0.2,2.0,5,1.5,exact_edges,1.5,0.0,12,100,0.9536465119421641,0.0075151564973089625,0.9600508409464932,0.006031712781687305,0.55,0.05,1.0,0.0,0.06167884007333837,0.005654916346238974,55,0.13407851961551784,0.028949939271331153,100,8.680269613186317,1.620948963549558,0.1883726394799448,0.03169070838138163,11.42,6.121277866000455,0.5451825181087744,6.1205554140004095,0.5451784260078169,0.0007224520000454504,1.6335446073948943e-05,960.0
expanded,N,2400.0,8,2400,1.5,8,PC-RCIT,0.2,2.0,5,1.5,exact_edges,1.5,0.0,12,100,0.4843697005534063,0.020558396078317002,0.8569862848821659,0.006759886187921442,0.0,0.0,,,,,0,,,0,,,,,4.57,7.5549909470007695,0.27815461897244487,,,,,
expanded,N,2400.0,8,2400,1.5,8,PoissonDAG-ODS,0.2,2.0,5,1.5,exact_edges,1.5,0.0,12,100,0.6825217078161131,0.013550017982287615,0.7973906491745805,0.008715766217385488,0.0,0.0,,,,,0,,,0,,,,,9.24,2.4776042530000266,0.24317770722283844,,,,,
expanded,N,3200.0,8,3200,1.5,8,LibraryDP,0.2,2.0,5,1.5,exact_edges,1.5,0.0,12,100,0.8838850490893968,0.013775814686883,0.9109346468346468,0.0104683241843503,0.38,0.0487831731214563,0.81,0.0159386449875892,0.0592920125550408,0.0055417214524488,38,0.2396816740227726,0.0388080910052921,100,14.80855724027023,2.446161260984208,0.3573163183220705,0.0412174245424487,10.66,35.496344185000055,0.9848207404154132,35.49552932599967,0.9848170663301168,0.0008148590003838,1.6251944959837603e-05,960.0
expanded,N,3200.0,8,3200,1.5,8,LibraryGreedy,0.2,2.0,5,1.5,exact_edges,1.5,0.0,12,100,0.849279170105257,0.0182728854032658,0.9244586775543298,0.008698724922114,0.32,0.046882617226215,0.75625,0.0204413888664121,0.0702792528481047,0.0082525221550763,32,0.3083509660549665,0.0420992360071332,100,16.87009740294301,2.4767183708000187,0.4265091411287404,0.0418541258987281,10.05,2.389033215000818,0.0920216120715374,2.3823622509928826,0.0919475519361689,0.0066709640079352,0.0001417420484872,130.43
expanded,N,3200.0,8,3200,1.5,8,OracleDP,0.2,2.0,5,1.5,exact_edges,1.5,0.0,12,100,0.9636854763593894,0.0066457557633894,0.9710051581268972,0.0046629352706434,0.59,0.049431107042371,1.0,0.0,0.0659635212123322,0.0071947350060176,59,0.1108663225884276,0.0192176857633611,100,6.800291133542024,0.8540749695744131,0.1483863230078269,0.0234975595266596,11.58,8.391473157999572,0.7543806475739996,8.390746011999727,0.754380062863936,0.0007271459998446,1.3911183366259486e-05,960.0
expanded,N,3200.0,8,3200,1.5,8,PC-RCIT,0.2,2.0,5,1.5,exact_edges,1.5,0.0,12,100,0.525808822315418,0.0203473443044063,0.877077971608864,0.0070234076135295,0.0,0.0,,,,,0,,,0,,,,,5.08,9.94444630799888,0.324041914546547,,,,,
expanded,N,3200.0,8,3200,1.5,8,PoissonDAG-ODS,0.2,2.0,5,1.5,exact_edges,1.5,0.0,12,100,0.6630071487957677,0.0149876258664968,0.8089162189664427,0.0089841576259564,0.01,0.0099999999999999,,,,,0,,,0,,,,,8.93,3.172470932000142,0.3061711350898021,,,,,
expanded,N,6400.0,8,6400,1.5,8,LibraryDP,0.2,2.0,5,1.5,exact_edges,1.5,0.0,12,100,0.8715092918353788,0.015389367048614303,0.9074284895458808,0.010895551142901999,0.43,0.0497569851956243,0.81375,0.0155390311763311,0.0457591971118578,0.004489879812681725,43,0.2893748640676428,0.04301031401431542,100,15.448107802028986,2.2763588933917527,0.40500652979116397,0.04412578060155642,10.54,67.11364498099996,1.8004892419616776,67.11289137300045,1.8004849936284046,0.000753607999504311,1.2034987811273707e-05,960.0
expanded,N,6400.0,8,6400,1.5,8,LibraryGreedy,0.2,2.0,5,1.5,exact_edges,1.5,0.0,12,100,0.8492702464583473,0.017172285864655874,0.9281503087301715,0.008121131899249606,0.38,0.048783173121456344,0.75875,0.01890758692785368,0.04592919751829522,0.004890655857103957,38,0.3011562325633384,0.043646074152226474,100,15.870230022761154,2.158768431395349,0.4199501311738167,0.044467684808023794,10.16,4.507161950000154,0.1419897227883409,4.5003083469954435,0.14196325199614437,0.006853603004710749,9.874509645006568e-05,130.98
expanded,N,6400.0,8,6400,1.5,8,OracleDP,0.2,2.0,5,1.5,exact_edges,1.5,0.0,12,100,0.9705346609911827,0.006431053267866099,0.9761873416438632,0.004639477615473906,0.69,0.04648231987117317,1.0,0.0,0.04273270718834466,0.0030699691657210676,69,0.09608077144271929,0.020403157663500933,100,5.962263590550375,1.0372377671292794,0.1277166589899667,0.02470942685343653,11.73,15.974132659000315,1.4214786340488474,15.973411448000697,1.4214781068564302,0.0007212109996180515,1.3058152225080605e-05,960.0
expanded,N,6400.0,8,6400,1.5,8,PC-RCIT,0.2,2.0,5,1.5,exact_edges,1.5,0.0,12,100,0.5982462859077478,0.01804293204935851,0.9112036137775269,0.005504183929930548,0.0,0.0,,,,,0,,,0,,,,,6.0,16.98763667000021,0.49500715232355263,,,,,
expanded,N,6400.0,8,6400,1.5,8,PoissonDAG-ODS,0.2,2.0,5,1.5,exact_edges,1.5,0.0,12,100,0.6690391502791548,0.015555106755844794,0.8240417359207706,0.007959731730289436,0.0,0.0,,,,,0,,,0,,,,,8.86,5.014244384999038,0.46161183111476267,,,,,
expanded,N,10000.0,8,10000,1.5,8,LibraryDP,0.2,2.0,5,1.5,exact_edges,1.5,0.0,12,100,0.872719811977683,0.014064318716521054,0.9114065845254751,0.009726953560897533,0.34,0.04760952285695234,0.81875,0.014583333333333334,0.032329924061483634,0.0028827593425966892,34,0.2939110445100603,0.04571901388012391,100,18.059110079511118,3.350039437640079,0.38331070513414034,0.045246852945070956,10.68,105.91399363199889,2.8490605719920756,105.91321106099902,2.849060815244731,0.000782570999872405,1.4102028368442811e-05,960.0
expanded,N,10000.0,8,10000,1.5,8,LibraryGreedy,0.2,2.0,5,1.5,exact_edges,1.5,0.0,12,100,0.8418288703300696,0.018417810620727247,0.9216514675618125,0.009461449438672328,0.34,0.04760952285695234,0.76625,0.018604655521420092,0.03561673555642577,0.003636599553673713,34,0.3134473983769512,0.045344309815657825,100,16.495501736974408,2.498261017379531,0.4264470869769801,0.04543011777943414,10.12,7.155287098999979,0.24674951001733386,7.147838473996817,0.24671688361757593,0.007448625003162306,0.00011085803159424259,132.2
expanded,N,10000.0,8,10000,1.5,8,OracleDP,0.2,2.0,5,1.5,exact_edges,1.5,0.0,12,100,0.9732805411979325,0.006867174251409142,0.9790193371845546,0.005294733802662042,0.78,0.04163331998932266,1.0,0.0,0.0334719572736943,0.0023979882771741736,78,0.08695145602106223,0.021406308024148696,100,4.846883148974356,0.8262450724344058,0.11676026852889647,0.025483700220785693,11.71,25.64861999300032,2.305271980486571,25.64787428700016,2.3052714537071237,0.0007457060001615901,1.2414981746386968e-05,960.0
expanded,N,10000.0,8,10000,1.5,8,PC-RCIT,0.2,2.0,5,1.5,exact_edges,1.5,0.0,12,100,0.6336857880091222,0.018841205319140845,0.9286480331262941,0.005530824753391938,0.0,0.0,,,,,0,,,0,,,,,6.44,27.662682907000125,0.8802334906501053,,,,,
expanded,N,10000.0,8,10000,1.5,8,PoissonDAG-ODS,0.2,2.0,5,1.5,exact_edges,1.5,0.0,12,100,0.6815485564695122,0.014055414116073427,0.8297537786973583,0.008304337247478984,0.0,0.0,,,,,0,,,0,,,,,8.97,7.810852750999183,0.71090381012316,,,,,
