alpha_regime,sweep,anchor_d,anchor_N,kbar_in,d,method,alpha_low,alpha_high,max_parents,avg_indegree,dag_generation_mode,mean_realized_avg_indegree,se_realized_avg_indegree,parallel_workers,completed_reps,mean_directed_f1,se_directed_f1,mean_skeleton_f1,se_skeleton_f1,mean_exact_dag,se_exact_dag,mean_family_accuracy,se_family_accuracy,mean_alpha_rmse_if_exact,se_alpha_rmse_if_exact,valid_alpha_rmse_reps,mean_alpha_rmse_on_correct_edges,se_alpha_rmse_on_correct_edges,valid_alpha_correct_edge_reps,mean_alpha_mape_on_correct_edges_pct,se_alpha_mape_on_correct_edges_pct,mean_alpha_rmse_on_true_edges,se_alpha_rmse_on_true_edges,mean_n_correct_directed_edges,mean_runtime_sec,se_runtime_sec,mean_local_score_runtime_sec,se_local_score_runtime_sec,mean_search_runtime_sec,se_search_runtime_sec,mean_n_local_scores_evaluated,N
common,d,4,3200,1.5,4.0,LibraryDP,0.15,0.85,5,1.5,exact_edges,1.5,0.0,12,100,0.9823333333333334,0.0050956758697172,0.985818181818182,0.0041955696762883,0.87,0.0337997668989631,0.905,0.0145557097686333,0.0325352795192553,0.0021333553700118,87,0.0399391896910053,0.0035239435964917,100,7.124205456044092,0.5829205465365658,0.0506570444583803,0.0058277601122414,5.83,0.6138378770009149,0.0333746532925374,0.6137777080007072,0.0333748089719819,6.016900020767935e-05,2.1526787103171247e-06,32.0,
common,d,4,3200,1.5,4.0,LibraryGreedy,0.15,0.85,5,1.5,exact_edges,1.5,0.0,12,100,0.880060606060606,0.0187261236117275,0.9572727272727274,0.0065447147832141,0.63,0.0485236587093909,0.825,0.0239686242720551,0.0340896482581676,0.0027859623198534,63,0.0933051402475189,0.0128046736735911,100,14.183570160220128,1.679183376071176,0.1462734103515614,0.0176509163389187,5.13,0.3594455980006023,0.018498290105161,0.3588637080045009,0.0184955764902764,0.0005818899961013,1.2886340626671368e-05,25.04,
common,d,4,3200,1.5,4.0,OracleDP,0.15,0.85,5,1.5,exact_edges,1.5,0.0,12,100,0.9861515151515152,0.0040574148336147,0.9878181818181818,0.0037543307769298,0.88,0.032659863237109,1.0,0.0,0.0323385629586555,0.0021250217632006,88,0.0370558867400115,0.0026603451789715,100,6.652853426324161,0.4574994261347581,0.0490667896745172,0.0056003210033654,5.86,0.1881027130001166,0.0221551748034349,0.1880492240004241,0.0221551154232693,5.348899969249032e-05,2.329539239353238e-06,32.0,
common,d,4,3200,1.5,4.0,PBSCM,0.15,0.85,5,1.5,exact_edges,1.5,0.0,12,100,0.1378838383838384,0.0258905368036376,0.2986666666666667,0.0387626496232614,0.01,0.0099999999999999,,,,,0,,,0,,,,,0.68,0.5281996080001409,0.0679414890886107,,,,,,
common,d,4,3200,1.5,4.0,PBSCM_PGF,0.15,0.85,5,1.5,exact_edges,1.5,0.0,12,100,0.0909603174603174,0.0174225030161145,0.3038528138528138,0.0253587499903851,0.0,0.0,,,,,0,,,0,,,,,0.38,0.0683773890002339,0.0006412858596186,,,,,,
common,d,4,3200,1.5,4.0,PC-RCIT,0.15,0.85,5,1.5,exact_edges,1.5,0.0,12,100,0.0516666666666666,0.014251386168778,0.9456363636363636,0.0080243459027503,0.0,0.0,,,,,0,,,0,,,,,0.24,0.7536031490004098,0.0184350405982528,,,,,,
common,d,4,3200,1.5,4.0,PoissonDAG-ODS,0.15,0.85,5,1.5,exact_edges,1.5,0.0,12,100,0.6490303030303031,0.0197600590716483,0.9271818181818182,0.008581207080077,0.09,0.0287623491264661,,,,,0,,,0,,,,,3.7,0.505718812999985,0.0454729348287875,,,,,,
common,d,5,3200,1.5,5.0,LibraryDP,0.15,0.85,5,1.5,exact_edges,1.5999999999999996,4.463264492478967e-17,12,100,0.9760774617539324,0.0051315875825191,0.9797539323421676,0.0046926268107606,0.79,0.0409360180740332,0.932,0.0103357768371943,0.0340659702017987,0.0022169252682223,79,0.0443616175427217,0.0036612625259653,100,7.060689898084268,0.4485321559339911,0.0617334627577824,0.0064180163036614,7.7,1.5716289059986592,0.0750092584075754,1.5715374129997508,0.0750091656425501,9.14929989085067e-05,1.997208196356642e-06,80.0,
common,d,5,3200,1.5,5.0,LibraryGreedy,0.15,0.85,5,1.5,exact_edges,1.5999999999999996,4.463264492478967e-17,12,100,0.8616530920060331,0.0194399729958673,0.9478134561516915,0.0071241616146999,0.52,0.0502116731568678,0.838,0.0202399744480215,0.0346135440221155,0.002655625175391,52,0.0876647599855471,0.0106142397008782,100,14.129798135621591,1.743640965627098,0.1537695222685927,0.01579962797582,6.69,0.5740856289998919,0.025323355679104,0.5728907019957842,0.0253162507053398,0.0011949270041077,2.2173705043493232e-05,44.59,
common,d,5,3200,1.5,5.0,OracleDP,0.15,0.85,5,1.5,exact_edges,1.5999999999999996,4.463264492478967e-17,12,100,0.974822559793148,0.0051487144437682,0.9784990303813834,0.0047212307650576,0.77,0.042295258468165,1.0,0.0,0.0329650168780668,0.0021955463300832,77,0.0441276796405067,0.0037483106189156,100,6.947420109423914,0.4419574743348501,0.0612584014122338,0.0063985064719181,7.69,0.4280400909988384,0.0499428470725335,0.4279608149989508,0.0499428021111351,7.927599988761359e-05,1.309267784611495e-06,80.0,
common,d,5,3200,1.5,5.0,PBSCM,0.15,0.85,5,1.5,exact_edges,1.5999999999999996,4.463264492478967e-17,12,100,0.1466634476634476,0.0206434149834128,0.3860120173943703,0.0373846240900575,0.0,0.0,,,,,0,,,0,,,,,0.9,1.319883713999152,0.1611108185321942,,,,,,
common,d,5,3200,1.5,5.0,PBSCM_PGF,0.15,0.85,5,1.5,exact_edges,1.5999999999999996,4.463264492478967e-17,12,100,0.0505252525252525,0.0124076865411816,0.1665407925407925,0.0183020533955044,0.0,0.0,,,,,0,,,0,,,,,0.26,0.1436266159998195,0.0025981869398824,,,,,,
common,d,5,3200,1.5,5.0,PC-RCIT,0.15,0.85,5,1.5,exact_edges,1.5999999999999996,4.463264492478967e-17,12,100,0.3881922244422244,0.0304118338795912,0.904666666666667,0.0087332710221436,0.01,0.0099999999999999,,,,,0,,,0,,,,,2.6,2.1175008400011577,0.0535935011537472,,,,,,
common,d,5,3200,1.5,5.0,PoissonDAG-ODS,0.15,0.85,5,1.5,exact_edges,1.5999999999999996,4.463264492478967e-17,12,100,0.6346896208366796,0.0184473745524401,0.8914336986542868,0.0085874135897899,0.03,0.0171446607997765,,,,,0,,,0,,,,,5.03,0.618488833000738,0.0555388194757188,,,,,,
common,d,6,3200,1.5,6.0,LibraryDP,0.15,0.85,5,1.5,exact_edges,1.5,0.0,12,100,0.976780787753698,0.0043715183580467,0.9788860509115926,0.0039466476984998,0.72,0.0451260859854212,0.9033333333333332,0.0140505740363859,0.0400899058543862,0.0026760956712293,72,0.0468614329597652,0.0030866507789164,100,7.342141849907418,0.3983718343067527,0.0628067381363986,0.0058731364854606,8.74,4.043682061999134,0.1747942515432749,4.0435079719996425,0.1747940126139469,0.0001740899994911,2.758968622005596e-06,192.0,
common,d,6,3200,1.5,6.0,LibraryGreedy,0.15,0.85,5,1.5,exact_edges,1.5,0.0,12,100,0.9048714310285516,0.0170923460347253,0.9568208634330928,0.0065277230386167,0.57,0.0497569851956243,0.8366666666666667,0.0203752672412293,0.0428109346301932,0.0030718697136757,57,0.0709316158356566,0.0064753734466529,99,10.632928918269634,0.8794596742115254,0.1275711950648564,0.0143307178961644,8.04,0.8462375819998852,0.0316185092935899,0.8438909429953492,0.0316010672025389,0.0023466390045359,4.1597233107765257e-05,68.2,
common,d,6,3200,1.5,6.0,OracleDP,0.15,0.85,5,1.5,exact_edges,1.5,0.0,12,100,0.9743163914688684,0.0041986977040097,0.976421654626763,0.0037682528958189,0.68,0.046882617226215,1.0,0.0,0.0399861544554414,0.0027509995760083,68,0.047872398734012,0.003363414969337,100,7.448119292745003,0.4199862698609139,0.0630152557540729,0.0057608524002297,8.75,1.3790603099999137,0.1214068951919143,1.3789073230004578,0.1214066965599455,0.0001529869994556,1.883150531645948e-06,192.0,
common,d,6,3200,1.5,6.0,PBSCM,0.15,0.85,5,1.5,exact_edges,1.5,0.0,12,100,0.0942992383433559,0.0137235854886098,0.3150983216989409,0.0365475406632089,0.0,0.0,,,,,0,,,0,,,,,0.68,1.7115817539991989,0.2125775395849976,,,,,,
common,d,6,3200,1.5,6.0,PBSCM_PGF,0.15,0.85,5,1.5,exact_edges,1.5,0.0,12,100,0.0269730269730269,0.0097622860812228,0.1102937062937062,0.0160265795106438,0.0,0.0,,,,,0,,,0,,,,,0.16,0.2490447870004573,0.0025511198424315,,,,,,
common,d,6,3200,1.5,6.0,PC-RCIT,0.15,0.85,5,1.5,exact_edges,1.5,0.0,12,100,0.4542047756165402,0.0266022249219105,0.9100864907366454,0.0073610959603703,0.0,0.0,,,,,0,,,0,,,,,3.41,3.764597088000155,0.1155993744310396,,,,,,
common,d,6,3200,1.5,6.0,PoissonDAG-ODS,0.15,0.85,5,1.5,exact_edges,1.5,0.0,12,100,0.6113991484951238,0.0173369852797723,0.8714499651535257,0.0073699009949035,0.02,0.0140705294136289,,,,,0,,,0,,,,,5.69,0.7425083330001507,0.0524726767210149,,,,,,
common,d,7,3200,1.5,7.0,LibraryDP,0.15,0.85,5,1.5,exact_edges,1.428571428571428,6.69489673871845e-17,12,100,0.964012084578648,0.0060869710627646,0.9692393193321984,0.00479835892746,0.59,0.049431107042371,0.8957142857142858,0.0124928344747607,0.0413891746093725,0.0037008236670639,59,0.0471150157834806,0.003234079087084,100,7.349020358202783,0.4998286234458152,0.0756562555713989,0.0070313190333975,9.51,9.004511530998133,0.326803603137804,9.00416303999984,0.3268034319544089,0.0003484909982944,4.281781718779488e-06,441.0,
common,d,7,3200,1.5,7.0,LibraryGreedy,0.15,0.85,5,1.5,exact_edges,1.428571428571428,6.69489673871845e-17,12,100,0.9036415012576005,0.0140330132665696,0.9475026000830956,0.0070143885862942,0.45,0.05,0.8571428571428572,0.0147821394623063,0.0421479466631135,0.0044180698659472,45,0.0645366106108107,0.0056997409134957,100,9.414676691876512,0.7268550931287383,0.130167956124018,0.0124197717990431,8.84,1.058886737001303,0.0310856566995739,1.0552558270002192,0.0310559244493164,0.0036309100010839,6.166348863672877e-05,93.73,
common,d,7,3200,1.5,7.0,OracleDP,0.15,0.85,5,1.5,exact_edges,1.428571428571428,6.69489673871845e-17,12,100,0.9695745602866346,0.0044753783454732,0.970627191865582,0.0042925952193821,0.6,0.0492365963917331,1.0,0.0,0.0427108947872317,0.0045557038598095,60,0.0472589375418284,0.0035392896721273,100,7.209233124378145,0.4739157388053941,0.0709078431265328,0.0061563628736182,9.59,2.716162467000104,0.2485407708233128,2.715835017000063,0.2485405284420079,0.0003274500000406,4.523796425065961e-06,441.0,
common,d,7,3200,1.5,7.0,PBSCM,0.15,0.85,5,1.5,exact_edges,1.428571428571428,6.69489673871845e-17,12,100,0.1396955084818861,0.0177253843978687,0.4289757778341369,0.031234156217968,0.0,0.0,,,,,0,,,0,,,,,1.08,2.8224355190002823,0.2856041036539734,,,,,,
common,d,7,3200,1.5,7.0,PBSCM_PGF,0.15,0.85,5,1.5,exact_edges,1.428571428571428,6.69489673871845e-17,12,100,0.0098717948717948,0.0045877290226994,0.0884615384615384,0.0116606435499323,0.0,0.0,,,,,0,,,0,,,,,0.06,0.3900588200007041,0.003392157889814,,,,,,
common,d,7,3200,1.5,7.0,PC-RCIT,0.15,0.85,5,1.5,exact_edges,1.428571428571428,6.69489673871845e-17,12,100,0.5039593365011321,0.0212600579201284,0.9010399036807706,0.007546949185533,0.0,0.0,,,,,0,,,0,,,,,4.09,4.877337997000141,0.1916566467643249,,,,,,
common,d,7,3200,1.5,7.0,PoissonDAG-ODS,0.15,0.85,5,1.5,exact_edges,1.428571428571428,6.69489673871845e-17,12,100,0.5975237413668427,0.0166772542551939,0.8457367547858732,0.0084279958156028,0.0,0.0,,,,,0,,,0,,,,,6.38,0.8369619789996068,0.0575241871100807,,,,,,
common,d,8,3200,1.5,8.0,LibraryDP,0.15,0.85,5,1.5,exact_edges,1.5,0.0,12,100,0.9730920885877408,0.0040938177943418,0.9764283204717988,0.0037732030543352,0.6,0.0492365963917331,0.90875,0.0106385460292354,0.0404704731574433,0.0035915196732419,60,0.0474644125690233,0.0030605859318685,100,7.405321935343798,0.4420597624629969,0.0719594901633445,0.0062551738450043,11.57,19.318944011998973,0.6989575421443557,19.318206627999608,0.698956727538531,0.000737383999367,7.458088761159445e-06,960.0,
common,d,8,3200,1.5,8.0,LibraryGreedy,0.15,0.85,5,1.5,exact_edges,1.5,0.0,12,100,0.9048773133045444,0.0149604751869568,0.9542941793523028,0.0066955122205531,0.47,0.0501613558046591,0.86375,0.0148747930976188,0.0436340380621878,0.0044466968657084,47,0.0740035606941371,0.0062920827244446,100,10.566184597948276,0.7933899647105338,0.1306314814667778,0.0128445658897422,10.72,1.3719268969993572,0.0365288073837699,1.366121435987152,0.0364877868064102,0.0058054610122053,8.280302966567325e-05,130.51,
common,d,8,3200,1.5,8.0,OracleDP,0.15,0.85,5,1.5,exact_edges,1.5,0.0,12,100,0.9686252690948344,0.0046730398171216,0.9710689083862996,0.0043450965904087,0.55,0.05,1.0,0.0,0.0399073963642847,0.0039110785458566,55,0.0477266308105704,0.0031215389207407,100,7.435442825263385,0.451423752557792,0.0714877024348628,0.0063316843272716,11.58,6.108410775001394,0.5285649228544429,6.107712761000585,0.528564483667907,0.000698014000809,5.416453582348365e-06,960.0,
common,d,8,3200,1.5,8.0,PBSCM,0.15,0.85,5,1.5,exact_edges,1.5,0.0,12,100,0.1023852643400631,0.0128084977262775,0.3758705442658128,0.0305594844730595,0.0,0.0,,,,,0,,,0,,,,,0.91,4.073480228000844,0.3942524856192427,,,,,,
common,d,8,3200,1.5,8.0,PBSCM_PGF,0.15,0.85,5,1.5,exact_edges,1.5,0.0,12,100,0.0222527472527472,0.0061465487729719,0.0814409609997845,0.0105868727258854,0.0,0.0,,,,,0,,,0,,,,,0.16,0.5733641030004947,0.0041033309122261,,,,,,
common,d,8,3200,1.5,8.0,PC-RCIT,0.15,0.85,5,1.5,exact_edges,1.5,0.0,12,100,0.5489407009735452,0.0193328100019455,0.9003939096753741,0.0069265543600115,0.0,0.0,,,,,0,,,0,,,,,5.52,7.97424914200019,0.304104539978148,,,,,,
common,d,8,3200,1.5,8.0,PoissonDAG-ODS,0.15,0.85,5,1.5,exact_edges,1.5,0.0,12,100,0.5816032959862817,0.014303384155346,0.8123058250477633,0.0083994341560687,0.0,0.0,,,,,0,,,0,,,,,7.83,0.9912382160004928,0.0601779279017145,,,,,,
common,d,9,3200,1.5,9.0,LibraryDP,0.15,0.85,5,1.5,exact_edges,1.5555555555555551,4.463264492478967e-17,12,100,0.962021779003759,0.0057567193956217,0.9677606160329186,0.0045399681510227,0.51,0.0502418393795691,0.901111111111111,0.0086348375204669,0.0348162964289936,0.0026119890298276,51,0.0515365964717153,0.0062243392081828,100,7.357417365125844,0.4947722555779387,0.0803069749902735,0.008484730779245,13.39,41.65173259999981,1.4752247638208398,41.6500198890004,1.4752219577012986,0.001712710999418,2.1534387977807688e-05,1971.0,
common,d,9,3200,1.5,9.0,LibraryGreedy,0.15,0.85,5,1.5,exact_edges,1.5555555555555551,4.463264492478967e-17,12,100,0.9195966166902764,0.009777504991978,0.9525070187423916,0.0055873516202465,0.34,0.0476095228569523,0.8644444444444442,0.0116673347037642,0.0381994583695845,0.0037506274310511,34,0.0674537695948901,0.0059983820337421,100,9.42724528077532,0.7312505678488752,0.1289534078742634,0.0109725237838823,12.72,1.9180833429994528,0.0526382253346412,1.908755553986557,0.0525528818734265,0.0093277890128956,0.0001350217246163,173.44,
common,d,9,3200,1.5,9.0,OracleDP,0.15,0.85,5,1.5,exact_edges,1.5555555555555551,4.463264492478967e-17,12,100,0.9699100372457437,0.0038030830627116,0.972134294470001,0.0035140617685613,0.52,0.0502116731568678,1.0,0.0,0.0372239999785862,0.0029105718295841,52,0.0443024364324269,0.0030040307036243,100,6.803721306908894,0.384400181130451,0.0680881223479622,0.0058376223164328,13.53,12.122483922998946,1.1126008014652702,12.120864776999806,1.1126004572760029,0.0016191459991387,1.2648813411621645e-05,1971.0,
common,d,9,3200,1.5,9.0,PBSCM,0.15,0.85,5,1.5,exact_edges,1.5555555555555551,4.463264492478967e-17,12,100,0.113651151973167,0.012437454240151,0.392388695481831,0.0271451958370961,0.0,0.0,,,,,0,,,0,,,,,1.14,5.587838330000086,0.5278161300788338,,,,,,
common,d,9,3200,1.5,9.0,PBSCM_PGF,0.15,0.85,5,1.5,exact_edges,1.5555555555555551,4.463264492478967e-17,12,100,0.0210392156862745,0.0055646603244041,0.0841448228414172,0.0100853523947148,0.0,0.0,,,,,0,,,0,,,,,0.17,0.8241074179996213,0.0053330705348606,,,,,,
common,d,9,3200,1.5,9.0,PC-RCIT,0.15,0.85,5,1.5,exact_edges,1.5555555555555551,4.463264492478967e-17,12,100,0.5233239705882726,0.0179305805721047,0.8891685245511333,0.0055141504588753,0.0,0.0,,,,,0,,,0,,,,,5.97,11.33220107900008,0.3360622180021169,,,,,,
common,d,9,3200,1.5,9.0,PoissonDAG-ODS,0.15,0.85,5,1.5,exact_edges,1.5555555555555551,4.463264492478967e-17,12,100,0.5823703330415105,0.012445682260936,0.81727040139367,0.0076853837624178,0.0,0.0,,,,,0,,,0,,,,,9.14,1.3459889829995515,0.0939729345750018,,,,,,
common,d,10,3200,1.5,10.0,LibraryDP,0.15,0.85,5,1.5,exact_edges,1.5,0.0,12,100,0.9634619978186444,0.0049520367748823,0.9668084578102656,0.0043968087063243,0.53,0.0501613558046591,0.907,0.0092392443610739,0.0356218329280838,0.0022882731742599,53,0.0428802184760104,0.0026004028378489,100,6.55376484179342,0.2826187178274211,0.0718282488969023,0.0060647844729888,14.35,74.4592830500008,2.545139065366077,74.45547497700012,2.5451371869472306,0.0038080730006913,3.1815713656232166e-05,3820.0,
common,d,10,3200,1.5,10.0,LibraryGreedy,0.15,0.85,5,1.5,exact_edges,1.5,0.0,12,100,0.9305904642724724,0.0105605541998568,0.958188469993114,0.0050415961816288,0.44,0.0498887651569858,0.8810000000000001,0.0116943394750441,0.0348035990259735,0.0024750349854379,44,0.0493036481434323,0.0030502320727641,100,7.562539591796565,0.3868447011641501,0.1016175009151236,0.0095956765466918,13.84,2.16085405800026,0.0513426885811575,2.147571397003194,0.0512366601308242,0.0132826609970652,0.0002022545379917,216.08,
common,d,10,3200,1.5,10.0,OracleDP,0.15,0.85,5,1.5,exact_edges,1.5,0.0,12,100,0.9622177095852668,0.0045725178424398,0.9648535639270034,0.0042142904311656,0.49,0.0502418393795691,1.0,0.0,0.0360344757575213,0.0024626117246829,49,0.040811676965905,0.0022862044607309,100,6.415680314509441,0.2809568763875098,0.0674664017028103,0.005432514258483,14.41,22.2755627000003,1.5937852813845506,22.271800469000446,1.5937834114626417,0.003762230999855,3.733762878824573e-05,3820.0,
common,d,10,3200,1.5,10.0,PBSCM,0.15,0.85,5,1.5,exact_edges,1.5,0.0,12,100,0.1146479434472737,0.0132802910877351,0.4105152730971179,0.0282387415848163,0.0,0.0,,,,,0,,,0,,,,,1.33,8.225220178001328,0.8063623219140876,,,,,,
common,d,10,3200,1.5,10.0,PBSCM_PGF,0.15,0.85,5,1.5,exact_edges,1.5,0.0,12,100,0.0155968352253181,0.0049650888650881,0.0760823168321485,0.009769108792118,0.0,0.0,,,,,0,,,0,,,,,0.14,1.1256082120000792,0.0075556457860106,,,,,,
common,d,10,3200,1.5,10.0,PC-RCIT,0.15,0.85,5,1.5,exact_edges,1.5,0.0,12,100,0.509356467032621,0.0177921211734752,0.8951266058057662,0.0062374604079235,0.0,0.0,,,,,0,,,0,,,,,6.21,13.36407068399916,0.5013704214007771,,,,,,
common,d,10,3200,1.5,10.0,PoissonDAG-ODS,0.15,0.85,5,1.5,exact_edges,1.5,0.0,12,100,0.5481502491245756,0.0126432983497189,0.7931694177767622,0.0064897067016498,0.0,0.0,,,,,0,,,0,,,,,9.43,1.2572309790000145,0.0732428651584922,,,,,,
expanded,d,4,3200,1.5,4.0,LibraryDP,0.2,2.0,5,1.5,exact_edges,1.5,0.0,12,100,0.9819696969696968,0.005438260047411,0.989090909090909,0.0029690784761008,0.87,0.0337997668989631,0.86,0.0178800718593905,0.0575225107112465,0.0060973568315659,87,0.0833728324173934,0.0142442744017379,100,6.791161454723524,1.0335225593606994,0.0940088897963257,0.014699068026142,5.84,0.85951958199832,0.0359296988656465,0.8594574369999464,0.0359295404726134,6.214499837369657e-05,1.7254893945294488e-06,32.0,
expanded,d,4,3200,1.5,4.0,LibraryGreedy,0.2,2.0,5,1.5,exact_edges,1.5,0.0,12,100,0.8498888888888889,0.0203090618659778,0.9427878787878786,0.0080279815992988,0.56,0.0498887651569858,0.7325,0.0280365472160531,0.0628150625794688,0.008957945037996,56,0.3007078881111758,0.0460310254106243,100,23.073116682862278,3.5590326511311035,0.4001172544597045,0.0484896943537164,4.92,0.5291364169993904,0.0234471969559419,0.5285332869997365,0.0234419999018597,0.0006031299996539,1.223712310866398e-05,24.75,
expanded,d,4,3200,1.5,4.0,OracleDP,0.2,2.0,5,1.5,exact_edges,1.5,0.0,12,100,0.990151515151515,0.0030560203488063,0.9918181818181818,0.0026147590114969,0.9,0.0301511344577763,1.0,0.0,0.0565163724780136,0.005932169411202,90,0.0618389888774502,0.0059527373198364,100,5.047028696648206,0.3830855261713418,0.0734060174257306,0.0082377526598779,5.9,0.2185022440004104,0.0257144037006718,0.2184467090002727,0.0257142988379079,5.553500013775192e-05,1.49044259700056e-06,32.0,
expanded,d,4,3200,1.5,4.0,PC-RCIT,0.2,2.0,5,1.5,exact_edges,1.5,0.0,12,100,0.0885555555555555,0.0183714394985948,0.941030303030303,0.0071714481512936,0.0,0.0,,,,,0,,,0,,,,,0.4,0.7451121869999042,0.0087949112776992,,,,,,
expanded,d,4,3200,1.5,4.0,PoissonDAG-ODS,0.2,2.0,5,1.5,exact_edges,1.5,0.0,12,100,0.8437878787878788,0.0179054796009051,0.9503030303030304,0.007133656555213,0.42,0.0496044963748858,,,,,0,,,0,,,,,4.89,1.3285076269994898,0.1443572631124018,,,,,,
expanded,d,5,3200,1.5,5.0,LibraryDP,0.2,2.0,5,1.5,exact_edges,1.5999999999999996,4.463264492478967e-17,12,100,0.956505925447102,0.0108588286243606,0.9800890971773324,0.0046617751910748,0.77,0.042295258468165,0.83,0.0195659981301308,0.0586034059352662,0.0050223788969673,77,0.1846532451804105,0.0485949147165114,100,13.75472487533914,3.692723158872215,0.1929766091704902,0.0385639120336202,7.57,2.522688223999576,0.0864445917789354,2.5225807979993986,0.0864446037619018,0.0001074260001769,3.1410397313895745e-06,80.0,
expanded,d,5,3200,1.5,5.0,LibraryGreedy,0.2,2.0,5,1.5,exact_edges,1.5999999999999996,4.463264492478967e-17,12,100,0.794118131868132,0.0228734391090555,0.9073031135531135,0.0109471377708693,0.4,0.0492365963917331,0.698,0.0267415614935087,0.0671111839119269,0.0085318221921382,40,0.4255112612157799,0.0526462953911482,100,27.990612277098272,3.640734279008927,0.5173862502988409,0.04816980159825,6.11,0.9273057910002536,0.0392399001778456,0.9258732769970084,0.0392292222813764,0.0014325140032451,3.240516628271722e-05,43.89,
expanded,d,5,3200,1.5,5.0,OracleDP,0.2,2.0,5,1.5,exact_edges,1.5999999999999996,4.463264492478967e-17,12,100,0.9841113445378152,0.0034637912949975,0.9853613445378152,0.0032870979833315,0.8,0.0402015126103684,1.0,0.0,0.0584688422573351,0.004877119950554,80,0.0652224946429303,0.0045587217564927,100,5.220753538348873,0.2774330299927501,0.0857158725077759,0.0089252458454859,7.81,0.5165547070007597,0.0607210620276471,0.5164637420004874,0.0607211110278069,9.096500027226284e-05,1.9828360906447667e-06,80.0,
expanded,d,5,3200,1.5,5.0,PC-RCIT,0.2,2.0,5,1.5,exact_edges,1.5999999999999996,4.463264492478967e-17,12,100,0.3596396936396936,0.0318944267878937,0.9054725274725276,0.0077366500896921,0.02,0.0140705294136289,,,,,0,,,0,,,,,2.41,2.629452366000041,0.0773278395629396,,,,,,
expanded,d,5,3200,1.5,5.0,PoissonDAG-ODS,0.2,2.0,5,1.5,exact_edges,1.5999999999999996,4.463264492478967e-17,12,100,0.7586236981972276,0.0146872677448604,0.8831918587947999,0.0079864125927939,0.04,0.0196946385566932,,,,,0,,,0,,,,,6.05,1.954340777999314,0.2611467108329608,,,,,,
expanded,d,6,3200,1.5,6.0,LibraryDP,0.2,2.0,5,1.5,exact_edges,1.5,0.0,12,100,0.9464866701066392,0.0111498017052987,0.963639748882009,0.0063153654592604,0.66,0.0476095228569523,0.81,0.0170856428594066,0.0650496942175132,0.0051699186577719,66,0.1643730438924436,0.0428589120191162,100,9.674144192725413,2.265288306100556,0.203330604353832,0.0330736505386302,8.49,6.469960703999532,0.2294930906952485,6.469777783999453,0.2294919608886124,0.0001829200000793,4.960703892435605e-06,192.0,
expanded,d,6,3200,1.5,6.0,LibraryGreedy,0.2,2.0,5,1.5,exact_edges,1.5,0.0,12,100,0.8413541451668387,0.0188697081815769,0.9264889060887512,0.0089395380287882,0.44,0.0498887651569858,0.6950000000000002,0.0230958331397139,0.0616539173810314,0.0050698024822186,44,0.3524361473004558,0.0506004408563064,100,24.843916060705038,3.732953598678899,0.4451693366404803,0.0470336546980605,7.42,1.3593892379998578,0.0554110196861041,1.356741993005853,0.0553905680823372,0.0026472449940047,5.9518143057282907e-05,68.0,
expanded,d,6,3200,1.5,6.0,OracleDP,0.2,2.0,5,1.5,exact_edges,1.5,0.0,12,100,0.9808881148950808,0.0043483306815598,0.9831907464740284,0.0035735369851893,0.78,0.0416333199893226,1.0,0.0,0.0646961451653374,0.0049362396433489,78,0.0941249363330424,0.023136768418909,100,6.141155919037102,0.8357736858433625,0.1124936581785169,0.0209916641500155,8.81,1.7813504199997987,0.1549206836769279,1.781183995000174,0.1549203155922154,0.0001664249996247,2.953605359873608e-06,192.0,
expanded,d,6,3200,1.5,6.0,PC-RCIT,0.2,2.0,5,1.5,exact_edges,1.5,0.0,12,100,0.4842513159355265,0.0273469827150527,0.8907183153963341,0.0075191934210568,0.0,0.0,,,,,0,,,0,,,,,3.54,4.3550609810001335,0.1461901471287652,,,,,,
expanded,d,6,3200,1.5,6.0,PoissonDAG-ODS,0.2,2.0,5,1.5,exact_edges,1.5,0.0,12,100,0.7171277061618629,0.0165031095023589,0.8516045460275504,0.0082554294290628,0.03,0.0171446607997765,,,,,0,,,0,,,,,6.8,2.3161402189999354,0.2227306980525972,,,,,,
expanded,d,7,3200,1.5,7.0,LibraryDP,0.2,2.0,5,1.5,exact_edges,1.428571428571428,6.69489673871845e-17,12,100,0.898664918758572,0.0146667476104076,0.930515055463972,0.0090237469920934,0.47,0.0501613558046591,0.8128571428571427,0.0183525788679102,0.0594758485912248,0.0051944112114822,47,0.1687903966125811,0.0288694184919248,100,9.982745402847392,1.2260755189478074,0.28282886037864,0.0349646536642262,8.99,14.721026679000351,0.4896361676677265,14.720682951999333,0.4896361776842152,0.0003437270010181,5.612155308066305e-06,441.0,
expanded,d,7,3200,1.5,7.0,LibraryGreedy,0.2,2.0,5,1.5,exact_edges,1.428571428571428,6.69489673871845e-17,12,100,0.8631663796300021,0.0183923065709958,0.9294842208015583,0.0082129583942418,0.39,0.0490207130000197,0.7757142857142858,0.0211262951394783,0.0628955932144059,0.0060509555025465,39,0.178213744240704,0.0247175557614026,100,11.389625743184522,1.7373154079548931,0.3364841736549125,0.0351626915810362,8.51,1.6724940869995044,0.0690874349189555,1.6685737610026263,0.0690530392253858,0.003920325996878,8.11725026209655e-05,95.1,
expanded,d,7,3200,1.5,7.0,OracleDP,0.2,2.0,5,1.5,exact_edges,1.428571428571428,6.69489673871845e-17,12,100,0.9655538672302706,0.0083533683970685,0.9708395815159848,0.0060675337206852,0.68,0.046882617226215,1.0,0.0,0.0603050400213513,0.0051956366772404,68,0.1083326895010986,0.0461416308529538,100,7.551881650331581,2.694704997906754,0.1325145091845833,0.0332178835736463,9.64,3.3543755449992023,0.3114433484760565,3.3540422090001814,0.3114429485513038,0.000333335999021,5.878703183041914e-06,441.0,
expanded,d,7,3200,1.5,7.0,PC-RCIT,0.2,2.0,5,1.5,exact_edges,1.428571428571428,6.69489673871845e-17,12,100,0.5362975349384018,0.0228068044723581,0.8926432748538013,0.0068447321251186,0.0,0.0,,,,,0,,,0,,,,,4.36,5.933462090999674,0.2013169751306282,,,,,,
expanded,d,7,3200,1.5,7.0,PoissonDAG-ODS,0.2,2.0,5,1.5,exact_edges,1.428571428571428,6.69489673871845e-17,12,100,0.6763399865700178,0.0135945109607817,0.8210454926910035,0.0084619079817356,0.01,0.0099999999999999,,,,,0,,,0,,,,,7.41,2.3956502639999964,0.2260565777614943,,,,,,
expanded,d,8,3200,1.5,8.0,LibraryDP,0.2,2.0,5,1.5,exact_edges,1.5,0.0,12,100,0.8838850490893968,0.013775814686883,0.9109346468346468,0.0104683241843503,0.38,0.0487831731214563,0.81,0.0159386449875892,0.0592920125550408,0.0055417214524488,38,0.2396816740227726,0.0388080910052921,100,14.80855724027023,2.446161260984208,0.3573163183220705,0.0412174245424487,10.66,35.496344185000055,0.9848207404154132,35.49552932599967,0.9848170663301168,0.0008148590003838,1.6251944959837603e-05,960.0,
expanded,d,8,3200,1.5,8.0,LibraryGreedy,0.2,2.0,5,1.5,exact_edges,1.5,0.0,12,100,0.849279170105257,0.0182728854032658,0.9244586775543298,0.008698724922114,0.32,0.046882617226215,0.75625,0.0204413888664121,0.0702792528481047,0.0082525221550763,32,0.3083509660549665,0.0420992360071332,100,16.87009740294301,2.4767183708000187,0.4265091411287404,0.0418541258987281,10.05,2.389033215000818,0.0920216120715374,2.3823622509928826,0.0919475519361689,0.0066709640079352,0.0001417420484872,130.43,
expanded,d,8,3200,1.5,8.0,OracleDP,0.2,2.0,5,1.5,exact_edges,1.5,0.0,12,100,0.9636854763593894,0.0066457557633894,0.9710051581268972,0.0046629352706434,0.59,0.049431107042371,1.0,0.0,0.0659635212123322,0.0071947350060176,59,0.1108663225884276,0.0192176857633611,100,6.800291133542024,0.8540749695744131,0.1483863230078269,0.0234975595266596,11.58,8.391473157999572,0.7543806475739996,8.390746011999727,0.754380062863936,0.0007271459998446,1.3911183366259486e-05,960.0,
expanded,d,8,3200,1.5,8.0,PC-RCIT,0.2,2.0,5,1.5,exact_edges,1.5,0.0,12,100,0.525808822315418,0.0203473443044063,0.877077971608864,0.0070234076135295,0.0,0.0,,,,,0,,,0,,,,,5.08,9.94444630799888,0.324041914546547,,,,,,
expanded,d,8,3200,1.5,8.0,PoissonDAG-ODS,0.2,2.0,5,1.5,exact_edges,1.5,0.0,12,100,0.6630071487957677,0.0149876258664968,0.8089162189664427,0.0089841576259564,0.01,0.0099999999999999,,,,,0,,,0,,,,,8.93,3.172470932000142,0.3061711350898021,,,,,,
expanded,d,9,3200,1.5,9.0,LibraryDP,0.2,2.0,5,1.5,exact_edges,1.5555555555555551,4.463264492478967e-17,12,100,0.809825772463836,0.0153600760013489,0.8517242942273205,0.0114977008994773,0.18,0.0386122919665369,0.7455555555555554,0.0157368781158944,0.0644025921491766,0.009103983679921,18,0.3197198744193324,0.0368085287067916,100,20.05065419607652,2.6500410600061075,0.5025199491670809,0.0382530351528704,11.49,77.50858546500123,2.0836819156457107,77.5068093300004,2.0836776136086126,0.0017761350008368,2.7452362124332847e-05,1971.0,
expanded,d,9,3200,1.5,9.0,LibraryGreedy,0.2,2.0,5,1.5,exact_edges,1.5555555555555551,4.463264492478967e-17,12,100,0.8449643730224377,0.0156327985637697,0.9059943112299064,0.0088708929351962,0.23,0.042295258468165,0.7411111111111112,0.0173758579344294,0.0631697599804321,0.0074124237335526,23,0.3066678718282349,0.0368257698586908,100,18.05715465511076,2.3759776312615077,0.4482422039842553,0.038504838888431,11.73,3.23727539099913,0.1158384586823426,3.226988804998109,0.1157443918883672,0.0102865860010206,0.0001619141218379,173.54,
expanded,d,9,3200,1.5,9.0,OracleDP,0.2,2.0,5,1.5,exact_edges,1.5555555555555551,4.463264492478967e-17,12,100,0.948903353248737,0.00929464058287,0.9575988018953816,0.007158039886035,0.58,0.0496044963748858,1.0,0.0,0.0538846894562174,0.0037237585000871,58,0.1098374467831962,0.0183086163153271,100,7.310456048881941,0.9746635965177586,0.1717468802741461,0.023789699669877,13.32,16.97547192399972,1.560365336152379,16.97376914699984,1.5603617370465444,0.0017027769998821,2.5103479230017872e-05,1971.0,
expanded,d,9,3200,1.5,9.0,PC-RCIT,0.2,2.0,5,1.5,exact_edges,1.5555555555555551,4.463264492478967e-17,12,100,0.4828841511653868,0.0172663467221779,0.8617256601691383,0.0064125752671689,0.0,0.0,,,,,0,,,0,,,,,5.35,13.42523417900098,0.4401370902508209,,,,,,
expanded,d,9,3200,1.5,9.0,PoissonDAG-ODS,0.2,2.0,5,1.5,exact_edges,1.5555555555555551,4.463264492478967e-17,12,100,0.6630015013221936,0.0126370606989077,0.7974754483749062,0.0078128014248909,0.01,0.0099999999999999,,,,,0,,,0,,,,,10.54,4.431747820999153,0.3938606203208049,,,,,,
expanded,d,10,3200,1.5,10.0,LibraryDP,0.2,2.0,5,1.5,exact_edges,1.5,0.0,12,100,0.7880928909510996,0.0160486079015049,0.8447919809063401,0.0113065470743014,0.16,0.036845294917747,0.7500000000000001,0.0158592292219751,0.0598665928522155,0.0080323806702249,16,0.3434895331994081,0.0436781492134497,100,21.67012643295496,3.5268136171272224,0.5463700331582247,0.0415739972651122,12.2,128.05176641299985,3.4491096086575306,128.04790000599954,3.4490928649070582,0.0038664070003142,6.725503766057722e-05,3820.0,
expanded,d,10,3200,1.5,10.0,LibraryGreedy,0.2,2.0,5,1.5,exact_edges,1.5,0.0,12,100,0.8739596832379093,0.0142241518894046,0.9269821042540454,0.0076816146145447,0.28,0.0451260859854212,0.7800000000000001,0.0157634021862302,0.0529351195027315,0.0054637668889242,28,0.1911539650080547,0.024293921286403,100,10.430460877117405,1.1297331620077953,0.3287784046692434,0.0313823066777528,13.02,3.410944826999621,0.1077960627769386,3.397374221001664,0.1076911623479008,0.0135706059979565,0.0002199741716783,214.24,
expanded,d,10,3200,1.5,10.0,OracleDP,0.2,2.0,5,1.5,exact_edges,1.5,0.0,12,100,0.9511564942896722,0.0082770798437786,0.9581494698956508,0.0063243493482815,0.46,0.0500908265962033,1.0,0.0,0.054904603859032,0.0040585866400421,46,0.1081585905259637,0.0179648052982092,100,7.531134110172782,1.4755758637583574,0.1623672758173618,0.0227698901145075,14.37,28.867534174998,2.0574068056777834,28.863755110998756,2.05739287031058,0.0037790639992454,5.2248420479070506e-05,3820.0,
expanded,d,10,3200,1.5,10.0,PC-RCIT,0.2,2.0,5,1.5,exact_edges,1.5,0.0,12,100,0.5198875947985936,0.0192982066815493,0.8709214362904016,0.0065552789042226,0.0,0.0,,,,,0,,,0,,,,,6.27,15.504271161998911,0.589792231848382,,,,,,
expanded,d,10,3200,1.5,10.0,PoissonDAG-ODS,0.2,2.0,5,1.5,exact_edges,1.5,0.0,12,100,0.6332069527054063,0.0125452300198192,0.7738907588975167,0.0086115584482413,0.0,0.0,,,,,0,,,0,,,,,11.08,4.046342414999526,0.4064454776673566,,,,,,
common,N,8,100,1.5,8.0,LibraryDP,0.15,0.85,5,1.5,exact_edges,1.5,0.0,12,100,0.6910480005621276,0.0169826217487681,0.7828902639261098,0.0121261971314313,0.01,0.0099999999999999,0.64875,0.0175607711054549,0.0607025912260287,,1,0.2342615482126023,0.0134863047546219,100,33.96599671488466,1.9535247360122967,0.3374162956750605,0.0121810911459075,7.45,1.0193879789995846,0.0238282311593039,1.018696190999617,0.0238293246968074,0.0006917879999673,8.525154691000432e-06,960.0,100.0
common,N,8,100,1.5,8.0,LibraryGreedy,0.15,0.85,5,1.5,exact_edges,1.5,0.0,12,100,0.637012708076088,0.0170252243264128,0.7560972826159795,0.0111435554686467,0.0,0.0,0.64125,0.0177360522807374,,,0,0.2500359090634408,0.0142010118475276,100,36.72789594894548,2.1628764837844314,0.3715421455620638,0.0118120141916565,6.72,0.0824420490003831,0.0020818027394811,0.0791132369969273,0.0020350044892862,0.0033288120034558,6.938563817843128e-05,115.11,100.0
common,N,8,100,1.5,8.0,OracleDP,0.15,0.85,5,1.5,exact_edges,1.5,0.0,12,100,0.7290228238192162,0.0149445911678008,0.7858598479652591,0.0124209636962366,0.0,0.0,1.0,0.0,,,0,0.2223587673962931,0.0133120365435453,100,32.78679716791322,1.928248518843744,0.3193413298300455,0.0120743292094222,8.03,0.2830545059996075,0.0184066409019942,0.2823897900000156,0.018406213534286,0.0006647159995918,7.854383951058484e-06,960.0,100.0
common,N,8,100,1.5,8.0,PBSCM,0.15,0.85,5,1.5,exact_edges,1.5,0.0,12,100,0.0043956043956043,0.0025136562726294,0.1695445807202773,0.021374886234756,0.0,0.0,,,,,0,,,0,,,,,0.03,0.3563931100003538,0.0391167854803497,,,,,,100.0
common,N,8,100,1.5,8.0,PBSCM_PGF,0.15,0.85,5,1.5,exact_edges,1.5,0.0,12,100,0.0134243697478991,0.0051552391474662,0.0798108761723312,0.0097750102611549,0.0,0.0,,,,,0,,,0,,,,,0.1,0.073389311000501,0.0007446844695741,,,,,,100.0
common,N,8,100,1.5,8.0,PC-RCIT,0.15,0.85,5,1.5,exact_edges,1.5,0.0,12,100,0.1281638655462184,0.0156968840490751,0.4769609100050276,0.0113599914190293,0.0,0.0,,,,,0,,,0,,,,,0.97,0.2125624929995683,0.0102523456295702,,,,,,100.0
common,N,8,100,1.5,8.0,PoissonDAG-ODS,0.15,0.85,5,1.5,exact_edges,1.5,0.0,12,100,0.4606984209774355,0.0118716848323317,0.6617757458738751,0.0070939950665345,0.0,0.0,,,,,0,,,0,,,,,7.4,0.3304149660000985,0.0190117912540447,,,,,,100.0
common,N,8,200,1.5,8.0,LibraryDP,0.15,0.85,5,1.5,exact_edges,1.5,0.0,12,100,0.7906498660759531,0.0132836147512019,0.8592823463086622,0.008812769744778,0.04,0.0196946385566932,0.74,0.0146163047189213,0.0781413187934829,0.0143725735198119,4,0.1669015876981675,0.0154203649140736,100,24.953394233445447,2.2166136778615657,0.2672612112245309,0.0143061321883916,8.77,1.6054865719996452,0.044826428144644,1.604793032999296,0.0448251566603363,0.0006935390003491,6.843708784902176e-06,960.0,200.0
common,N,8,200,1.5,8.0,LibraryGreedy,0.15,0.85,5,1.5,exact_edges,1.5,0.0,12,100,0.7169861544506856,0.0155368241391915,0.8217941140730615,0.0096736674916915,0.02,0.0140705294136289,0.71875,0.0157288217401473,0.0640506609564075,0.0105573055898343,2,0.1854775331567192,0.0161673155453758,100,27.49927343555029,2.309676469083776,0.3144767229090577,0.0139766079718141,7.77,0.1208440900003188,0.0030369560245229,0.1172328459988057,0.0029944893185468,0.0036112440015131,6.620227007830186e-05,117.96,200.0
common,N,8,200,1.5,8.0,OracleDP,0.15,0.85,5,1.5,exact_edges,1.5,0.0,12,100,0.8259685376408489,0.0102723326403962,0.8673606804332205,0.008567933496165,0.06,0.0238683256575942,1.0,0.0,0.0872643128797504,0.0155134654428691,6,0.1582167595283328,0.0141897863657123,100,23.293033629998657,1.7529729138199452,0.2474361269522493,0.0132198613496418,9.28,0.470889589999424,0.0340650019796028,0.4702183629997307,0.0340627658327809,0.0006712269996933,9.546607401516186e-06,960.0,200.0
common,N,8,200,1.5,8.0,PBSCM,0.15,0.85,5,1.5,exact_edges,1.5,0.0,12,100,0.0131208791208791,0.0046103145286991,0.207398856303655,0.0231352916679822,0.0,0.0,,,,,0,,,0,,,,,0.09,0.4873454189996118,0.045471401790006,,,,,,200.0
common,N,8,200,1.5,8.0,PBSCM_PGF,0.15,0.85,5,1.5,exact_edges,1.5,0.0,12,100,0.0126666666666666,0.0040497942829441,0.0881053113553113,0.0099673804036139,0.0,0.0,,,,,0,,,0,,,,,0.09,0.0916217559995129,0.0012933351651457,,,,,,200.0
common,N,8,200,1.5,8.0,PC-RCIT,0.15,0.85,5,1.5,exact_edges,1.5,0.0,12,100,0.1941395277409209,0.0172172348848605,0.6212946827853948,0.010804085016292,0.0,0.0,,,,,0,,,0,,,,,1.55,0.3885206339985598,0.017790343157717,,,,,,200.0
common,N,8,200,1.5,8.0,PoissonDAG-ODS,0.15,0.85,5,1.5,exact_edges,1.5,0.0,12,100,0.4869485435624394,0.0106437914107681,0.6783345094058112,0.0074026750617354,0.0,0.0,,,,,0,,,0,,,,,7.6,0.3626129580003908,0.0244613192673989,,,,,,200.0
common,N,8,400,1.5,8.0,LibraryDP,0.15,0.85,5,1.5,exact_edges,1.5,0.0,12,100,0.8692262938942573,0.0105428252284511,0.903316650219854,0.0084844470735797,0.13,0.0337997668989631,0.79375,0.0139188439596008,0.0702709710351958,0.0084812986037835,13,0.1043030691700444,0.0056687900030366,100,15.82264880636236,0.7938754815916342,0.1971209157219631,0.0100158745642788,9.9,2.8587367890001043,0.0903435639643549,2.8580329980001262,0.0903429989165923,0.000703790999978,7.580368784946122e-06,960.0,400.0
common,N,8,400,1.5,8.0,LibraryGreedy,0.15,0.85,5,1.5,exact_edges,1.5,0.0,12,100,0.8001319572233156,0.0154154753509606,0.8776291658536646,0.0096046924708388,0.11,0.031446603773522,0.73875,0.0154983503520975,0.0778507451373791,0.0105927506438721,11,0.1361072316654764,0.010016099104895,100,19.00157182095796,1.0099742396692124,0.2497594444812392,0.0126462150861249,9.02,0.2122390589995484,0.0059793009530549,0.2079748119950818,0.0059247005969305,0.0042642470044665,8.137770652553724e-05,122.55,400.0
common,N,8,400,1.5,8.0,OracleDP,0.15,0.85,5,1.5,exact_edges,1.5,0.0,12,100,0.8830057978156511,0.0093466268388534,0.9013338045914842,0.0082621927103751,0.16,0.036845294917747,1.0,0.0,0.0745236762397351,0.0073554449642001,16,0.1010512666505866,0.0052933828308678,100,15.786670618000535,0.8892571989582162,0.1831830648271492,0.0090143065848801,10.16,0.8808535669992853,0.0710411156570205,0.8801655070003471,0.0710409522832017,0.0006880599989381,8.320240699852021e-06,960.0,400.0
common,N,8,400,1.5,8.0,PBSCM,0.15,0.85,5,1.5,exact_edges,1.5,0.0,12,100,0.0252335523953171,0.0079676757581579,0.2367204294000968,0.0265897602885588,0.0,0.0,,,,,0,,,0,,,,,0.2,0.7933129609999015,0.0808926331817246,,,,,,400.0
common,N,8,400,1.5,8.0,PBSCM_PGF,0.15,0.85,5,1.5,exact_edges,1.5,0.0,12,100,0.0057142857142857,0.0028135197938133,0.057793956043956,0.0081202230003341,0.0,0.0,,,,,0,,,0,,,,,0.04,0.123664716000203,0.0013296535710943,,,,,,400.0
common,N,8,400,1.5,8.0,PC-RCIT,0.15,0.85,5,1.5,exact_edges,1.5,0.0,12,100,0.2805862226868418,0.0194233432001279,0.7124545503105202,0.0093518408433492,0.0,0.0,,,,,0,,,0,,,,,2.36,1.4608972919988443,0.0689630885036259,,,,,,400.0
common,N,8,400,1.5,8.0,PoissonDAG-ODS,0.15,0.85,5,1.5,exact_edges,1.5,0.0,12,100,0.4870798115660304,0.0121171608205474,0.7060296886858078,0.0070317502856624,0.0,0.0,,,,,0,,,0,,,,,7.31,0.3687771069991868,0.0182356325817502,,,,,,400.0
common,N,8,800,1.5,8.0,LibraryDP,0.15,0.85,5,1.5,exact_edges,1.5,0.0,12,100,0.9123483479906822,0.008387514589833,0.9356740020467712,0.0067234343902338,0.3,0.0460566186471838,0.85,0.0103596926751343,0.0605114615637403,0.005154612032333,30,0.1022968169358644,0.0120996635345719,100,13.63629891139298,0.954829783282126,0.1589549218105904,0.0129552692655854,10.6,5.203507409999584,0.1749018079129633,5.202795727000193,0.1749021708920746,0.0007116829993901,5.119933606800184e-06,960.0,800.0
common,N,8,800,1.5,8.0,LibraryGreedy,0.15,0.85,5,1.5,exact_edges,1.5,0.0,12,100,0.8578402482592413,0.0132642925353941,0.9133215983101568,0.0075302828959446,0.19,0.0394277244403662,0.8175,0.0139239456558212,0.0622759871717712,0.0069133578149424,19,0.1316268860156979,0.0133074027040822,100,17.00607292349815,1.1829759581079209,0.2041987486902895,0.0145739858124962,9.91,0.3846165870004915,0.0107474881635096,0.3797608370019588,0.0106891434040987,0.0048557499985327,9.28560425440213e-05,126.57,800.0
common,N,8,800,1.5,8.0,OracleDP,0.15,0.85,5,1.5,exact_edges,1.5,0.0,12,100,0.9209331728869486,0.0070656216344653,0.9326378887829688,0.0065278495469267,0.26,0.0440844002276808,1.0,0.0,0.0614206453628133,0.0054201037361185,26,0.0943931612988953,0.0100322025761963,100,13.083678693448626,0.893858300561144,0.1445618545817333,0.0111668604726373,10.79,1.5967489480003132,0.1325440097253524,1.596041498999839,0.1325444607997932,0.0007074490004742,7.235836103788396e-06,960.0,800.0
common,N,8,800,1.5,8.0,PBSCM,0.15,0.85,5,1.5,exact_edges,1.5,0.0,12,100,0.0585225393801245,0.0102123451117439,0.294536442121615,0.0274790008960771,0.0,0.0,,,,,0,,,0,,,,,0.47,1.3896227599999111,0.1348925528628257,,,,,,800.0
common,N,8,800,1.5,8.0,PBSCM_PGF,0.15,0.85,5,1.5,exact_edges,1.5,0.0,12,100,0.0138914027149321,0.0049584976881492,0.0649418767507002,0.0097212419331606,0.0,0.0,,,,,0,,,0,,,,,0.1,0.1891201610001735,0.0019748917823933,,,,,,800.0
common,N,8,800,1.5,8.0,PC-RCIT,0.15,0.85,5,1.5,exact_edges,1.5,0.0,12,100,0.3970757861774486,0.0197054052543863,0.7928295671364726,0.0091122343883369,0.0,0.0,,,,,0,,,0,,,,,3.57,2.848300372000085,0.1184198047411122,,,,,,800.0
common,N,8,800,1.5,8.0,PoissonDAG-ODS,0.15,0.85,5,1.5,exact_edges,1.5,0.0,12,100,0.5349469944057276,0.0126907304600606,0.7528140377240901,0.008153553254225,0.0,0.0,,,,,0,,,0,,,,,7.73,0.4779455609992146,0.0326860205972212,,,,,,800.0
common,N,8,1600,1.5,8.0,LibraryDP,0.15,0.85,5,1.5,exact_edges,1.5,0.0,12,100,0.950138701496825,0.0060457922067435,0.9577597818657316,0.0052654377440172,0.45,0.05,0.88875,0.0104951588166096,0.0476989584391595,0.0038686491493924,45,0.0618542064508483,0.0037723592821971,100,9.15752862360235,0.43467120168719,0.1031704759053058,0.0078449423175763,11.2,9.823968188999132,0.3469580296191629,9.82324539299967,0.34695851436906,0.0007227959994634,5.936350533751887e-06,960.0,1600.0
common,N,8,1600,1.5,8.0,LibraryGreedy,0.15,0.85,5,1.5,exact_edges,1.5,0.0,12,100,0.8857472049689441,0.0128785111225989,0.9366296819122908,0.0063332459472471,0.31,0.0464823198711731,0.84375,0.0139188439596008,0.0498021937984418,0.005183751324736,31,0.0910696275639094,0.0073806483711657,100,12.785477654546892,0.8533083402313448,0.1653380063129955,0.0131047589226822,10.37,0.6944281250007043,0.0183323857351776,0.6891394589950505,0.0182782192055723,0.0052886660056537,9.472399480469352e-05,129.44,1600.0
common,N,8,1600,1.5,8.0,OracleDP,0.15,0.85,5,1.5,exact_edges,1.5,0.0,12,100,0.9460820668271468,0.0064610801460554,0.9535878639285964,0.0057610176553128,0.43,0.0497569851956243,1.0,0.0,0.0468748968777773,0.0040191265962074,43,0.059912944026281,0.0036772474796272,100,9.080995850524868,0.442921127726693,0.1027165201128418,0.0079219325395475,11.21,3.1437469940003937,0.2642618175822283,3.1430527600014466,0.2642614192713451,0.0006942339989473,6.026307932918268e-06,960.0,1600.0
common,N,8,1600,1.5,8.0,PBSCM,0.15,0.85,5,1.5,exact_edges,1.5,0.0,12,100,0.080639948593307,0.0131000522490528,0.3409102815007041,0.030335053809732,0.0,0.0,,,,,0,,,0,,,,,0.71,2.207716073001502,0.204518533161347,,,,,,1600.0
common,N,8,1600,1.5,8.0,PBSCM_PGF,0.15,0.85,5,1.5,exact_edges,1.5,0.0,12,100,0.0126666666666666,0.0049107194236712,0.0648809523809523,0.0096920320216812,0.0,0.0,,,,,0,,,0,,,,,0.09,0.3223422949996893,0.0026809303676851,,,,,,1600.0
common,N,8,1600,1.5,8.0,PC-RCIT,0.15,0.85,5,1.5,exact_edges,1.5,0.0,12,100,0.4905452847805789,0.0188837186814641,0.8474599580210698,0.0079043966277104,0.0,0.0,,,,,0,,,0,,,,,4.65,4.542073245000211,0.1776214732868764,,,,,,1600.0
common,N,8,1600,1.5,8.0,PoissonDAG-ODS,0.15,0.85,5,1.5,exact_edges,1.5,0.0,12,100,0.58220405192752,0.013909893457575,0.7927968399031948,0.0079774462593405,0.0,0.0,,,,,0,,,0,,,,,8.08,0.6214764519991877,0.037611873097435,,,,,,1600.0
common,N,8,2400,1.5,8.0,LibraryDP,0.15,0.85,5,1.5,exact_edges,1.5,0.0,12,100,0.9668442658790484,0.004579066037898,0.9700856259682348,0.0040027814881953,0.54,0.0500908265962033,0.91625,0.0094104967719536,0.0432938285644863,0.0035789114451853,54,0.051813147934528,0.0032587475940628,100,8.00087562111672,0.4295195638200865,0.0810120389220632,0.006522549025478,11.47,14.442530878998804,0.5090556267242213,14.441814093999271,0.5090551620558169,0.0007167849995312,5.090537961233745e-06,960.0,2400.0
common,N,8,2400,1.5,8.0,LibraryGreedy,0.15,0.85,5,1.5,exact_edges,1.5,0.0,12,100,0.9035440038222649,0.0135897753239787,0.9488172088780784,0.0055738628970032,0.38,0.0487831731214563,0.875,0.012934372029518,0.045302807785279,0.0046810764038346,38,0.0788742123930389,0.0066103571023851,100,11.317251205093369,0.7974613953925954,0.1371981444340835,0.0124025210831832,10.65,1.04123047999994,0.0276541240865535,1.0357494440083974,0.0276183015751652,0.0054810359915427,8.115530977608402e-05,130.0,2400.0
common,N,8,2400,1.5,8.0,OracleDP,0.15,0.85,5,1.5,exact_edges,1.5,0.0,12,100,0.9616992587123022,0.0049055509282798,0.9649043869174304,0.0045006863861224,0.49,0.0502418393795691,1.0,0.0,0.0409726714866062,0.0034341993358648,49,0.0504226412461352,0.0029406871325739,100,7.899817465538735,0.4151498983681518,0.0794813505606675,0.006302592495475,11.45,4.624372439999861,0.3912827042065265,4.6236807969998335,0.3912826313855756,0.0006916430000273,8.456949887059414e-06,960.0,2400.0
common,N,8,2400,1.5,8.0,PBSCM,0.15,0.85,5,1.5,exact_edges,1.5,0.0,12,100,0.097835323087645,0.0138316102360885,0.3606072572590122,0.0303243693312211,0.0,0.0,,,,,0,,,0,,,,,0.84,2.937030147999758,0.2743232324034661,,,,,,2400.0
common,N,8,2400,1.5,8.0,PBSCM_PGF,0.15,0.85,5,1.5,exact_edges,1.5,0.0,12,100,0.0099047619047619,0.0041588733548813,0.0694010989010989,0.0094365769872721,0.0,0.0,,,,,0,,,0,,,,,0.07,0.4547670630004722,0.0040343437301876,,,,,,2400.0
common,N,8,2400,1.5,8.0,PC-RCIT,0.15,0.85,5,1.5,exact_edges,1.5,0.0,12,100,0.5154061075924719,0.0175959758143125,0.8768777229635353,0.0071451026028364,0.0,0.0,,,,,0,,,0,,,,,5.02,6.465464771999686,0.2496298342819498,,,,,,2400.0
common,N,8,2400,1.5,8.0,PoissonDAG-ODS,0.15,0.85,5,1.5,exact_edges,1.5,0.0,12,100,0.5798401518870844,0.0140615191706937,0.8189045821517213,0.0074368825697608,0.0,0.0,,,,,0,,,0,,,,,7.79,0.786332653999707,0.0442690111129476,,,,,,2400.0
common,N,8,3200,1.5,8.0,LibraryDP,0.15,0.85,5,1.5,exact_edges,1.5,0.0,12,100,0.9730920885877408,0.0040938177943418,0.9764283204717988,0.0037732030543352,0.6,0.0492365963917331,0.90875,0.0106385460292354,0.0404704731574433,0.0035915196732419,60,0.0474644125690233,0.0030605859318685,100,7.405321935343798,0.4420597624629969,0.0719594901633445,0.0062551738450043,11.57,19.318944011998973,0.6989575421443557,19.318206627999608,0.698956727538531,0.000737383999367,7.458088761159445e-06,960.0,3200.0
common,N,8,3200,1.5,8.0,LibraryGreedy,0.15,0.85,5,1.5,exact_edges,1.5,0.0,12,100,0.9048773133045444,0.0149604751869568,0.9542941793523028,0.0066955122205531,0.47,0.0501613558046591,0.86375,0.0148747930976188,0.0436340380621878,0.0044466968657084,47,0.0740035606941371,0.0062920827244446,100,10.566184597948276,0.7933899647105338,0.1306314814667778,0.0128445658897422,10.72,1.3719268969993572,0.0365288073837699,1.366121435987152,0.0364877868064102,0.0058054610122053,8.280302966567325e-05,130.51,3200.0
common,N,8,3200,1.5,8.0,OracleDP,0.15,0.85,5,1.5,exact_edges,1.5,0.0,12,100,0.9686252690948344,0.0046730398171216,0.9710689083862996,0.0043450965904087,0.55,0.05,1.0,0.0,0.0399073963642847,0.0039110785458566,55,0.0477266308105704,0.0031215389207407,100,7.435442825263385,0.451423752557792,0.0714877024348628,0.0063316843272716,11.58,6.108410775001394,0.5285649228544429,6.107712761000585,0.528564483667907,0.000698014000809,5.416453582348365e-06,960.0,3200.0
common,N,8,3200,1.5,8.0,PBSCM,0.15,0.85,5,1.5,exact_edges,1.5,0.0,12,100,0.1023852643400631,0.0128084977262775,0.3758705442658128,0.0305594844730595,0.0,0.0,,,,,0,,,0,,,,,0.91,4.073480228000844,0.3942524856192427,,,,,,3200.0
common,N,8,3200,1.5,8.0,PBSCM_PGF,0.15,0.85,5,1.5,exact_edges,1.5,0.0,12,100,0.0222527472527472,0.0061465487729719,0.0814409609997845,0.0105868727258854,0.0,0.0,,,,,0,,,0,,,,,0.16,0.5733641030004947,0.0041033309122261,,,,,,3200.0
common,N,8,3200,1.5,8.0,PC-RCIT,0.15,0.85,5,1.5,exact_edges,1.5,0.0,12,100,0.5489407009735452,0.0193328100019455,0.9003939096753741,0.0069265543600115,0.0,0.0,,,,,0,,,0,,,,,5.52,7.97424914200019,0.304104539978148,,,,,,3200.0
common,N,8,3200,1.5,8.0,PoissonDAG-ODS,0.15,0.85,5,1.5,exact_edges,1.5,0.0,12,100,0.5816032959862817,0.014303384155346,0.8123058250477633,0.0083994341560687,0.0,0.0,,,,,0,,,0,,,,,7.83,0.9912382160004928,0.0601779279017145,,,,,,3200.0
common,N,8,6400,1.5,8.0,LibraryDP,0.15,0.85,5,1.5,exact_edges,1.5,0.0,12,100,0.9810191040843216,0.0030960279708076,0.983485770750988,0.0027881772105585,0.67,0.047258156262526,0.935,0.0084237518932834,0.0280619348024244,0.0023447484063021,67,0.0342330690743502,0.0024066316419708,100,5.169141586816785,0.3142926152862214,0.047602950136908,0.0045997546429014,11.75,38.68174864800108,1.3953144701314306,38.68101259700066,1.3953149642275684,0.0007360510004218,6.78241399616016e-06,960.0,6400.0
common,N,8,6400,1.5,8.0,LibraryGreedy,0.15,0.85,5,1.5,exact_edges,1.5,0.0,12,100,0.9287980541197932,0.0128886945272456,0.9631943027986506,0.0056123302791028,0.55,0.05,0.90375,0.0116307618500303,0.028935646408428,0.0027090145249986,55,0.0595426338283143,0.0065494472746328,100,8.097588152562027,0.7657544111132508,0.1037776174302803,0.0126321327458472,11.09,2.727585014000069,0.0654345938258336,2.721049845995003,0.0653924147625083,0.0065351680050662,8.88480410371621e-05,131.78,6400.0
common,N,8,6400,1.5,8.0,OracleDP,0.15,0.85,5,1.5,exact_edges,1.5,0.0,12,100,0.9780786223438398,0.0032346553047507,0.9797119556771732,0.0030273736168254,0.62,0.0487831731214563,1.0,0.0,0.028400732864758,0.0024924374855821,62,0.034403826916065,0.0024341647693981,100,5.1871629240652455,0.3144328583078308,0.0448107297133004,0.0039315886066903,11.77,12.162424633999764,1.0535260276611942,12.161715991000529,1.0535250547904886,0.0007086429992341,6.7335593175368485e-06,960.0,6400.0
common,N,8,6400,1.5,8.0,PBSCM,0.15,0.85,5,1.5,exact_edges,1.5,0.0,12,100,0.1184772476866298,0.0152201229478434,0.371556477442182,0.0304670059806405,0.0,0.0,,,,,0,,,0,,,,,1.1,5.6471331060004015,0.5805949471457483,,,,,,6400.0
common,N,8,6400,1.5,8.0,PBSCM_PGF,0.15,0.85,5,1.5,exact_edges,1.5,0.0,12,100,0.0085714285714285,0.0039685425580487,0.0791593406593406,0.0100811266723273,0.0,0.0,,,,,0,,,0,,,,,0.06,1.0786624189994471,0.0081694535679525,,,,,,6400.0
common,N,8,6400,1.5,8.0,PC-RCIT,0.15,0.85,5,1.5,exact_edges,1.5,0.0,12,100,0.5905725791460749,0.0193308945334062,0.9251862809196908,0.006235856117484,0.0,0.0,,,,,0,,,0,,,,,6.0,14.827546755000805,0.5636028920697224,,,,,,6400.0
common,N,8,6400,1.5,8.0,PoissonDAG-ODS,0.15,0.85,5,1.5,exact_edges,1.5,0.0,12,100,0.6099817680242838,0.0151719801734561,0.8522778596581422,0.0081303798420372,0.0,0.0,,,,,0,,,0,,,,,7.79,1.620724809999956,0.1079031619025013,,,,,,6400.0
common,N,8,10000,1.5,8.0,LibraryDP,0.15,0.85,5,1.5,exact_edges,1.5,0.0,12,100,0.9837929664538358,0.0030688585010179,0.9846262997871692,0.0029970426351197,0.74,0.0440844002276808,0.94375,0.0076158974480617,0.0232740446525851,0.0016063433687219,74,0.0293393864215001,0.0020977538829087,100,4.559278171749934,0.2785873032651637,0.040007250789715,0.0043699093745906,11.82,60.88135013400068,2.1686674967419988,60.88060796000005,2.168667346603905,0.0007421740006248,5.157255838466281e-06,960.0,10000.0
common,N,8,10000,1.5,8.0,LibraryGreedy,0.15,0.85,5,1.5,exact_edges,1.5,0.0,12,100,0.924307661903314,0.0134981991363375,0.961597482871396,0.00601710608639,0.59,0.049431107042371,0.9025,0.0118625333284967,0.0251373273155943,0.0019889720054242,59,0.0539452317250652,0.0056903907979125,100,7.404171427677592,0.691118155310056,0.0989103620573395,0.0125706696854588,11.07,4.263759006000909,0.1038202535567598,4.256919195005903,0.1037908626156578,0.0068398109950067,8.489676444130142e-05,130.95,10000.0
common,N,8,10000,1.5,8.0,OracleDP,0.15,0.85,5,1.5,exact_edges,1.5,0.0,12,100,0.9815894969764536,0.0033849995620555,0.9823894969764536,0.0032336313300886,0.72,0.0451260859854212,1.0,0.0,0.0229618758741887,0.0016130375952842,72,0.0302111624754557,0.002208931958332,100,4.629758106711667,0.2841723811278845,0.039601160859905,0.0041498392317914,11.82,19.180675684999443,1.6453317672797585,19.17995736799974,1.6453315556161954,0.0007183169997006,7.944310137500451e-06,960.0,10000.0
common,N,8,10000,1.5,8.0,PBSCM,0.15,0.85,5,1.5,exact_edges,1.5,0.0,12,100,0.1316821557355613,0.01557376610449,0.394365761177546,0.0303141253313491,0.0,0.0,,,,,0,,,0,,,,,1.28,10.046382813000236,1.0505420013296254,,,,,,10000.0
common,N,8,10000,1.5,8.0,PBSCM_PGF,0.15,0.85,5,1.5,exact_edges,1.5,0.0,12,100,0.0251785714285714,0.0069929019509299,0.1052923400129282,0.0116564571735061,0.0,0.0,,,,,0,,,0,,,,,0.18,1.6759283660000073,0.010359912277351,,,,,,10000.0
common,N,8,10000,1.5,8.0,PC-RCIT,0.15,0.85,5,1.5,exact_edges,1.5,0.0,12,100,0.6242392479493705,0.0207962545706077,0.9419066856865486,0.0056760296404819,0.03,0.0171446607997765,,,,,0,,,0,,,,,6.46,22.69277949100011,0.7431875639121606,,,,,,10000.0
common,N,8,10000,1.5,8.0,PoissonDAG-ODS,0.15,0.85,5,1.5,exact_edges,1.5,0.0,12,100,0.6276680717125831,0.0155892997630185,0.8626506792184528,0.0084909985291793,0.0,0.0,,,,,0,,,0,,,,,8.0,2.5067748760002724,0.1669748984318536,,,,,,10000.0
expanded,N,8,100,1.5,8.0,LibraryDP,0.2,2.0,5,1.5,exact_edges,1.5,0.0,12,100,0.7613344764058724,0.0164572101402951,0.8222756961827901,0.0113488069665314,0.07,0.0256432399976242,0.62375,0.0190936520997176,0.1697043115551087,0.0322600693252483,7,0.3876405474769897,0.0335755375189332,100,25.75666808300547,1.8445818454829797,0.6031185999767189,0.0312683808641243,8.54,1.5032732840020615,0.0320829081697935,1.5025309510002265,0.032083641015509,0.0007423330018355,1.5136221619466468e-05,960.0,100.0
expanded,N,8,100,1.5,8.0,LibraryGreedy,0.2,2.0,5,1.5,exact_edges,1.5,0.0,12,100,0.6930892200857877,0.0185200419491719,0.8062161992596778,0.0104490850574109,0.03,0.0171446607997765,0.5675,0.0198176663356183,0.1083880581807372,0.0352789873844576,3,0.4565711247027794,0.0462720543578523,100,28.933828402637836,2.6420691637356626,0.7225840110104569,0.0353001290765254,7.47,0.1178572519999579,0.0032074357715,0.1139787029945,0.0031411691610498,0.0038785490054578,9.70546249978542e-05,118.63,100.0
expanded,N,8,100,1.5,8.0,OracleDP,0.2,2.0,5,1.5,exact_edges,1.5,0.0,12,100,0.8384236033988894,0.0104199386145234,0.8582782548496507,0.008814731491644,0.08,0.027265992434429,1.0,0.0,0.1819601819038334,0.028679364418138,8,0.2919066998783599,0.0192425567078005,100,20.9576865644162,1.4156940002727871,0.4707046519225198,0.0244928813934359,9.52,0.3609382499994535,0.0244889421156733,0.3602416869990702,0.0244857656689855,0.0006965630003833,1.336793975179457e-05,960.0,100.0
expanded,N,8,100,1.5,8.0,PC-RCIT,0.2,2.0,5,1.5,exact_edges,1.5,0.0,12,100,0.1141519607843137,0.0148349964900979,0.5457683915671532,0.009589155785237,0.0,0.0,,,,,0,,,0,,,,,0.85,0.3233891070004028,0.0128109656316153,,,,,,100.0
expanded,N,8,100,1.5,8.0,PoissonDAG-ODS,0.2,2.0,5,1.5,exact_edges,1.5,0.0,12,100,0.5634001159419816,0.0096813622751568,0.6725837024474146,0.0064435648934302,0.0,0.0,,,,,0,,,0,,,,,8.85,0.8819895800000813,0.0700109007983673,,,,,,100.0
expanded,N,8,200,1.5,8.0,LibraryDP,0.2,2.0,5,1.5,exact_edges,1.5,0.0,12,100,0.7902799180986823,0.0154745661772761,0.8433512385402545,0.0098231967868324,0.07,0.0256432399976242,0.67125,0.0153510067777624,0.1333947966155449,0.0191663424430253,7,0.3803617218446822,0.0455256163396204,100,26.4612340591339,3.1765127304917917,0.570926749638311,0.0376420791091737,9.05,2.5762118270010976,0.0585773564761901,2.5754627549993163,0.0585764795250296,0.0007490720017813,1.4828036001576407e-05,960.0,200.0
expanded,N,8,200,1.5,8.0,LibraryGreedy,0.2,2.0,5,1.5,exact_edges,1.5,0.0,12,100,0.7508547332911174,0.0164404181961391,0.8398444229302352,0.0094055546189036,0.04,0.0196946385566932,0.6225,0.0166647726196503,0.1410904250049443,0.0295049891988297,4,0.4489605289445237,0.0442433191408637,100,26.308845439691176,2.293340699577792,0.6554872563483158,0.0331814318165383,8.39,0.1913284719991497,0.0058500785545344,0.1870068960051867,0.0057746797442583,0.004321575993963,0.0001072371439031,124.02,200.0
expanded,N,8,200,1.5,8.0,OracleDP,0.2,2.0,5,1.5,exact_edges,1.5,0.0,12,100,0.8774350958728532,0.0096156187966585,0.8889789753343527,0.0083853294450521,0.12,0.032659863237109,1.0,0.0,0.1377742629517468,0.0208612338263544,12,0.2541264369894369,0.0300909285704566,100,16.736531875059498,1.477640849499408,0.3954341080455023,0.030350405302042,10.12,0.6013468829989143,0.0456952045876337,0.6006543079999392,0.0456947939968531,0.000692574998975,1.2557173968945929e-05,960.0,200.0
expanded,N,8,200,1.5,8.0,PC-RCIT,0.2,2.0,5,1.5,exact_edges,1.5,0.0,12,100,0.2136678460858027,0.0191357082845717,0.6479378839255,0.0088631378661836,0.0,0.0,,,,,0,,,0,,,,,1.74,0.5452798799994344,0.0200696216902412,,,,,,200.0
expanded,N,8,200,1.5,8.0,PoissonDAG-ODS,0.2,2.0,5,1.5,exact_edges,1.5,0.0,12,100,0.5902909786459188,0.0115836137140556,0.696501688377019,0.0075659287788621,0.0,0.0,,,,,0,,,0,,,,,9.01,1.0623716600000626,0.1177045938482833,,,,,,200.0
expanded,N,8,400,1.5,8.0,LibraryDP,0.2,2.0,5,1.5,exact_edges,1.5,0.0,12,100,0.8393873165481861,0.0144087408572609,0.8870964986704116,0.0091721455855446,0.15,0.0358870281282636,0.69875,0.0164852819266769,0.1149643147426479,0.0107688825483313,15,0.3736499441814652,0.0434038325313454,100,23.441591017187392,3.004755980633316,0.4939262417514383,0.0395619375131346,9.85,4.567152781000041,0.1141879303609178,4.566450158999796,0.1141870926427258,0.0007026220002444,1.0024562956119009e-05,960.0,400.0
expanded,N,8,400,1.5,8.0,LibraryGreedy,0.2,2.0,5,1.5,exact_edges,1.5,0.0,12,100,0.8038072206207219,0.0171927419312847,0.8881433574053713,0.0085995820950299,0.08,0.027265992434429,0.65625,0.0166073755976802,0.1020895031225075,0.0170075548148747,8,0.4141102040367523,0.0395461738907966,100,24.176703534149603,2.394226231049244,0.5611749757939201,0.0382997470336963,9.19,0.3237387629995646,0.0110784935053853,0.3191612500013434,0.0110319983498479,0.0045775129982212,8.714770926239535e-05,125.74,400.0
expanded,N,8,400,1.5,8.0,OracleDP,0.2,2.0,5,1.5,exact_edges,1.5,0.0,12,100,0.9166250657555008,0.0077614047636313,0.933450481563525,0.0055698906373771,0.25,0.0435194139889244,1.0,0.0,0.1209183605385522,0.0108329353580799,25,0.2418212515328388,0.0280828940773732,100,15.434695152226102,1.705868383378452,0.308337928228394,0.0291734289539958,10.83,1.0815994199998389,0.0892075484021203,1.0809014330002538,0.0892077042502304,0.0006979869995848,1.350176451126286e-05,960.0,400.0
expanded,N,8,400,1.5,8.0,PC-RCIT,0.2,2.0,5,1.5,exact_edges,1.5,0.0,12,100,0.3222481817288319,0.0199121986451703,0.7343810864058544,0.0082940655029708,0.0,0.0,,,,,0,,,0,,,,,2.73,1.7889810869992653,0.0671355457885381,,,,,,400.0
expanded,N,8,400,1.5,8.0,PoissonDAG-ODS,0.2,2.0,5,1.5,exact_edges,1.5,0.0,12,100,0.6351528472856864,0.010861146090199,0.7332977843349636,0.0069685710593238,0.0,0.0,,,,,0,,,0,,,,,9.25,1.0404342799994628,0.104521102957021,,,,,,400.0
expanded,N,8,800,1.5,8.0,LibraryDP,0.2,2.0,5,1.5,exact_edges,1.5,0.0,12,100,0.8373544323631279,0.0156414235119535,0.8861841252145602,0.0101924240941834,0.21,0.0409360180740332,0.74625,0.0169906948686983,0.1006306181924287,0.0099264859614985,21,0.323689712698005,0.0419384801981895,100,23.81289922061213,3.5078961135348914,0.4700454485445777,0.0410384995551628,9.98,8.720702592000599,0.2392832955621072,8.719969173999708,0.23928314054462,0.0007334180008911,1.3750407913410283e-05,960.0,800.0
expanded,N,8,800,1.5,8.0,LibraryGreedy,0.2,2.0,5,1.5,exact_edges,1.5,0.0,12,100,0.7958791382530513,0.0182321467945831,0.8876917324221674,0.008920595690298,0.14,0.0348735088019777,0.71125,0.0197598428356322,0.0965640753999832,0.0098764571190757,14,0.4189930630142843,0.0479983285608865,100,23.726208262341657,2.5066131941175525,0.5611847599187738,0.0428989187773227,9.24,0.5874006510002073,0.0198778052422914,0.5822947039976134,0.0198241546465091,0.0051059470025938,0.0001106124377727,128.25,800.0
expanded,N,8,800,1.5,8.0,OracleDP,0.2,2.0,5,1.5,exact_edges,1.5,0.0,12,100,0.9290800735496388,0.0075390793052342,0.9399608985217682,0.0061301777724124,0.29,0.0456048021572068,1.0,0.0,0.0909096653352416,0.0076220413053897,29,0.1590096739760059,0.0244322767477622,100,11.075872891184671,1.5490231496711866,0.2575666986533733,0.0284732711852876,11.01,2.0140240649989574,0.1733334449241217,2.013316281999141,0.173330804499934,0.0007077829998161,1.4171375505901574e-05,960.0,800.0
expanded,N,8,800,1.5,8.0,PC-RCIT,0.2,2.0,5,1.5,exact_edges,1.5,0.0,12,100,0.3857682899801623,0.0221876800590572,0.783859658349159,0.0091493495009596,0.0,0.0,,,,,0,,,0,,,,,3.45,3.6048744060001625,0.1309568288832498,,,,,,800.0
expanded,N,8,800,1.5,8.0,PoissonDAG-ODS,0.2,2.0,5,1.5,exact_edges,1.5,0.0,12,100,0.6355741966009566,0.0092973459168551,0.7563882499541387,0.0061936262486169,0.0,0.0,,,,,0,,,0,,,,,9.15,1.3027329699996335,0.1137288694503257,,,,,,800.0
expanded,N,8,1600,1.5,8.0,LibraryDP,0.2,2.0,5,1.5,exact_edges,1.5,0.0,12,100,0.8720476494519973,0.0142337056324381,0.9082808035764558,0.0101920164517517,0.32,0.046882617226215,0.77125,0.0158965047616249,0.0759765918538358,0.0083063420521246,32,0.247943485660536,0.030678825186121,100,17.083215252693243,2.75642824555397,0.3728226796404387,0.0371696831296727,10.53,17.564200200001068,0.4664554297082481,17.563464725000085,0.4664541268638588,0.0007354750009835,9.414374732981252e-06,960.0,1600.0
expanded,N,8,1600,1.5,8.0,LibraryGreedy,0.2,2.0,5,1.5,exact_edges,1.5,0.0,12,100,0.8447559252341861,0.0162644543871119,0.9146270830618658,0.0090954423128883,0.26,0.0440844002276808,0.735,0.0178800718593905,0.082222635907632,0.0114903164116718,26,0.2702098481724475,0.0287505605492712,100,15.218144692276928,1.7187372382018409,0.4375028551338262,0.0354611033722497,9.98,1.2120675840006152,0.0427341449693774,1.2063246950073516,0.0426878576543578,0.0057428889932634,9.057014008006638e-05,129.93,1600.0
expanded,N,8,1600,1.5,8.0,OracleDP,0.2,2.0,5,1.5,exact_edges,1.5,0.0,12,100,0.9572099832534614,0.0068832719121043,0.9630623642058423,0.0056268294032688,0.56,0.0498887651569858,1.0,0.0,0.0800495825134291,0.0068011821903089,56,0.1359663958171893,0.0227120440247726,100,8.833188937833567,1.2698340469698186,0.178812892164331,0.0263733465079316,11.48,4.129467336000235,0.36662012751144,4.128732558000047,0.3666194980140283,0.0007347780001873,1.810153145087465e-05,960.0,1600.0
expanded,N,8,1600,1.5,8.0,PC-RCIT,0.2,2.0,5,1.5,exact_edges,1.5,0.0,12,100,0.4812319020736371,0.0194256653388056,0.8320727213290142,0.0079667320314558,0.0,0.0,,,,,0,,,0,,,,,4.41,5.628781384999748,0.1859908622611902,,,,,,1600.0
expanded,N,8,1600,1.5,8.0,PoissonDAG-ODS,0.2,2.0,5,1.5,exact_edges,1.5,0.0,12,100,0.635658817714897,0.0129341446900855,0.7826326645373992,0.0068517102262073,0.0,0.0,,,,,0,,,0,,,,,8.8,2.0090278520001448,0.219603425285572,,,,,,1600.0
expanded,N,8,2400,1.5,8.0,LibraryDP,0.2,2.0,5,1.5,exact_edges,1.5,0.0,12,100,0.8655104598438932,0.0149936741346588,0.8987175677728902,0.0106634009347952,0.34,0.0476095228569523,0.78,0.0161002227225952,0.0693358925049571,0.0079629049262171,34,0.2815681984532257,0.0395018076868058,100,15.8838905130343,2.225314422058001,0.3981828767408345,0.0424746063379265,10.47,25.90710995600064,0.7040908299841959,25.906325607000618,0.7040908561224358,0.0007843490000232,2.2451191207956084e-05,960.0,2400.0
expanded,N,8,2400,1.5,8.0,LibraryGreedy,0.2,2.0,5,1.5,exact_edges,1.5,0.0,12,100,0.8394010047923091,0.0169551894549598,0.9113431930388451,0.0091849379589647,0.23,0.042295258468165,0.74,0.0181777141832875,0.0711823675515451,0.0107738648698998,23,0.3462812054303337,0.0453989079604616,100,18.322224492719897,2.384885125695715,0.465715019949648,0.0433719001273795,9.9,1.7459273329994176,0.0591116057559622,1.7397473060047195,0.0590636575849432,0.0061800269946979,9.9643526788388e-05,131.37,2400.0
expanded,N,8,2400,1.5,8.0,OracleDP,0.2,2.0,5,1.5,exact_edges,1.5,0.0,12,100,0.953646511942164,0.0075151564973089,0.9600508409464932,0.0060317127816873,0.55,0.05,1.0,0.0,0.0616788400733383,0.0056549163462389,55,0.1340785196155178,0.0289499392713311,100,8.680269613186317,1.620948963549558,0.1883726394799448,0.0316907083813816,11.42,6.121277866000455,0.5451825181087744,6.1205554140004095,0.5451784260078169,0.0007224520000454,1.6335446073948943e-05,960.0,2400.0
expanded,N,8,2400,1.5,8.0,PC-RCIT,0.2,2.0,5,1.5,exact_edges,1.5,0.0,12,100,0.4843697005534063,0.020558396078317,0.8569862848821659,0.0067598861879214,0.0,0.0,,,,,0,,,0,,,,,4.57,7.5549909470007695,0.2781546189724448,,,,,,2400.0
expanded,N,8,2400,1.5,8.0,PoissonDAG-ODS,0.2,2.0,5,1.5,exact_edges,1.5,0.0,12,100,0.6825217078161131,0.0135500179822876,0.7973906491745805,0.0087157662173854,0.0,0.0,,,,,0,,,0,,,,,9.24,2.477604253000026,0.2431777072228384,,,,,,2400.0
expanded,N,8,3200,1.5,8.0,LibraryDP,0.2,2.0,5,1.5,exact_edges,1.5,0.0,12,100,0.8838850490893968,0.013775814686883,0.9109346468346468,0.0104683241843503,0.38,0.0487831731214563,0.81,0.0159386449875892,0.0592920125550408,0.0055417214524488,38,0.2396816740227726,0.0388080910052921,100,14.80855724027023,2.446161260984208,0.3573163183220705,0.0412174245424487,10.66,35.496344185000055,0.9848207404154132,35.49552932599967,0.9848170663301168,0.0008148590003838,1.6251944959837603e-05,960.0,3200.0
expanded,N,8,3200,1.5,8.0,LibraryGreedy,0.2,2.0,5,1.5,exact_edges,1.5,0.0,12,100,0.849279170105257,0.0182728854032658,0.9244586775543298,0.008698724922114,0.32,0.046882617226215,0.75625,0.0204413888664121,0.0702792528481047,0.0082525221550763,32,0.3083509660549665,0.0420992360071332,100,16.87009740294301,2.4767183708000187,0.4265091411287404,0.0418541258987281,10.05,2.389033215000818,0.0920216120715374,2.3823622509928826,0.0919475519361689,0.0066709640079352,0.0001417420484872,130.43,3200.0
expanded,N,8,3200,1.5,8.0,OracleDP,0.2,2.0,5,1.5,exact_edges,1.5,0.0,12,100,0.9636854763593894,0.0066457557633894,0.9710051581268972,0.0046629352706434,0.59,0.049431107042371,1.0,0.0,0.0659635212123322,0.0071947350060176,59,0.1108663225884276,0.0192176857633611,100,6.800291133542024,0.8540749695744131,0.1483863230078269,0.0234975595266596,11.58,8.391473157999572,0.7543806475739996,8.390746011999727,0.754380062863936,0.0007271459998446,1.3911183366259486e-05,960.0,3200.0
expanded,N,8,3200,1.5,8.0,PC-RCIT,0.2,2.0,5,1.5,exact_edges,1.5,0.0,12,100,0.525808822315418,0.0203473443044063,0.877077971608864,0.0070234076135295,0.0,0.0,,,,,0,,,0,,,,,5.08,9.94444630799888,0.324041914546547,,,,,,3200.0
expanded,N,8,3200,1.5,8.0,PoissonDAG-ODS,0.2,2.0,5,1.5,exact_edges,1.5,0.0,12,100,0.6630071487957677,0.0149876258664968,0.8089162189664427,0.0089841576259564,0.01,0.0099999999999999,,,,,0,,,0,,,,,8.93,3.172470932000142,0.3061711350898021,,,,,,3200.0
expanded,N,8,6400,1.5,8.0,LibraryDP,0.2,2.0,5,1.5,exact_edges,1.5,0.0,12,100,0.8715092918353788,0.0153893670486143,0.9074284895458808,0.0108955511429019,0.43,0.0497569851956243,0.81375,0.0155390311763311,0.0457591971118578,0.0044898798126817,43,0.2893748640676428,0.0430103140143154,100,15.448107802028986,2.2763588933917527,0.4050065297911639,0.0441257806015564,10.54,67.11364498099996,1.8004892419616776,67.11289137300045,1.8004849936284046,0.0007536079995043,1.2034987811273708e-05,960.0,6400.0
expanded,N,8,6400,1.5,8.0,LibraryGreedy,0.2,2.0,5,1.5,exact_edges,1.5,0.0,12,100,0.8492702464583473,0.0171722858646558,0.9281503087301716,0.0081211318992496,0.38,0.0487831731214563,0.75875,0.0189075869278536,0.0459291975182952,0.0048906558571039,38,0.3011562325633384,0.0436460741522264,100,15.870230022761154,2.158768431395349,0.4199501311738167,0.0444676848080237,10.16,4.507161950000154,0.1419897227883409,4.500308346995444,0.1419632519961443,0.0068536030047107,9.874509645006568e-05,130.98,6400.0
expanded,N,8,6400,1.5,8.0,OracleDP,0.2,2.0,5,1.5,exact_edges,1.5,0.0,12,100,0.9705346609911828,0.006431053267866,0.9761873416438632,0.0046394776154739,0.69,0.0464823198711731,1.0,0.0,0.0427327071883446,0.003069969165721,69,0.0960807714427192,0.0204031576635009,100,5.962263590550375,1.0372377671292794,0.1277166589899667,0.0247094268534365,11.73,15.974132659000317,1.4214786340488474,15.973411448000697,1.4214781068564302,0.000721210999618,1.3058152225080603e-05,960.0,6400.0
expanded,N,8,6400,1.5,8.0,PC-RCIT,0.2,2.0,5,1.5,exact_edges,1.5,0.0,12,100,0.5982462859077478,0.0180429320493585,0.9112036137775268,0.0055041839299305,0.0,0.0,,,,,0,,,0,,,,,6.0,16.98763667000021,0.4950071523235526,,,,,,6400.0
expanded,N,8,6400,1.5,8.0,PoissonDAG-ODS,0.2,2.0,5,1.5,exact_edges,1.5,0.0,12,100,0.6690391502791548,0.0155551067558447,0.8240417359207706,0.0079597317302894,0.0,0.0,,,,,0,,,0,,,,,8.86,5.014244384999038,0.4616118311147626,,,,,,6400.0
expanded,N,8,10000,1.5,8.0,LibraryDP,0.2,2.0,5,1.5,exact_edges,1.5,0.0,12,100,0.872719811977683,0.014064318716521,0.9114065845254752,0.0097269535608975,0.34,0.0476095228569523,0.81875,0.0145833333333333,0.0323299240614836,0.0028827593425966,34,0.2939110445100603,0.0457190138801239,100,18.05911007951112,3.350039437640079,0.3833107051341403,0.0452468529450709,10.68,105.91399363199888,2.849060571992076,105.91321106099902,2.849060815244731,0.0007825709998724,1.4102028368442811e-05,960.0,10000.0
expanded,N,8,10000,1.5,8.0,LibraryGreedy,0.2,2.0,5,1.5,exact_edges,1.5,0.0,12,100,0.8418288703300696,0.0184178106207272,0.9216514675618124,0.0094614494386723,0.34,0.0476095228569523,0.76625,0.01860465552142,0.0356167355564257,0.0036365995536737,34,0.3134473983769512,0.0453443098156578,100,16.495501736974408,2.498261017379531,0.4264470869769801,0.0454301177794341,10.12,7.155287098999979,0.2467495100173338,7.147838473996817,0.2467168836175759,0.0074486250031623,0.0001108580315942,132.2,10000.0
expanded,N,8,10000,1.5,8.0,OracleDP,0.2,2.0,5,1.5,exact_edges,1.5,0.0,12,100,0.9732805411979324,0.0068671742514091,0.9790193371845546,0.005294733802662,0.78,0.0416333199893226,1.0,0.0,0.0334719572736943,0.0023979882771741,78,0.0869514560210622,0.0214063080241486,100,4.846883148974356,0.8262450724344058,0.1167602685288964,0.0254837002207856,11.71,25.64861999300032,2.305271980486571,25.64787428700016,2.305271453707124,0.0007457060001615,1.2414981746386968e-05,960.0,10000.0
expanded,N,8,10000,1.5,8.0,PC-RCIT,0.2,2.0,5,1.5,exact_edges,1.5,0.0,12,100,0.6336857880091222,0.0188412053191408,0.928648033126294,0.0055308247533919,0.0,0.0,,,,,0,,,0,,,,,6.44,27.662682907000125,0.8802334906501053,,,,,,10000.0
expanded,N,8,10000,1.5,8.0,PoissonDAG-ODS,0.2,2.0,5,1.5,exact_edges,1.5,0.0,12,100,0.6815485564695122,0.0140554141160734,0.8297537786973583,0.0083043372474789,0.0,0.0,,,,,0,,,0,,,,,8.97,7.810852750999183,0.71090381012316,,,,,,10000.0
common,kbar,8,3200,1.0,8.0,LibraryDP,0.15,0.85,5,1.0,exact_edges,1.0,0.0,12,100,0.971262605042017,0.004681556770312,0.977373716153128,0.0038772832093345,0.66,0.0476095228569523,0.925,0.0087038827977848,0.0390990516482433,0.0031369030509073,66,0.042423116722278,0.0028913148732757,100,6.878591646328387,0.4389833177408002,0.0658156600795864,0.0066999191353824,7.77,13.484626556000585,0.5347673753298061,13.4839218670009,0.5347677657709455,0.0007046889996854,5.993681856169105e-06,960.0,
common,kbar,8,3200,1.0,8.0,LibraryGreedy,0.15,0.85,5,1.0,exact_edges,1.0,0.0,12,100,0.961262605042017,0.0067215996504183,0.9727070494864614,0.0046054285062398,0.63,0.0485236587093909,0.92,0.0087976695720508,0.0396955256252219,0.0032517625586067,63,0.0445646330929712,0.0032518720513521,100,7.117011365136659,0.4548444430082071,0.0747911899264039,0.0079453559138189,7.68,0.8989686480001546,0.0195385497939421,0.8951576789934188,0.019514740818799,0.0038109690067358,5.012495631419058e-05,109.51,
common,kbar,8,3200,1.0,8.0,OracleDP,0.15,0.85,5,1.0,exact_edges,1.0,0.0,12,100,0.9689096638655462,0.0050484302820742,0.9737707749766574,0.0044525495683936,0.66,0.0476095228569523,1.0,0.0,0.0446337694996481,0.0049467434113838,66,0.0454234852007212,0.0037187343748295,100,7.214048221658341,0.5239513868605173,0.0631587865887538,0.0063398691982407,7.81,4.242756875999476,0.3935690533751022,4.242081186998694,0.3935674861689203,0.0006756890007818,6.751459871743791e-06,960.0,
common,kbar,8,3200,1.0,8.0,PBSCM,0.15,0.85,5,1.0,exact_edges,1.0,0.0,12,100,0.0919664779664779,0.0141294127030294,0.3710314473108591,0.0293680202876168,0.0,0.0,,,,,0,,,0,,,,,0.56,2.405993692999473,0.2355800083757779,,,,,,
common,kbar,8,3200,1.0,8.0,PBSCM_PGF,0.15,0.85,5,1.0,exact_edges,1.0,0.0,12,100,0.0056363636363636,0.0032245717431604,0.0707000777000777,0.0118487364052144,0.0,0.0,,,,,0,,,0,,,,,0.03,0.5604255209994153,0.0039991995031113,,,,,,
common,kbar,8,3200,1.0,8.0,PC-RCIT,0.15,0.85,5,1.0,exact_edges,1.0,0.0,12,100,0.497102564102564,0.0253197435440397,0.9317542555483732,0.0070963420010726,0.0,0.0,,,,,0,,,0,,,,,3.26,3.0309853340005795,0.1328427017379977,,,,,,
common,kbar,8,3200,1.0,8.0,PoissonDAG-ODS,0.15,0.85,5,1.0,exact_edges,1.0,0.0,12,100,0.4969694306194844,0.0166237823729028,0.7776337665475368,0.0098677110374249,0.0,0.0,,,,,0,,,0,,,,,4.71,0.5684934200003045,0.0371893038771928,,,,,,
common,kbar,8,3200,1.5,8.0,LibraryDP,0.15,0.85,5,1.5,exact_edges,1.5,0.0,12,100,0.9730920885877408,0.0040938177943418,0.9764283204717988,0.0037732030543352,0.6,0.0492365963917331,0.90875,0.0106385460292354,0.0404704731574433,0.0035915196732419,60,0.0474644125690233,0.0030605859318685,100,7.405321935343798,0.4420597624629969,0.0719594901633445,0.0062551738450043,11.57,19.318944011998973,0.6989575421443557,19.318206627999608,0.698956727538531,0.000737383999367,7.458088761159445e-06,960.0,
common,kbar,8,3200,1.5,8.0,LibraryGreedy,0.15,0.85,5,1.5,exact_edges,1.5,0.0,12,100,0.9048773133045444,0.0149604751869568,0.9542941793523028,0.0066955122205531,0.47,0.0501613558046591,0.86375,0.0148747930976188,0.0436340380621878,0.0044466968657084,47,0.0740035606941371,0.0062920827244446,100,10.566184597948276,0.7933899647105338,0.1306314814667778,0.0128445658897422,10.72,1.3719268969993572,0.0365288073837699,1.366121435987152,0.0364877868064102,0.0058054610122053,8.280302966567325e-05,130.51,
common,kbar,8,3200,1.5,8.0,OracleDP,0.15,0.85,5,1.5,exact_edges,1.5,0.0,12,100,0.9686252690948344,0.0046730398171216,0.9710689083862996,0.0043450965904087,0.55,0.05,1.0,0.0,0.0399073963642847,0.0039110785458566,55,0.0477266308105704,0.0031215389207407,100,7.435442825263385,0.451423752557792,0.0714877024348628,0.0063316843272716,11.58,6.108410775001394,0.5285649228544429,6.107712761000585,0.528564483667907,0.000698014000809,5.416453582348365e-06,960.0,
common,kbar,8,3200,1.5,8.0,PBSCM,0.15,0.85,5,1.5,exact_edges,1.5,0.0,12,100,0.1023852643400631,0.0128084977262775,0.3758705442658128,0.0305594844730595,0.0,0.0,,,,,0,,,0,,,,,0.91,4.073480228000844,0.3942524856192427,,,,,,
common,kbar,8,3200,1.5,8.0,PBSCM_PGF,0.15,0.85,5,1.5,exact_edges,1.5,0.0,12,100,0.0222527472527472,0.0061465487729719,0.0814409609997845,0.0105868727258854,0.0,0.0,,,,,0,,,0,,,,,0.16,0.5733641030004947,0.0041033309122261,,,,,,
common,kbar,8,3200,1.5,8.0,PC-RCIT,0.15,0.85,5,1.5,exact_edges,1.5,0.0,12,100,0.5489407009735452,0.0193328100019455,0.9003939096753741,0.0069265543600115,0.0,0.0,,,,,0,,,0,,,,,5.52,7.97424914200019,0.304104539978148,,,,,,
common,kbar,8,3200,1.5,8.0,PoissonDAG-ODS,0.15,0.85,5,1.5,exact_edges,1.5,0.0,12,100,0.5816032959862817,0.014303384155346,0.8123058250477633,0.0083994341560687,0.0,0.0,,,,,0,,,0,,,,,7.83,0.9912382160004928,0.0601779279017145,,,,,,
common,kbar,8,3200,2.0,8.0,LibraryDP,0.15,0.85,5,2.0,exact_edges,2.0,0.0,12,100,0.9604882836034604,0.0067619401078023,0.9699057577627068,0.0047621837660804,0.52,0.0502116731568678,0.86625,0.0120833333333333,0.0361057801662351,0.0024968600346835,52,0.05727660596056,0.0050345008205775,100,8.724746585535152,0.6496019685779941,0.0887690749662876,0.0088695582239598,15.15,24.895299132998773,0.7862416831320332,24.894549525999608,0.786240270610796,0.0007496069991611,9.36815606121282e-06,960.0,
common,kbar,8,3200,2.0,8.0,LibraryGreedy,0.15,0.85,5,2.0,exact_edges,2.0,0.0,12,100,0.8646721393178567,0.0146932091287898,0.9327218873543957,0.0068425903645765,0.28,0.0451260859854212,0.775,0.0175881617670362,0.0362349148639634,0.0024390092094584,28,0.096164707965571,0.0077266638788048,100,12.744021632667472,0.8830078624920402,0.1751319683601257,0.013005208718897,13.45,1.9097577029999229,0.0543945966156444,1.9017166019929568,0.0542934091844029,0.0080411010069656,0.0001665248672283,150.31,
common,kbar,8,3200,2.0,8.0,OracleDP,0.15,0.85,5,2.0,exact_edges,2.0,0.0,12,100,0.9697823293742616,0.0046734476143977,0.975440229615964,0.0038853027183209,0.57,0.0497569851956243,1.0,0.0,0.0369503849502781,0.0023792710529268,57,0.0491878788923311,0.0039072324355709,100,7.865041700814552,0.5579781581037978,0.0713004723246679,0.0067260926491827,15.36,7.600411792001687,0.6483768388024598,7.599703553000581,0.6483760088206026,0.0007082390011055,7.158578149293747e-06,960.0,
common,kbar,8,3200,2.0,8.0,PBSCM,0.15,0.85,5,2.0,exact_edges,2.0,0.0,12,100,0.1029125874360006,0.0137260285401299,0.3180003592019626,0.0302015226506353,0.0,0.0,,,,,0,,,0,,,,,1.23,4.751446614999004,0.5558584255518412,,,,,,
common,kbar,8,3200,2.0,8.0,PBSCM_PGF,0.15,0.85,5,2.0,exact_edges,2.0,0.0,12,100,0.0150467836257309,0.004987032501827,0.09734434124527,0.0092920028742781,0.0,0.0,,,,,0,,,0,,,,,0.14,0.5913839510000253,0.0059546663979933,,,,,,
common,kbar,8,3200,2.0,8.0,PC-RCIT,0.15,0.85,5,2.0,exact_edges,2.0,0.0,12,100,0.4785965106279174,0.0165530937554317,0.8411969326928173,0.0065392288401682,0.0,0.0,,,,,0,,,0,,,,,6.19,14.518867319000128,0.5068799722170378,,,,,,
common,kbar,8,3200,2.0,8.0,PoissonDAG-ODS,0.15,0.85,5,2.0,exact_edges,2.0,0.0,12,100,0.644418430084299,0.0128472202807755,0.8412921223649924,0.0070538243621619,0.0,0.0,,,,,0,,,0,,,,,10.66,1.518293850000482,0.093535488815174,,,,,,
common,kbar,8,3200,2.5,8.0,LibraryDP,0.15,0.85,5,2.5,exact_edges,2.5,0.0,12,100,0.914927397311034,0.009511552492368,0.9401752634221864,0.0063728004573704,0.3,0.0460566186471838,0.8025,0.0147773885419992,0.0454107663857385,0.0030239115979761,30,0.1012985592909579,0.0087797600328108,100,14.315130327621237,1.2715952735850689,0.1567572428478246,0.0119245290161449,17.86,31.415160589000152,0.9795724323337094,31.41436374000012,0.979571400834236,0.0007968490000348,1.4252352612973647e-05,960.0,
common,kbar,8,3200,2.5,8.0,LibraryGreedy,0.15,0.85,5,2.5,exact_edges,2.5,0.0,12,100,0.7450149366424001,0.0165128903158483,0.8831651506953554,0.0070350771050464,0.09,0.0287623491264661,0.6325,0.0199288507172162,0.0407435575923697,0.0043335263023786,9,0.2187790972104691,0.0182982245080074,100,30.060741004186053,2.4214269581957275,0.3039396149679156,0.0160108926531152,14.06,2.646187238999409,0.0903263105637523,2.636104104011174,0.0902231129371516,0.0100831349882355,0.0002092465241833,160.29,
common,kbar,8,3200,2.5,8.0,OracleDP,0.15,0.85,5,2.5,exact_edges,2.5,0.0,12,100,0.9609871253273052,0.0053080123114807,0.9661166799831756,0.0047224823960176,0.44,0.0498887651569858,1.0,0.0,0.0404621102954291,0.0024330768100791,44,0.0629517223779569,0.0046972901007618,100,9.136441145536864,0.5174510417138284,0.0980574006656577,0.0085032557275826,18.84,8.674380000000966,0.7477869011672817,8.67363456700041,0.7477868462708057,0.0007454330005566,9.94190262096412e-06,960.0,
common,kbar,8,3200,2.5,8.0,PBSCM,0.15,0.85,5,2.5,exact_edges,2.5,0.0,12,100,0.103272627813806,0.0154753825382568,0.249010721178863,0.0282908809271147,0.0,0.0,,,,,0,,,0,,,,,1.48,4.598100728000281,0.7425696933463144,,,,,,
common,kbar,8,3200,2.5,8.0,PBSCM_PGF,0.15,0.85,5,2.5,exact_edges,2.5,0.0,12,100,0.0242033690946734,0.0054737387411478,0.0794795060012451,0.0085368609405537,0.0,0.0,,,,,0,,,0,,,,,0.27,0.6116915439993318,0.0044957788942912,,,,,,
common,kbar,8,3200,2.5,8.0,PC-RCIT,0.15,0.85,5,2.5,exact_edges,2.5,0.0,12,100,0.4196114909260002,0.0150480565980441,0.7873113514956025,0.0070207460590511,0.0,0.0,,,,,0,,,0,,,,,6.65,24.03040126599997,0.914653568561147,,,,,,
common,kbar,8,3200,2.5,8.0,PoissonDAG-ODS,0.15,0.85,5,2.5,exact_edges,2.5,0.0,12,100,0.6871750189609973,0.0115797904657292,0.8495152318410688,0.0067284334295688,0.0,0.0,,,,,0,,,0,,,,,13.35,2.394021421999059,0.165866969628478,,,,,,
common,kbar,8,3200,3.0,8.0,LibraryDP,0.15,0.85,5,3.0,exact_edges,3.0,0.0,12,100,0.8469788842458889,0.0140546696371523,0.9086528799782624,0.0074686266386313,0.1,0.0301511344577763,0.6975,0.0173332604893574,0.0437272861008555,0.0075525721334715,10,0.1802613708201365,0.0154758090027136,100,25.13077052433774,2.043984865101938,0.2400151482289912,0.014973836322028,19.4,34.955151332000824,0.994662482045751,34.95433975700129,0.9946606320574214,0.000811574999534,1.672003548546496e-05,960.0,
common,kbar,8,3200,3.0,8.0,LibraryGreedy,0.15,0.85,5,3.0,exact_edges,3.0,0.0,12,100,0.6223295446039602,0.0184003505849811,0.8437365033095671,0.0077086557434232,0.01,0.0099999999999999,0.48875,0.0208026288888416,0.0680084191871066,,1,0.3932914886903484,0.0292742310168962,100,50.99704887092609,3.67187395971984,0.4286729663456006,0.0172343665745054,13.58,3.2895478909999656,0.1159814987860549,3.278579901004123,0.1158652332172749,0.0109679899958428,0.0002362985155877,164.66,
common,kbar,8,3200,3.0,8.0,OracleDP,0.15,0.85,5,3.0,exact_edges,3.0,0.0,12,100,0.9532198437052146,0.0056749416046274,0.9641776858466992,0.0040809511694474,0.37,0.0485236587093909,1.0,0.0,0.0439493072901464,0.0029008758081808,37,0.0757134332641115,0.006976167242044,100,10.80334210003982,0.7555889964903174,0.1152496409135255,0.0093763042171178,22.3,9.239822809999604,0.7891221861321407,9.239035781998972,0.7891184096682122,0.0007870280006318,1.673306664589168e-05,960.0,
common,kbar,8,3200,3.0,8.0,PBSCM,0.15,0.85,5,3.0,exact_edges,3.0,0.0,12,100,0.0854224880923552,0.0155242597597898,0.1570112802168419,0.024299280050045,0.0,0.0,,,,,0,,,0,,,,,1.41,4.355257201000204,0.9699698846883976,,,,,,
common,kbar,8,3200,3.0,8.0,PBSCM_PGF,0.15,0.85,5,3.0,exact_edges,3.0,0.0,12,100,0.01542157364738,0.0047113845503595,0.082873691520855,0.0080823316734618,0.0,0.0,,,,,0,,,0,,,,,0.21,0.6211785269991378,0.0065315889811249,,,,,,
common,kbar,8,3200,3.0,8.0,PC-RCIT,0.15,0.85,5,3.0,exact_edges,3.0,0.0,12,100,0.320618759210412,0.0154936454107902,0.7445487108285218,0.0061485996193537,0.0,0.0,,,,,0,,,0,,,,,5.93,34.70541291499976,1.1212325054865402,,,,,,
common,kbar,8,3200,3.0,8.0,PoissonDAG-ODS,0.15,0.85,5,3.0,exact_edges,3.0,0.0,12,100,0.6927169482360037,0.010102165022425,0.8429337213056818,0.0062597750960415,0.0,0.0,,,,,0,,,0,,,,,15.35,3.421389119999658,0.2196335177243568,,,,,,
expanded,kbar,8,3200,1.0,8.0,LibraryDP,0.2,2.0,5,1.0,exact_edges,1.0,0.0,12,100,0.941390486018969,0.0109888260683472,0.9580476927613152,0.0072410403476524,0.65,0.0479372485441102,0.905,0.0128265428709454,0.0657269456627896,0.0089325776886822,65,0.1037563508156508,0.0154698547356889,100,6.775895152528293,0.931959269384531,0.1672694196139736,0.0243767419365491,7.63,22.499461002000608,0.7738605832459672,22.498718214000547,0.7738620342218565,0.0007427880000614,1.0369184545752146e-05,960.0,
expanded,kbar,8,3200,1.0,8.0,LibraryGreedy,0.2,2.0,5,1.0,exact_edges,1.0,0.0,12,100,0.938718561108654,0.0111276883149232,0.9641443314167774,0.0064372369350868,0.65,0.0479372485441102,0.89125,0.0136069231858586,0.0649102775353547,0.0089735719092422,65,0.1172104986119228,0.0186980949646336,100,6.428005574805424,0.7104525853471502,0.1784596314147022,0.02582629414272,7.5,1.3308546549997118,0.0412661822950215,1.3264568029972723,0.0412352198219442,0.0043978520024393,7.306965546536188e-05,110.11,
expanded,kbar,8,3200,1.0,8.0,OracleDP,0.2,2.0,5,1.0,exact_edges,1.0,0.0,12,100,0.9778312324929972,0.0053164459568816,0.9789423436041084,0.0047449500778703,0.78,0.0416333199893226,1.0,0.0,0.0578700541441787,0.0070427708965224,78,0.0711275769098395,0.0082561347775392,100,4.861951912382252,0.4501065702181298,0.0938761226014065,0.0143146569308257,7.86,5.739648200000083,0.514061177003734,5.738939548000344,0.5140595147898186,0.0007086519997392,1.233952935310528e-05,960.0,
expanded,kbar,8,3200,1.0,8.0,PC-RCIT,0.2,2.0,5,1.0,exact_edges,1.0,0.0,12,100,0.559075258075258,0.0267179104768625,0.9494425770308124,0.0062848918860149,0.01,0.0099999999999999,,,,,0,,,0,,,,,3.67,3.754360946999805,0.1658942525411121,,,,,,
expanded,kbar,8,3200,1.0,8.0,PoissonDAG-ODS,0.2,2.0,5,1.0,exact_edges,1.0,0.0,12,100,0.6061676194283274,0.0176687547202831,0.7792555891394768,0.009377979215883,0.03,0.0171446607997765,,,,,0,,,0,,,,,5.82,1.3086891030005063,0.1219036743591825,,,,,,
expanded,kbar,8,3200,1.5,8.0,LibraryDP,0.2,2.0,5,1.5,exact_edges,1.5,0.0,12,100,0.8838850490893968,0.013775814686883,0.9109346468346468,0.0104683241843503,0.38,0.0487831731214563,0.81,0.0159386449875892,0.0592920125550408,0.0055417214524488,38,0.2396816740227726,0.0388080910052921,100,14.80855724027023,2.446161260984208,0.3573163183220705,0.0412174245424487,10.66,35.496344185000055,0.9848207404154132,35.49552932599967,0.9848170663301168,0.0008148590003838,1.6251944959837603e-05,960.0,
expanded,kbar,8,3200,1.5,8.0,LibraryGreedy,0.2,2.0,5,1.5,exact_edges,1.5,0.0,12,100,0.849279170105257,0.0182728854032658,0.9244586775543298,0.008698724922114,0.32,0.046882617226215,0.75625,0.0204413888664121,0.0702792528481047,0.0082525221550763,32,0.3083509660549665,0.0420992360071332,100,16.87009740294301,2.4767183708000187,0.4265091411287404,0.0418541258987281,10.05,2.389033215000818,0.0920216120715374,2.3823622509928826,0.0919475519361689,0.0066709640079352,0.0001417420484872,130.43,
expanded,kbar,8,3200,1.5,8.0,OracleDP,0.2,2.0,5,1.5,exact_edges,1.5,0.0,12,100,0.9636854763593894,0.0066457557633894,0.9710051581268972,0.0046629352706434,0.59,0.049431107042371,1.0,0.0,0.0659635212123322,0.0071947350060176,59,0.1108663225884276,0.0192176857633611,100,6.800291133542024,0.8540749695744131,0.1483863230078269,0.0234975595266596,11.58,8.391473157999572,0.7543806475739996,8.390746011999727,0.754380062863936,0.0007271459998446,1.3911183366259486e-05,960.0,
expanded,kbar,8,3200,1.5,8.0,PC-RCIT,0.2,2.0,5,1.5,exact_edges,1.5,0.0,12,100,0.525808822315418,0.0203473443044063,0.877077971608864,0.0070234076135295,0.0,0.0,,,,,0,,,0,,,,,5.08,9.94444630799888,0.324041914546547,,,,,,
expanded,kbar,8,3200,1.5,8.0,PoissonDAG-ODS,0.2,2.0,5,1.5,exact_edges,1.5,0.0,12,100,0.6630071487957677,0.0149876258664968,0.8089162189664427,0.0089841576259564,0.01,0.0099999999999999,,,,,0,,,0,,,,,8.93,3.172470932000142,0.3061711350898021,,,,,,
expanded,kbar,8,3200,2.0,8.0,LibraryDP,0.2,2.0,5,2.0,exact_edges,2.0,0.0,12,100,0.8331692778638405,0.0135663999491486,0.8831143416715459,0.0092604275417363,0.15,0.0358870281282636,0.68875,0.0164277381525297,0.0685777838369279,0.0097441391255866,15,0.4959946393646875,0.0636060783377598,100,28.972838263399755,3.182481646121286,0.6013264812015131,0.0519855861869837,13.11,42.42175713100019,1.1250967130101506,42.42099356900042,1.1250946259201613,0.0007635619997745,9.836553600376848e-06,960.0,
expanded,kbar,8,3200,2.0,8.0,LibraryGreedy,0.2,2.0,5,2.0,exact_edges,2.0,0.0,12,100,0.7439535756668013,0.0186032596570714,0.8679325165993709,0.0091671426650154,0.1,0.0301511344577763,0.59375,0.020130179238189,0.0645234484588248,0.0087707554889187,10,0.6466565673722626,0.0760260365385557,100,36.548301022063065,4.961767668940473,0.7381375301994193,0.0530790257813999,11.43,3.309615819999599,0.1286015420344475,3.302049255012098,0.1285645093758625,0.0075665649875008,0.000146452772693,143.63,
expanded,kbar,8,3200,2.0,8.0,OracleDP,0.2,2.0,5,2.0,exact_edges,2.0,0.0,12,100,0.9699168966706916,0.0049191797297692,0.97495844114772,0.0036435009387083,0.57,0.0497569851956243,1.0,0.0,0.0643087054302834,0.0041792425733221,57,0.1079107143734057,0.014703662789743,100,7.670685335849146,0.8523553116293214,0.1447378601835035,0.0180376783039978,15.44,9.344446933,0.8162185233897038,9.343688578999426,0.816214946132454,0.0007583540005725,2.01038518958901e-05,960.0,
expanded,kbar,8,3200,2.0,8.0,PC-RCIT,0.2,2.0,5,2.0,exact_edges,2.0,0.0,12,100,0.4364717919227112,0.0163942357213509,0.8034541033512548,0.0065210919611085,0.0,0.0,,,,,0,,,0,,,,,5.46,14.875430100000813,0.435044494627704,,,,,,
expanded,kbar,8,3200,2.0,8.0,PoissonDAG-ODS,0.2,2.0,5,2.0,exact_edges,2.0,0.0,12,100,0.7049216429527196,0.0127444200003163,0.8260582626146349,0.0070452777459776,0.0,0.0,,,,,0,,,0,,,,,11.79,5.276802053999854,0.4999091805088737,,,,,,
expanded,kbar,8,3200,2.5,8.0,LibraryDP,0.2,2.0,5,2.5,exact_edges,2.5,0.0,12,100,0.8110491394188064,0.0127470728127847,0.8734183247676792,0.0079060039047924,0.07,0.0256432399976242,0.61125,0.0173072903130385,0.0831888774133519,0.0119293480113057,7,0.5957503732693552,0.0572472693782742,100,39.1290308156558,4.772767351744041,0.7080226427934939,0.043804463494682,15.56,52.67745864100026,1.5405683999653286,52.67671026900047,1.5405668258221563,0.0007483719997981,1.2782818641782236e-05,960.0,
expanded,kbar,8,3200,2.5,8.0,LibraryGreedy,0.2,2.0,5,2.5,exact_edges,2.5,0.0,12,100,0.6463819395846947,0.0175559510255242,0.8095983969401561,0.0088572393491407,0.01,0.0099999999999999,0.4875,0.0206812631738162,0.0706841884103605,,1,1.13204846152533,0.1078986530799136,100,72.54656680452429,7.019542850961535,1.084834777529026,0.0703335047479575,11.75,4.711902250999993,0.2173978674741357,4.703811378002428,0.2173597262866514,0.0080908729975635,0.0001571489688955,147.78,
expanded,kbar,8,3200,2.5,8.0,OracleDP,0.2,2.0,5,2.5,exact_edges,2.5,0.0,12,100,0.9594798367853568,0.0060748891066233,0.9659432022487224,0.0043792276015592,0.37,0.0485236587093909,1.0,0.0,0.0834141378473,0.0050787915394387,37,0.1412639065716095,0.0173014035064897,100,8.642127737412048,0.7374316153478874,0.2016550051135182,0.0202094326808933,18.83,10.805155699999888,0.9388088011758068,10.80443708699968,0.9388075206400128,0.0007186130002082,1.1966071164027894e-05,960.0,
expanded,kbar,8,3200,2.5,8.0,PC-RCIT,0.2,2.0,5,2.5,exact_edges,2.5,0.0,12,100,0.327497019906987,0.0133768273475643,0.7225468894032823,0.006432509801913,0.0,0.0,,,,,0,,,0,,,,,4.92,16.779895840000826,0.4685471186355251,,,,,,
expanded,kbar,8,3200,2.5,8.0,PoissonDAG-ODS,0.2,2.0,5,2.5,exact_edges,2.5,0.0,12,100,0.7408314589585124,0.0091247128522474,0.8260315061916188,0.0063886319806739,0.0,0.0,,,,,0,,,0,,,,,14.49,8.596368100000255,0.7094899503104029,,,,,,
expanded,kbar,8,3200,3.0,8.0,LibraryDP,0.2,2.0,5,3.0,exact_edges,3.0,0.0,12,100,0.82692130626585,0.0123341469704726,0.8822291657942339,0.0080312282452467,0.04,0.0196946385566932,0.575,0.0175881617670362,0.1093620575756755,0.0312354867842424,4,0.7464786444627544,0.0982273987670396,100,45.557117836524185,6.118077730044726,0.7830691193494432,0.0681037808243981,18.55,73.65632742499962,3.6260319917489903,73.65555838500092,3.62603055064546,0.0007690399987041,1.5252873510653825e-05,960.0,
expanded,kbar,8,3200,3.0,8.0,LibraryGreedy,0.2,2.0,5,3.0,exact_edges,3.0,0.0,12,100,0.613238032207888,0.0168894268592968,0.7924467363584925,0.0084224451900392,0.0,0.0,0.41625,0.018210244508257,,,0,2.105405225577351,0.2525632295130257,100,116.85570403114092,13.69279570087539,1.6383226964233384,0.1443545930051199,12.87,8.543961639999178,0.67557569519436,8.535077743006987,0.6755528470944183,0.0088838969921926,0.0001804725003332,151.67,
expanded,kbar,8,3200,3.0,8.0,OracleDP,0.2,2.0,5,3.0,exact_edges,3.0,0.0,12,100,0.9574960679717404,0.0054578659185526,0.9644942477579386,0.0039879682912703,0.31,0.0464823198711731,1.0,0.0,0.0896264767741875,0.0077959984990448,31,0.1723749657670419,0.0201007332204757,100,10.31227246318272,0.9394056025676903,0.2305775830415275,0.0219540264239232,22.41,14.238904520003416,1.445040764217732,14.23818111200293,1.4450400062648106,0.0007234080004855,1.437744486332203e-05,960.0,
expanded,kbar,8,3200,3.0,8.0,PC-RCIT,0.2,2.0,5,3.0,exact_edges,3.0,0.0,12,100,0.2584635072483331,0.0134550422799813,0.680488847303089,0.0054528971837857,0.0,0.0,,,,,0,,,0,,,,,4.53,18.10322824300121,0.407647513372206,,,,,,
expanded,kbar,8,3200,3.0,8.0,PoissonDAG-ODS,0.2,2.0,5,3.0,exact_edges,3.0,0.0,12,100,0.7423471188974298,0.0091659995919021,0.8209561613326471,0.0063325524200612,0.0,0.0,,,,,0,,,0,,,,,16.41,13.653624422999856,0.8435966204987244,,,,,,
