regime,sweep,x_value,method,metric,N_total,N_nonNA,NA_rate,mean,sd,se,ci95_low,ci95_high,plot_ci95_low,plot_ci95_high
common,N-sweep,100.0,LibraryDP,directed_f1,100,100,0.0,0.6910480005621276,0.16982621748768167,0.01698262174876817,0.6577620619345419,0.7243339391897132,0.6577620619345419,0.7243339391897132
common,N-sweep,100.0,LibraryGreedy,directed_f1,100,100,0.0,0.637012708076088,0.17025224326412852,0.017025224326412854,0.6036432683963188,0.6703821477558572,0.6036432683963188,0.6703821477558572
common,N-sweep,100.0,ODS,directed_f1,100,100,0.0,0.4606984209774355,0.11871684832331719,0.01187168483233172,0.43742991870606535,0.4839669232488057,0.43742991870606535,0.4839669232488057
common,N-sweep,100.0,OracleDP,directed_f1,100,100,0.0,0.7290228238192162,0.14944591167800847,0.014944591167800846,0.6997314251303266,0.7583142225081059,0.6997314251303266,0.7583142225081059
common,N-sweep,100.0,PB-SCM,directed_f1,100,100,0.0,0.004395604395604394,0.025136562726294522,0.0025136562726294524,-0.0005311618987493324,0.00932237068995812,0.0,0.00932237068995812
common,N-sweep,100.0,PB-SCM-PGF,directed_f1,100,100,0.0,0.013424369747899156,0.05155239147466222,0.005155239147466222,0.0033201010188653613,0.02352863847693295,0.0033201010188653613,0.02352863847693295
common,N-sweep,100.0,PC-RCIT,directed_f1,100,100,0.0,0.12816386554621848,0.1569688404907518,0.01569688404907518,0.09739797281003112,0.15892975828240583,0.09739797281003112,0.15892975828240583
common,N-sweep,200.0,LibraryDP,directed_f1,100,100,0.0,0.7906498660759531,0.13283614751201936,0.013283614751201937,0.7646139811635974,0.8166857509883089,0.7646139811635974,0.8166857509883089
common,N-sweep,200.0,LibraryGreedy,directed_f1,100,100,0.0,0.7169861544506856,0.15536824139191582,0.015536824139191583,0.6865339791378701,0.7474383297635011,0.6865339791378701,0.7474383297635011
common,N-sweep,200.0,ODS,directed_f1,100,100,0.0,0.4869485435624394,0.10643791410768103,0.010643791410768103,0.4660867123973339,0.5078103747275449,0.4660867123973339,0.5078103747275449
common,N-sweep,200.0,OracleDP,directed_f1,100,100,0.0,0.8259685376408489,0.10272332640396206,0.010272332640396207,0.8058347656656724,0.8461023096160254,0.8058347656656724,0.8461023096160254
common,N-sweep,200.0,PB-SCM,directed_f1,100,100,0.0,0.013120879120879116,0.04610314528699191,0.004610314528699191,0.004084662644628702,0.022157095597129528,0.004084662644628702,0.022157095597129528
common,N-sweep,200.0,PB-SCM-PGF,directed_f1,100,100,0.0,0.012666666666666661,0.04049794282944141,0.004049794282944141,0.004729069872096144,0.020604263461237178,0.004729069872096144,0.020604263461237178
common,N-sweep,200.0,PC-RCIT,directed_f1,100,100,0.0,0.1941395277409209,0.1721723488486053,0.01721723488486053,0.16039374736659426,0.22788530811524751,0.16039374736659426,0.22788530811524751
common,N-sweep,400.0,LibraryDP,directed_f1,100,100,0.0,0.8692262938942573,0.10542825228451119,0.01054282522845112,0.8485623564464931,0.8898902313420215,0.8485623564464931,0.8898902313420215
common,N-sweep,400.0,LibraryGreedy,directed_f1,100,100,0.0,0.8001319572233156,0.1541547535096069,0.015415475350960689,0.7699176255354327,0.8303462889111985,0.7699176255354327,0.8303462889111985
common,N-sweep,400.0,ODS,directed_f1,100,100,0.0,0.4870798115660304,0.12117160820547423,0.012117160820547423,0.4633301763577575,0.5108294467743034,0.4633301763577575,0.5108294467743034
common,N-sweep,400.0,OracleDP,directed_f1,100,100,0.0,0.8830057978156511,0.09346626838853457,0.009346626838853457,0.8646864092114983,0.901325186419804,0.8646864092114983,0.901325186419804
common,N-sweep,400.0,PB-SCM,directed_f1,100,100,0.0,0.025233552395317094,0.07967675758157972,0.007967675758157971,0.009616907909327472,0.04085019688130671,0.009616907909327472,0.04085019688130671
common,N-sweep,400.0,PB-SCM-PGF,directed_f1,100,100,0.0,0.005714285714285712,0.028135197938133193,0.0028135197938133193,0.00019978691841160585,0.011228784510159818,0.00019978691841160585,0.011228784510159818
common,N-sweep,400.0,PC-RCIT,directed_f1,100,100,0.0,0.28058622268684186,0.19423343200127985,0.019423343200127986,0.242516470014591,0.31865597535909274,0.242516470014591,0.31865597535909274
common,N-sweep,800.0,LibraryDP,directed_f1,100,100,0.0,0.9123483479906822,0.0838751458983304,0.008387514589833039,0.8959088193946094,0.928787876586755,0.8959088193946094,0.928787876586755
common,N-sweep,800.0,LibraryGreedy,directed_f1,100,100,0.0,0.8578402482592417,0.1326429253539418,0.013264292535394179,0.8318422348898691,0.8838382616286142,0.8318422348898691,0.8838382616286142
common,N-sweep,800.0,ODS,directed_f1,100,100,0.0,0.5349469944057276,0.12690730460060673,0.012690730460060673,0.5100731627040087,0.5598208261074464,0.5100731627040087,0.5598208261074464
common,N-sweep,800.0,OracleDP,directed_f1,100,100,0.0,0.9209331728869486,0.07065621634465319,0.007065621634465319,0.9070845544833966,0.9347817912905007,0.9070845544833966,0.9347817912905007
common,N-sweep,800.0,PB-SCM,directed_f1,100,100,0.0,0.05852253938012451,0.10212345111743977,0.010212345111743976,0.03850634296110632,0.0785387357991427,0.03850634296110632,0.0785387357991427
common,N-sweep,800.0,PB-SCM-PGF,directed_f1,100,100,0.0,0.013891402714932121,0.04958497688149236,0.0049584976881492365,0.004172747246159618,0.023610058183704624,0.004172747246159618,0.023610058183704624
common,N-sweep,800.0,PC-RCIT,directed_f1,100,100,0.0,0.3970757861774486,0.1970540525438639,0.01970540525438639,0.3584531918788513,0.4356983804760459,0.3584531918788513,0.4356983804760459
common,N-sweep,1600.0,LibraryDP,directed_f1,100,100,0.0,0.9501387014968252,0.06045792206743572,0.006045792206743572,0.9382889487716078,0.9619884542220426,0.9382889487716078,0.9619884542220426
common,N-sweep,1600.0,LibraryGreedy,directed_f1,100,100,0.0,0.8857472049689441,0.12878511122598993,0.012878511122598992,0.86050532316865,0.9109890867692382,0.86050532316865,0.9109890867692382
common,N-sweep,1600.0,ODS,directed_f1,100,100,0.0,0.58220405192752,0.1390989345757508,0.013909893457575078,0.5549406607506728,0.6094674431043672,0.5549406607506728,0.6094674431043672
common,N-sweep,1600.0,OracleDP,directed_f1,100,100,0.0,0.9460820668271469,0.0646108014605545,0.006461080146055451,0.9334183497408782,0.9587457839134156,0.9334183497408782,0.9587457839134156
common,N-sweep,1600.0,PB-SCM,directed_f1,100,100,0.0,0.08063994859330703,0.13100052249052874,0.013100052249052873,0.0549638461851634,0.10631605100145067,0.0549638461851634,0.10631605100145067
common,N-sweep,1600.0,PB-SCM-PGF,directed_f1,100,100,0.0,0.012666666666666661,0.0491071942367128,0.00491071942367128,0.0030416565962709512,0.022291676737062373,0.0030416565962709512,0.022291676737062373
common,N-sweep,1600.0,PC-RCIT,directed_f1,100,100,0.0,0.4905452847805789,0.1888371868146418,0.018883718681464177,0.4535331961649091,0.5275573733962486,0.4535331961649091,0.5275573733962486
common,N-sweep,2400.0,LibraryDP,directed_f1,100,100,0.0,0.9668442658790485,0.04579066037898032,0.0045790660378980325,0.9578692964447684,0.9758192353133286,0.9578692964447684,0.9758192353133286
common,N-sweep,2400.0,LibraryGreedy,directed_f1,100,100,0.0,0.9035440038222647,0.13589775323978753,0.013589775323978754,0.8769080441872664,0.9301799634572631,0.8769080441872664,0.9301799634572631
common,N-sweep,2400.0,ODS,directed_f1,100,100,0.0,0.5798401518870844,0.14061519170693765,0.014061519170693764,0.5522795743125246,0.6074007294616441,0.5522795743125246,0.6074007294616441
common,N-sweep,2400.0,OracleDP,directed_f1,100,100,0.0,0.9616992587123022,0.04905550928279885,0.004905550928279885,0.9520843788928737,0.9713141385317308,0.9520843788928737,0.9713141385317308
common,N-sweep,2400.0,PB-SCM,directed_f1,100,100,0.0,0.09783532308764505,0.13831610236088565,0.013831610236088565,0.07072536702491146,0.12494527915037863,0.07072536702491146,0.12494527915037863
common,N-sweep,2400.0,PB-SCM-PGF,directed_f1,100,100,0.0,0.009904761904761902,0.04158873354881326,0.004158873354881326,0.001753370129194503,0.0180561536803293,0.001753370129194503,0.0180561536803293
common,N-sweep,2400.0,PC-RCIT,directed_f1,100,100,0.0,0.5154061075924719,0.1759597581431255,0.01759597581431255,0.48091799499641924,0.5498942201885244,0.48091799499641924,0.5498942201885244
common,N-sweep,3200.0,LibraryDP,directed_f1,100,100,0.0,0.9730920885877409,0.040938177943418474,0.004093817794341847,0.9650682057108309,0.9811159714646509,0.9650682057108309,0.9811159714646509
common,N-sweep,3200.0,LibraryGreedy,directed_f1,100,100,0.0,0.9048773133045444,0.14960475186956848,0.014960475186956848,0.8755547819381089,0.9341998446709798,0.8755547819381089,0.9341998446709798
common,N-sweep,3200.0,ODS,directed_f1,100,100,0.0,0.5816032959862817,0.14303384155346077,0.014303384155346077,0.5535686630418034,0.60963792893076,0.5535686630418034,0.60963792893076
common,N-sweep,3200.0,OracleDP,directed_f1,100,100,0.0,0.9686252690948344,0.04673039817121667,0.0046730398171216676,0.959466111053276,0.9777844271363928,0.959466111053276,0.9777844271363928
common,N-sweep,3200.0,PB-SCM,directed_f1,100,100,0.0,0.10238526434006308,0.128084977262775,0.012808497726277502,0.07728060879655918,0.12748991988356698,0.07728060879655918,0.12748991988356698
common,N-sweep,3200.0,PB-SCM-PGF,directed_f1,100,100,0.0,0.022252747252747243,0.06146548772971979,0.006146548772971979,0.010205511657722165,0.03429998284777232,0.010205511657722165,0.03429998284777232
common,N-sweep,3200.0,PC-RCIT,directed_f1,100,100,0.0,0.5489407009735452,0.19332810001945505,0.019332810001945505,0.511048393369732,0.5868330085773584,0.511048393369732,0.5868330085773584
common,N-sweep,6400.0,LibraryDP,directed_f1,100,100,0.0,0.9810191040843215,0.030960279708076566,0.003096027970807657,0.9749508892615385,0.9870873189071044,0.9749508892615385,0.9870873189071044
common,N-sweep,6400.0,LibraryGreedy,directed_f1,100,100,0.0,0.9287980541197933,0.12888694527245637,0.012888694527245637,0.9035362128463919,0.9540598953931948,0.9035362128463919,0.9540598953931948
common,N-sweep,6400.0,ODS,directed_f1,100,100,0.0,0.6099817680242838,0.1517198017345615,0.01517198017345615,0.5802446868843097,0.6397188491642579,0.5802446868843097,0.6397188491642579
common,N-sweep,6400.0,OracleDP,directed_f1,100,100,0.0,0.9780786223438398,0.03234655304750789,0.0032346553047507887,0.9717386979465282,0.9844185467411514,0.9717386979465282,0.9844185467411514
common,N-sweep,6400.0,PB-SCM,directed_f1,100,100,0.0,0.11847724768662982,0.15220122947843426,0.015220122947843426,0.0886458067088567,0.14830868866440294,0.0886458067088567,0.14830868866440294
common,N-sweep,6400.0,PB-SCM-PGF,directed_f1,100,100,0.0,0.008571428571428568,0.039685425580487745,0.003968542558048774,0.0007930851576529712,0.016349771985204167,0.0007930851576529712,0.016349771985204167
common,N-sweep,6400.0,PC-RCIT,directed_f1,100,100,0.0,0.5905725791460749,0.1933089453340623,0.01933089453340623,0.5526840258605986,0.6284611324315511,0.5526840258605986,0.6284611324315511
common,N-sweep,10000.0,LibraryDP,directed_f1,100,100,0.0,0.9837929664538358,0.030688585010179827,0.0030688585010179826,0.9777780037918407,0.989807929115831,0.9777780037918407,0.989807929115831
common,N-sweep,10000.0,LibraryGreedy,directed_f1,100,100,0.0,0.9243076619033141,0.13498199136337558,0.013498199136337558,0.8978511915960925,0.9507641322105358,0.8978511915960925,0.9507641322105358
common,N-sweep,10000.0,ODS,directed_f1,100,100,0.0,0.6276680717125831,0.15589299763018505,0.015589299763018505,0.5971130441770668,0.6582230992480994,0.5971130441770668,0.6582230992480994
common,N-sweep,10000.0,OracleDP,directed_f1,100,100,0.0,0.9815894969764536,0.03384999562055523,0.0033849995620555233,0.9749548978348248,0.9882240961180824,0.9749548978348248,0.9882240961180824
common,N-sweep,10000.0,PB-SCM,directed_f1,100,100,0.0,0.1316821557355613,0.15573766104490078,0.015573766104490077,0.10115757417076075,0.16220673730036186,0.10115757417076075,0.16220673730036186
common,N-sweep,10000.0,PB-SCM-PGF,directed_f1,100,100,0.0,0.025178571428571425,0.06992901950929997,0.006992901950929997,0.011472483604748632,0.03888465925239422,0.011472483604748632,0.03888465925239422
common,N-sweep,10000.0,PC-RCIT,directed_f1,100,100,0.0,0.6242392479493705,0.20796254570607736,0.020796254570607735,0.5834785889909793,0.6649999069077617,0.5834785889909793,0.6649999069077617
common,d-sweep,4.0,LibraryDP,directed_f1,100,100,0.0,0.9823333333333334,0.05095675869717221,0.005095675869717221,0.9723458086286877,0.9923208580379791,0.9723458086286877,0.9923208580379791
common,d-sweep,4.0,LibraryGreedy,directed_f1,100,100,0.0,0.880060606060606,0.18726123611727552,0.01872612361172755,0.8433574037816199,0.916763808339592,0.8433574037816199,0.916763808339592
common,d-sweep,4.0,ODS,directed_f1,100,100,0.0,0.6490303030303031,0.19760059071648317,0.019760059071648316,0.6103005872498724,0.6877600188107338,0.6103005872498724,0.6877600188107338
common,d-sweep,4.0,OracleDP,directed_f1,100,100,0.0,0.9861515151515152,0.040574148336146997,0.0040574148336146995,0.9781989820776305,0.9941040482254,0.9781989820776305,0.9941040482254
common,d-sweep,4.0,PB-SCM,directed_f1,100,100,0.0,0.13788383838383841,0.2589053680363768,0.025890536803637683,0.08713838624870857,0.18862929051896826,0.08713838624870857,0.18862929051896826
common,d-sweep,4.0,PB-SCM-PGF,directed_f1,100,100,0.0,0.09096031746031745,0.1742250301611457,0.01742250301611457,0.056812211548732894,0.125108423371902,0.056812211548732894,0.125108423371902
common,d-sweep,4.0,PC-RCIT,directed_f1,100,100,0.0,0.051666666666666666,0.14251386168778016,0.014251386168778015,0.023733949775861757,0.07959938355747158,0.023733949775861757,0.07959938355747158
common,d-sweep,5.0,LibraryDP,directed_f1,100,100,0.0,0.9760774617539323,0.05131587582519118,0.005131587582519118,0.9660195500921949,0.9861353734156697,0.9660195500921949,0.9861353734156697
common,d-sweep,5.0,LibraryGreedy,directed_f1,100,100,0.0,0.8616530920060331,0.19439972995867388,0.01943997299586739,0.823550744934133,0.8997554390779332,0.823550744934133,0.8997554390779332
common,d-sweep,5.0,ODS,directed_f1,100,100,0.0,0.6346896208366796,0.18447374552440146,0.018447374552440145,0.5985327667138969,0.6708464749594623,0.5985327667138969,0.6708464749594623
common,d-sweep,5.0,OracleDP,directed_f1,100,100,0.0,0.974822559793148,0.0514871444376829,0.00514871444376829,0.9647310794833622,0.9849140401029338,0.9647310794833622,0.9849140401029338
common,d-sweep,5.0,PB-SCM,directed_f1,100,100,0.0,0.14666344766344766,0.20643414983412844,0.020643414983412843,0.10620235429595848,0.18712454103093684,0.10620235429595848,0.18712454103093684
common,d-sweep,5.0,PB-SCM-PGF,directed_f1,100,100,0.0,0.050525252525252536,0.12407686541181666,0.012407686541181667,0.02620618690453647,0.0748443181459686,0.02620618690453647,0.0748443181459686
common,d-sweep,5.0,PC-RCIT,directed_f1,100,100,0.0,0.3881922244422244,0.30411833879591266,0.030411833879591267,0.32858503003822553,0.44779941884622326,0.32858503003822553,0.44779941884622326
common,d-sweep,6.0,LibraryDP,directed_f1,100,100,0.0,0.976780787753698,0.043715183580467894,0.00437151835804679,0.9682126117719263,0.9853489637354698,0.9682126117719263,0.9853489637354698
common,d-sweep,6.0,LibraryGreedy,directed_f1,100,100,0.0,0.9048714310285517,0.1709234603472536,0.01709234603472536,0.87137043280049,0.9383724292566135,0.87137043280049,0.9383724292566135
common,d-sweep,6.0,ODS,directed_f1,100,100,0.0,0.6113991484951238,0.17336985279772338,0.017336985279772336,0.57741865734677,0.6453796396434776,0.57741865734677,0.6453796396434776
common,d-sweep,6.0,OracleDP,directed_f1,100,100,0.0,0.9743163914688683,0.04198697704009787,0.0041986977040097875,0.9660869439690091,0.9825458389687275,0.9660869439690091,0.9825458389687275
common,d-sweep,6.0,PB-SCM,directed_f1,100,100,0.0,0.09429923834335596,0.13723585488609874,0.013723585488609875,0.06740101078568062,0.12119746590103131,0.06740101078568062,0.12119746590103131
common,d-sweep,6.0,PB-SCM-PGF,directed_f1,100,100,0.0,0.02697302697302697,0.09762286081222803,0.009762286081222803,0.007838946253830276,0.04610710769222366,0.007838946253830276,0.04610710769222366
common,d-sweep,6.0,PC-RCIT,directed_f1,100,100,0.0,0.45420477561654027,0.2660222492191054,0.026602224921910538,0.4020644147695956,0.5063451364634849,0.4020644147695956,0.5063451364634849
common,d-sweep,7.0,LibraryDP,directed_f1,100,100,0.0,0.9640120845786481,0.06086971062764659,0.006086971062764659,0.9520816212956293,0.9759425478616668,0.9520816212956293,0.9759425478616668
common,d-sweep,7.0,LibraryGreedy,directed_f1,100,100,0.0,0.9036415012576003,0.14033013266569622,0.014033013266569621,0.8761367952551239,0.9311462072600768,0.8761367952551239,0.9311462072600768
common,d-sweep,7.0,ODS,directed_f1,100,100,0.0,0.5975237413668427,0.16677254255193927,0.016677254255193927,0.5648363230266626,0.6302111597070228,0.5648363230266626,0.6302111597070228
common,d-sweep,7.0,OracleDP,directed_f1,100,100,0.0,0.9695745602866346,0.04475378345473225,0.004475378345473225,0.960802818729507,0.9783463018437621,0.960802818729507,0.9783463018437621
common,d-sweep,7.0,PB-SCM,directed_f1,100,100,0.0,0.13969550848188617,0.17725384397868774,0.017725384397868773,0.10495375506206336,0.17443726190170897,0.10495375506206336,0.17443726190170897
common,d-sweep,7.0,PB-SCM-PGF,directed_f1,100,100,0.0,0.00987179487179487,0.04587729022699479,0.004587729022699479,0.000879845987303892,0.01886374375628585,0.000879845987303892,0.01886374375628585
common,d-sweep,7.0,PC-RCIT,directed_f1,100,100,0.0,0.5039593365011321,0.21260057920128464,0.021260057920128465,0.46228962297768034,0.545629050024584,0.46228962297768034,0.545629050024584
common,d-sweep,8.0,LibraryDP,directed_f1,100,100,0.0,0.9730920885877409,0.040938177943418474,0.004093817794341847,0.9650682057108309,0.9811159714646509,0.9650682057108309,0.9811159714646509
common,d-sweep,8.0,LibraryGreedy,directed_f1,100,100,0.0,0.9048773133045444,0.14960475186956848,0.014960475186956848,0.8755547819381089,0.9341998446709798,0.8755547819381089,0.9341998446709798
common,d-sweep,8.0,ODS,directed_f1,100,100,0.0,0.5816032959862817,0.14303384155346077,0.014303384155346077,0.5535686630418034,0.60963792893076,0.5535686630418034,0.60963792893076
common,d-sweep,8.0,OracleDP,directed_f1,100,100,0.0,0.9686252690948344,0.04673039817121667,0.0046730398171216676,0.959466111053276,0.9777844271363928,0.959466111053276,0.9777844271363928
common,d-sweep,8.0,PB-SCM,directed_f1,100,100,0.0,0.10238526434006308,0.128084977262775,0.012808497726277502,0.07728060879655918,0.12748991988356698,0.07728060879655918,0.12748991988356698
common,d-sweep,8.0,PB-SCM-PGF,directed_f1,100,100,0.0,0.022252747252747243,0.06146548772971979,0.006146548772971979,0.010205511657722165,0.03429998284777232,0.010205511657722165,0.03429998284777232
common,d-sweep,8.0,PC-RCIT,directed_f1,100,100,0.0,0.5489407009735452,0.19332810001945505,0.019332810001945505,0.511048393369732,0.5868330085773584,0.511048393369732,0.5868330085773584
common,d-sweep,9.0,LibraryDP,directed_f1,100,100,0.0,0.962021779003759,0.05756719395621787,0.0057567193956217875,0.9507386089883403,0.9733049490191776,0.9507386089883403,0.9733049490191776
common,d-sweep,9.0,LibraryGreedy,directed_f1,100,100,0.0,0.9195966166902765,0.0977750499197808,0.009777504991978079,0.9004327069059994,0.9387605264745535,0.9004327069059994,0.9387605264745535
common,d-sweep,9.0,ODS,directed_f1,100,100,0.0,0.5823703330415104,0.12445682260936054,0.012445682260936054,0.5579767958100758,0.6067638702729451,0.5579767958100758,0.6067638702729451
common,d-sweep,9.0,OracleDP,directed_f1,100,100,0.0,0.9699100372457437,0.03803083062711663,0.003803083062711663,0.9624559944428288,0.9773640800486585,0.9624559944428288,0.9773640800486585
common,d-sweep,9.0,PB-SCM,directed_f1,100,100,0.0,0.11365115197316705,0.12437454240151063,0.012437454240151063,0.08927374166247097,0.13802856228386312,0.08927374166247097,0.13802856228386312
common,d-sweep,9.0,PB-SCM-PGF,directed_f1,100,100,0.0,0.02103921568627451,0.05564660324404191,0.005564660324404191,0.010132481450442295,0.031945949922106726,0.010132481450442295,0.031945949922106726
common,d-sweep,9.0,PC-RCIT,directed_f1,100,100,0.0,0.5233239705882726,0.17930580572104723,0.017930580572104723,0.48818003266694737,0.5584679085095979,0.48818003266694737,0.5584679085095979
common,d-sweep,10.0,LibraryDP,directed_f1,100,100,0.0,0.9634619978186443,0.0495203677488237,0.00495203677488237,0.9537560057398748,0.9731679898974137,0.9537560057398748,0.9731679898974137
common,d-sweep,10.0,LibraryGreedy,directed_f1,100,100,0.0,0.9305904642724723,0.10560554199856845,0.010560554199856844,0.9098917780407528,0.9512891505041917,0.9098917780407528,0.9512891505041917
common,d-sweep,10.0,ODS,directed_f1,100,100,0.0,0.5481502491245756,0.12643298349718912,0.012643298349718913,0.5233693843591265,0.5729311138900246,0.5233693843591265,0.5729311138900246
common,d-sweep,10.0,OracleDP,directed_f1,100,100,0.0,0.9622177095852668,0.04572517842439817,0.004572517842439817,0.9532555746140847,0.9711798445564488,0.9532555746140847,0.9711798445564488
common,d-sweep,10.0,PB-SCM,directed_f1,100,100,0.0,0.11464794344727376,0.13280291087735166,0.013280291087735166,0.08861857291531283,0.1406773139792347,0.08861857291531283,0.1406773139792347
common,d-sweep,10.0,PB-SCM-PGF,directed_f1,100,100,0.0,0.015596835225318193,0.0496508886508816,0.00496508886508816,0.005865261049745399,0.025328409400890987,0.005865261049745399,0.025328409400890987
common,d-sweep,10.0,PC-RCIT,directed_f1,100,100,0.0,0.509356467032621,0.17792121173475264,0.017792121173475263,0.47448390953260955,0.5442290245326326,0.47448390953260955,0.5442290245326326
common,density-sweep,1.0,LibraryDP,directed_f1,100,100,0.0,0.971262605042017,0.046815567703120634,0.004681556770312063,0.9620867537722053,0.9804384563118287,0.9620867537722053,0.9804384563118287
common,density-sweep,1.0,LibraryGreedy,directed_f1,100,100,0.0,0.961262605042017,0.06721599650418371,0.006721599650418371,0.948088269727197,0.974436940356837,0.948088269727197,0.974436940356837
common,density-sweep,1.0,ODS,directed_f1,100,100,0.0,0.49696943061948445,0.16623782372902818,0.016623782372902816,0.4643868171685949,0.5295520440703739,0.4643868171685949,0.5295520440703739
common,density-sweep,1.0,OracleDP,directed_f1,100,100,0.0,0.9689096638655462,0.050484302820742184,0.005048430282074219,0.9590147405126808,0.9788045872184117,0.9590147405126808,0.9788045872184117
common,density-sweep,1.0,PB-SCM,directed_f1,100,100,0.0,0.09196647796647796,0.14129412703029456,0.014129412703029457,0.06427282906854022,0.1196601268644157,0.06427282906854022,0.1196601268644157
common,density-sweep,1.0,PB-SCM-PGF,directed_f1,100,100,0.0,0.005636363636363636,0.03224571743160407,0.003224571743160407,-0.0006837969802307615,0.011956524252958034,0.0,0.011956524252958034
common,density-sweep,1.0,PC-RCIT,directed_f1,100,100,0.0,0.497102564102564,0.2531974354403974,0.025319743544039743,0.44747586675624607,0.5467292614488819,0.44747586675624607,0.5467292614488819
common,density-sweep,1.5,LibraryDP,directed_f1,100,100,0.0,0.9730920885877409,0.040938177943418474,0.004093817794341847,0.9650682057108309,0.9811159714646509,0.9650682057108309,0.9811159714646509
common,density-sweep,1.5,LibraryGreedy,directed_f1,100,100,0.0,0.9048773133045444,0.14960475186956848,0.014960475186956848,0.8755547819381089,0.9341998446709798,0.8755547819381089,0.9341998446709798
common,density-sweep,1.5,ODS,directed_f1,100,100,0.0,0.5816032959862817,0.14303384155346077,0.014303384155346077,0.5535686630418034,0.60963792893076,0.5535686630418034,0.60963792893076
common,density-sweep,1.5,OracleDP,directed_f1,100,100,0.0,0.9686252690948344,0.04673039817121667,0.0046730398171216676,0.959466111053276,0.9777844271363928,0.959466111053276,0.9777844271363928
common,density-sweep,1.5,PB-SCM,directed_f1,100,100,0.0,0.10238526434006308,0.128084977262775,0.012808497726277502,0.07728060879655918,0.12748991988356698,0.07728060879655918,0.12748991988356698
common,density-sweep,1.5,PB-SCM-PGF,directed_f1,100,100,0.0,0.022252747252747243,0.06146548772971979,0.006146548772971979,0.010205511657722165,0.03429998284777232,0.010205511657722165,0.03429998284777232
common,density-sweep,1.5,PC-RCIT,directed_f1,100,100,0.0,0.5489407009735452,0.19332810001945505,0.019332810001945505,0.511048393369732,0.5868330085773584,0.511048393369732,0.5868330085773584
common,density-sweep,2.0,LibraryDP,directed_f1,100,100,0.0,0.9604882836034605,0.0676194010780231,0.00676194010780231,0.947234880992168,0.973741686214753,0.947234880992168,0.973741686214753
common,density-sweep,2.0,LibraryGreedy,directed_f1,100,100,0.0,0.8646721393178567,0.1469320912878983,0.01469320912878983,0.8358734494254286,0.8934708292102848,0.8358734494254286,0.8934708292102848
common,density-sweep,2.0,ODS,directed_f1,100,100,0.0,0.644418430084299,0.1284722028077557,0.01284722028077557,0.6192378783339789,0.6695989818346191,0.6192378783339789,0.6695989818346191
common,density-sweep,2.0,OracleDP,directed_f1,100,100,0.0,0.9697823293742616,0.04673447614397754,0.004673447614397754,0.960622372050042,0.9789422866984812,0.960622372050042,0.9789422866984812
common,density-sweep,2.0,PB-SCM,directed_f1,100,100,0.0,0.10291258743600068,0.1372602854012995,0.01372602854012995,0.07600957149734598,0.1298156033746554,0.07600957149734598,0.1298156033746554
common,density-sweep,2.0,PB-SCM-PGF,directed_f1,100,100,0.0,0.015046783625730992,0.04987032501827009,0.0049870325018270085,0.005272199922150056,0.02482136732931193,0.005272199922150056,0.02482136732931193
common,density-sweep,2.0,PC-RCIT,directed_f1,100,100,0.0,0.4785965106279174,0.16553093755431736,0.016553093755431736,0.44615244686727124,0.5110405743885637,0.44615244686727124,0.5110405743885637
common,density-sweep,2.5,LibraryDP,directed_f1,100,100,0.0,0.9149273973110339,0.09511552492368089,0.009511552492368089,0.8962847544259924,0.9335700401960754,0.8962847544259924,0.9335700401960754
common,density-sweep,2.5,LibraryGreedy,directed_f1,100,100,0.0,0.7450149366424001,0.16512890315848316,0.016512890315848315,0.7126496716233375,0.7773802016614628,0.7126496716233375,0.7773802016614628
common,density-sweep,2.5,ODS,directed_f1,100,100,0.0,0.6871750189609973,0.11579790465729296,0.011579790465729297,0.6644786296481678,0.7098714082738268,0.6644786296481678,0.7098714082738268
common,density-sweep,2.5,OracleDP,directed_f1,100,100,0.0,0.9609871253273051,0.053080123114807025,0.005308012311480702,0.950583421196803,0.9713908294578073,0.950583421196803,0.9713908294578073
common,density-sweep,2.5,PB-SCM,directed_f1,100,100,0.0,0.10327262781380597,0.1547538253825682,0.01547538253825682,0.0729408780388226,0.13360437758878935,0.0729408780388226,0.13360437758878935
common,density-sweep,2.5,PB-SCM-PGF,directed_f1,100,100,0.0,0.024203369094673438,0.05473738741147836,0.0054737387411478355,0.01347484116202368,0.034931897027323196,0.01347484116202368,0.034931897027323196
common,density-sweep,2.5,PC-RCIT,directed_f1,100,100,0.0,0.4196114909260002,0.1504805659804411,0.01504805659804411,0.39011729999383377,0.4491056818581666,0.39011729999383377,0.4491056818581666
common,density-sweep,3.0,LibraryDP,directed_f1,100,100,0.0,0.8469788842458889,0.14054669637152364,0.014054669637152364,0.8194317317570702,0.8745260367347075,0.8194317317570702,0.8745260367347075
common,density-sweep,3.0,LibraryGreedy,directed_f1,100,100,0.0,0.6223295446039602,0.18400350584981184,0.018400350584981184,0.5862648574573971,0.6583942317505233,0.5862648574573971,0.6583942317505233
common,density-sweep,3.0,ODS,directed_f1,100,100,0.0,0.6927169482360037,0.10102165022425075,0.010102165022425075,0.6729167047920506,0.7125171916799569,0.6729167047920506,0.7125171916799569
common,density-sweep,3.0,OracleDP,directed_f1,100,100,0.0,0.9532198437052146,0.056749416046274224,0.005674941604627422,0.9420969581601448,0.9643427292502844,0.9420969581601448,0.9643427292502844
common,density-sweep,3.0,PB-SCM,directed_f1,100,100,0.0,0.0854224880923552,0.15524259759789893,0.015524259759789893,0.05499493896316701,0.11585003722154338,0.05499493896316701,0.11585003722154338
common,density-sweep,3.0,PB-SCM-PGF,directed_f1,100,100,0.0,0.015421573647380095,0.047113845503595306,0.00471138455035953,0.006187259928675415,0.024655887366084775,0.006187259928675415,0.024655887366084775
common,density-sweep,3.0,PC-RCIT,directed_f1,100,100,0.0,0.32061875921041205,0.15493645410790205,0.015493645410790204,0.29025121420526323,0.3509863042155609,0.29025121420526323,0.3509863042155609
expanded,N-sweep,100.0,LibraryDP,directed_f1,100,100,0.0,0.7613344764058724,0.1645721014029519,0.01645721014029519,0.7290783445308938,0.7935906082808509,0.7290783445308938,0.7935906082808509
expanded,N-sweep,100.0,LibraryGreedy,directed_f1,100,100,0.0,0.6930892200857878,0.1852004194917194,0.01852004194917194,0.6567899378654107,0.7293885023061648,0.6567899378654107,0.7293885023061648
expanded,N-sweep,100.0,ODS,directed_f1,100,100,0.0,0.5634001159419816,0.09681362275156873,0.009681362275156872,0.5444246458826741,0.582375586001289,0.5444246458826741,0.582375586001289
expanded,N-sweep,100.0,OracleDP,directed_f1,100,100,0.0,0.8384236033988895,0.1041993861452343,0.01041993861452343,0.8180005237144237,0.8588466830833554,0.8180005237144237,0.8588466830833554
expanded,N-sweep,100.0,PC-RCIT,directed_f1,100,100,0.0,0.11415196078431372,0.1483499649009794,0.014834996490097941,0.08507536766372176,0.1432285539049057,0.08507536766372176,0.1432285539049057
expanded,N-sweep,200.0,LibraryDP,directed_f1,100,100,0.0,0.7902799180986823,0.15474566177276186,0.015474566177276185,0.759949768391221,0.8206100678061435,0.759949768391221,0.8206100678061435
expanded,N-sweep,200.0,LibraryGreedy,directed_f1,100,100,0.0,0.7508547332911174,0.16440418196139134,0.016440418196139134,0.7186315136266848,0.78307795295555,0.7186315136266848,0.78307795295555
expanded,N-sweep,200.0,ODS,directed_f1,100,100,0.0,0.5902909786459188,0.11583613714055681,0.01158361371405568,0.5675870957663697,0.612994861525468,0.5675870957663697,0.612994861525468
expanded,N-sweep,200.0,OracleDP,directed_f1,100,100,0.0,0.8774350958728532,0.09615618796658518,0.009615618796658518,0.8585884830314024,0.8962817087143039,0.8585884830314024,0.8962817087143039
expanded,N-sweep,200.0,PC-RCIT,directed_f1,100,100,0.0,0.21366784608580272,0.19135708284571784,0.019135708284571784,0.17616185784804203,0.25117383432356344,0.17616185784804203,0.25117383432356344
expanded,N-sweep,400.0,LibraryDP,directed_f1,100,100,0.0,0.8393873165481861,0.14408740857260985,0.014408740857260984,0.8111461844679546,0.8676284486284176,0.8111461844679546,0.8676284486284176
expanded,N-sweep,400.0,LibraryGreedy,directed_f1,100,100,0.0,0.803807220620722,0.17192741931284777,0.017192741931284776,0.7701094464354038,0.8375049948060401,0.7701094464354038,0.8375049948060401
expanded,N-sweep,400.0,ODS,directed_f1,100,100,0.0,0.6351528472856864,0.1086114609019907,0.010861146090199069,0.6138650009488963,0.6564406936224766,0.6138650009488963,0.6564406936224766
expanded,N-sweep,400.0,OracleDP,directed_f1,100,100,0.0,0.9166250657555007,0.07761404763631363,0.007761404763631363,0.9014127124187833,0.9318374190922182,0.9014127124187833,0.9318374190922182
expanded,N-sweep,400.0,PC-RCIT,directed_f1,100,100,0.0,0.3222481817288319,0.19912198645170312,0.019912198645170312,0.2832202723842981,0.3612760910733657,0.2832202723842981,0.3612760910733657
expanded,N-sweep,800.0,LibraryDP,directed_f1,100,100,0.0,0.8373544323631279,0.1564142351195355,0.01564142351195355,0.806697242279699,0.8680116224465568,0.806697242279699,0.8680116224465568
expanded,N-sweep,800.0,LibraryGreedy,directed_f1,100,100,0.0,0.7958791382530513,0.18232146794583176,0.018232146794583175,0.7601441305356683,0.8316141459704344,0.7601441305356683,0.8316141459704344
expanded,N-sweep,800.0,ODS,directed_f1,100,100,0.0,0.6355741966009566,0.0929734591685518,0.00929734591685518,0.6173513986039204,0.6537969945979928,0.6173513986039204,0.6537969945979928
expanded,N-sweep,800.0,OracleDP,directed_f1,100,100,0.0,0.9290800735496388,0.07539079305234223,0.007539079305234222,0.9143034781113798,0.9438566689878979,0.9143034781113798,0.9438566689878979
expanded,N-sweep,800.0,PC-RCIT,directed_f1,100,100,0.0,0.3857682899801623,0.22187680059057277,0.022187680059057278,0.3422804370644101,0.42925614289591457,0.3422804370644101,0.42925614289591457
expanded,N-sweep,1600.0,LibraryDP,directed_f1,100,100,0.0,0.8720476494519973,0.14233705632438182,0.014233705632438181,0.8441495864124184,0.8999457124915762,0.8441495864124184,0.8999457124915762
expanded,N-sweep,1600.0,LibraryGreedy,directed_f1,100,100,0.0,0.8447559252341861,0.16264454387111912,0.016264454387111913,0.8128775946354467,0.8766342558329254,0.8128775946354467,0.8766342558329254
expanded,N-sweep,1600.0,ODS,directed_f1,100,100,0.0,0.635658817714897,0.12934144690085586,0.012934144690085586,0.6103078941223292,0.6610097413074647,0.6103078941223292,0.6610097413074647
expanded,N-sweep,1600.0,OracleDP,directed_f1,100,100,0.0,0.9572099832534614,0.0688327191210438,0.00688327191210438,0.9437187703057368,0.970701196201186,0.9437187703057368,0.970701196201186
expanded,N-sweep,1600.0,PC-RCIT,directed_f1,100,100,0.0,0.48123190207363714,0.1942566533880561,0.01942566533880561,0.44315759800957816,0.5193062061376962,0.44315759800957816,0.5193062061376962
expanded,N-sweep,2400.0,LibraryDP,directed_f1,100,100,0.0,0.8655104598438932,0.14993674134658866,0.014993674134658866,0.8361228585399618,0.8948980611478246,0.8361228585399618,0.8948980611478246
expanded,N-sweep,2400.0,LibraryGreedy,directed_f1,100,100,0.0,0.8394010047923091,0.1695518945495981,0.01695518945495981,0.8061688334605879,0.8726331761240302,0.8061688334605879,0.8726331761240302
expanded,N-sweep,2400.0,ODS,directed_f1,100,100,0.0,0.6825217078161131,0.13550017982287615,0.013550017982287615,0.6559636725708293,0.7090797430613969,0.6559636725708293,0.7090797430613969
expanded,N-sweep,2400.0,OracleDP,directed_f1,100,100,0.0,0.9536465119421641,0.07515156497308963,0.0075151564973089625,0.9389168052074386,0.9683762186768896,0.9389168052074386,0.9683762186768896
expanded,N-sweep,2400.0,PC-RCIT,directed_f1,100,100,0.0,0.4843697005534063,0.20558396078317,0.020558396078317002,0.44407524423990496,0.5246641568669076,0.44407524423990496,0.5246641568669076
expanded,N-sweep,3200.0,LibraryDP,directed_f1,100,100,0.0,0.8838850490893968,0.13775814686883,0.013775814686883001,0.8568844523031062,0.9108856458756874,0.8568844523031062,0.9108856458756874
expanded,N-sweep,3200.0,LibraryGreedy,directed_f1,100,100,0.0,0.849279170105257,0.18272885403265818,0.01827288540326582,0.813464314714856,0.885094025495658,0.813464314714856,0.885094025495658
expanded,N-sweep,3200.0,ODS,directed_f1,100,100,0.0,0.6630071487957677,0.14987625866496831,0.014987625866496832,0.633631402097434,0.6923828954941015,0.633631402097434,0.6923828954941015
expanded,N-sweep,3200.0,OracleDP,directed_f1,100,100,0.0,0.9636854763593894,0.06645755763389478,0.006645755763389478,0.950659795063146,0.9767111576556328,0.950659795063146,0.9767111576556328
expanded,N-sweep,3200.0,PC-RCIT,directed_f1,100,100,0.0,0.525808822315418,0.20347344304406395,0.020347344304406396,0.4859280274787815,0.5656896171520546,0.4859280274787815,0.5656896171520546
expanded,N-sweep,6400.0,LibraryDP,directed_f1,100,100,0.0,0.8715092918353788,0.15389367048614302,0.015389367048614303,0.8413461324200948,0.9016724512506629,0.8413461324200948,0.9016724512506629
expanded,N-sweep,6400.0,LibraryGreedy,directed_f1,100,100,0.0,0.8492702464583473,0.1717228586465587,0.01717228586465587,0.8156125661636218,0.8829279267530727,0.8156125661636218,0.8829279267530727
expanded,N-sweep,6400.0,ODS,directed_f1,100,100,0.0,0.6690391502791548,0.15555106755844794,0.015555106755844794,0.638551141037699,0.6995271595206106,0.638551141037699,0.6995271595206106
expanded,N-sweep,6400.0,OracleDP,directed_f1,100,100,0.0,0.9705346609911827,0.06431053267866099,0.006431053267866099,0.9579297965861652,0.9831395253962002,0.9579297965861652,0.9831395253962002
expanded,N-sweep,6400.0,PC-RCIT,directed_f1,100,100,0.0,0.5982462859077478,0.18042932049358515,0.018042932049358515,0.562882139091005,0.6336104327244905,0.562882139091005,0.6336104327244905
expanded,N-sweep,10000.0,LibraryDP,directed_f1,100,100,0.0,0.872719811977683,0.14064318716521054,0.014064318716521054,0.8451537472933017,0.9002858766620643,0.8451537472933017,0.9002858766620643
expanded,N-sweep,10000.0,LibraryGreedy,directed_f1,100,100,0.0,0.8418288703300696,0.18417810620727246,0.018417810620727247,0.8057299615134442,0.877927779146695,0.8057299615134442,0.877927779146695
expanded,N-sweep,10000.0,ODS,directed_f1,100,100,0.0,0.6815485564695122,0.14055414116073428,0.014055414116073427,0.6539999448020083,0.7090971681370161,0.6539999448020083,0.7090971681370161
expanded,N-sweep,10000.0,OracleDP,directed_f1,100,100,0.0,0.9732805411979325,0.06867174251409142,0.006867174251409142,0.9598208796651706,0.9867402027306944,0.9598208796651706,0.9867402027306944
expanded,N-sweep,10000.0,PC-RCIT,directed_f1,100,100,0.0,0.6336857880091222,0.18841205319140847,0.018841205319140845,0.5967570255836062,0.6706145504346382,0.5967570255836062,0.6706145504346382
expanded,d-sweep,4.0,LibraryDP,directed_f1,100,100,0.0,0.9819696969696969,0.05438260047411063,0.005438260047411063,0.9713107072767713,0.9926286866626226,0.9713107072767713,0.9926286866626226
expanded,d-sweep,4.0,LibraryGreedy,directed_f1,100,100,0.0,0.8498888888888889,0.20309061865977823,0.020309061865977824,0.8100831276315724,0.8896946501462054,0.8100831276315724,0.8896946501462054
expanded,d-sweep,4.0,ODS,directed_f1,100,100,0.0,0.8437878787878788,0.1790547960090517,0.017905479600905168,0.8086931387701046,0.8788826188056529,0.8086931387701046,0.8788826188056529
expanded,d-sweep,4.0,OracleDP,directed_f1,100,100,0.0,0.990151515151515,0.03056020348806305,0.003056020348806305,0.9841617152678547,0.9961413150351753,0.9841617152678547,0.9961413150351753
expanded,d-sweep,4.0,PC-RCIT,directed_f1,100,100,0.0,0.08855555555555554,0.18371439498594824,0.018371439498594825,0.05254753413830968,0.1245635769728014,0.05254753413830968,0.1245635769728014
expanded,d-sweep,5.0,LibraryDP,directed_f1,100,100,0.0,0.9565059254471019,0.10858828624360656,0.010858828624360656,0.935222621343355,0.9777892295508488,0.935222621343355,0.9777892295508488
expanded,d-sweep,5.0,LibraryGreedy,directed_f1,100,100,0.0,0.794118131868132,0.22873439109055568,0.02287343910905557,0.749286191214383,0.8389500725218809,0.749286191214383,0.8389500725218809
expanded,d-sweep,5.0,ODS,directed_f1,100,100,0.0,0.7586236981972276,0.14687267744860458,0.014687267744860458,0.7298366534173011,0.7874107429771542,0.7298366534173011,0.7874107429771542
expanded,d-sweep,5.0,OracleDP,directed_f1,100,100,0.0,0.9841113445378151,0.03463791294997538,0.0034637912949975385,0.97732231359962,0.9909003754760103,0.97732231359962,0.9909003754760103
expanded,d-sweep,5.0,PC-RCIT,directed_f1,100,100,0.0,0.3596396936396936,0.31894426787893737,0.03189442678789374,0.2971266171354219,0.42215277014396535,0.2971266171354219,0.42215277014396535
expanded,d-sweep,6.0,LibraryDP,directed_f1,100,100,0.0,0.9464866701066391,0.11149801705298794,0.011149801705298794,0.9246330587642535,0.9683402814490247,0.9246330587642535,0.9683402814490247
expanded,d-sweep,6.0,LibraryGreedy,directed_f1,100,100,0.0,0.8413541451668387,0.1886970818157697,0.018869708181576968,0.8043695171309478,0.8783387732027296,0.8043695171309478,0.8783387732027296
expanded,d-sweep,6.0,ODS,directed_f1,100,100,0.0,0.7171277061618629,0.16503109502358923,0.016503109502358924,0.6847816115372395,0.7494738007864864,0.6847816115372395,0.7494738007864864
expanded,d-sweep,6.0,OracleDP,directed_f1,100,100,0.0,0.9808881148950809,0.04348330681559855,0.0043483306815598555,0.9723653867592236,0.9894108430309382,0.9723653867592236,0.9894108430309382
expanded,d-sweep,6.0,PC-RCIT,directed_f1,100,100,0.0,0.4842513159355265,0.2734698271505272,0.02734698271505272,0.43065122981402315,0.5378514020570299,0.43065122981402315,0.5378514020570299
expanded,d-sweep,7.0,LibraryDP,directed_f1,100,100,0.0,0.898664918758572,0.14666747610407616,0.014666747610407616,0.8699180934421731,0.927411744074971,0.8699180934421731,0.927411744074971
expanded,d-sweep,7.0,LibraryGreedy,directed_f1,100,100,0.0,0.8631663796300021,0.18392306570995895,0.018392306570995894,0.8271174587508502,0.899215300509154,0.8271174587508502,0.899215300509154
expanded,d-sweep,7.0,ODS,directed_f1,100,100,0.0,0.6763399865700178,0.13594510960781722,0.013594510960781722,0.6496947450868856,0.70298522805315,0.6496947450868856,0.70298522805315
expanded,d-sweep,7.0,OracleDP,directed_f1,100,100,0.0,0.9655538672302706,0.0835336839706858,0.00835336839706858,0.9491812651720162,0.981926469288525,0.9491812651720162,0.981926469288525
expanded,d-sweep,7.0,PC-RCIT,directed_f1,100,100,0.0,0.5362975349384018,0.22806804472358136,0.022806804472358135,0.4915961981725799,0.5809988717042238,0.4915961981725799,0.5809988717042238
expanded,d-sweep,8.0,LibraryDP,directed_f1,100,100,0.0,0.8838850490893968,0.13775814686883,0.013775814686883001,0.8568844523031062,0.9108856458756874,0.8568844523031062,0.9108856458756874
expanded,d-sweep,8.0,LibraryGreedy,directed_f1,100,100,0.0,0.849279170105257,0.18272885403265818,0.01827288540326582,0.813464314714856,0.885094025495658,0.813464314714856,0.885094025495658
expanded,d-sweep,8.0,ODS,directed_f1,100,100,0.0,0.6630071487957677,0.14987625866496831,0.014987625866496832,0.633631402097434,0.6923828954941015,0.633631402097434,0.6923828954941015
expanded,d-sweep,8.0,OracleDP,directed_f1,100,100,0.0,0.9636854763593894,0.06645755763389478,0.006645755763389478,0.950659795063146,0.9767111576556328,0.950659795063146,0.9767111576556328
expanded,d-sweep,8.0,PC-RCIT,directed_f1,100,100,0.0,0.525808822315418,0.20347344304406395,0.020347344304406396,0.4859280274787815,0.5656896171520546,0.4859280274787815,0.5656896171520546
expanded,d-sweep,9.0,LibraryDP,directed_f1,100,100,0.0,0.809825772463836,0.15360076001348957,0.015360076001348958,0.7797200235011921,0.83993152142648,0.7797200235011921,0.83993152142648
expanded,d-sweep,9.0,LibraryGreedy,directed_f1,100,100,0.0,0.8449643730224377,0.15632798563769748,0.01563279856376975,0.8143240878374489,0.8756046582074264,0.8143240878374489,0.8756046582074264
expanded,d-sweep,9.0,ODS,directed_f1,100,100,0.0,0.6630015013221936,0.12637060698907765,0.012637060698907765,0.6382328623523343,0.6877701402920529,0.6382328623523343,0.6877701402920529
expanded,d-sweep,9.0,OracleDP,directed_f1,100,100,0.0,0.948903353248737,0.09294640582870087,0.009294640582870087,0.9306858577063116,0.9671208487911623,0.9306858577063116,0.9671208487911623
expanded,d-sweep,9.0,PC-RCIT,directed_f1,100,100,0.0,0.48288415116538685,0.17266346722177978,0.01726634672217798,0.449042111589918,0.5167261907408557,0.449042111589918,0.5167261907408557
expanded,d-sweep,10.0,LibraryDP,directed_f1,100,100,0.0,0.7880928909510996,0.1604860790150492,0.01604860790150492,0.75663761946415,0.8195481624380492,0.75663761946415,0.8195481624380492
expanded,d-sweep,10.0,LibraryGreedy,directed_f1,100,100,0.0,0.8739596832379093,0.14224151889404615,0.014224151889404615,0.8460803455346763,0.9018390209411423,0.8460803455346763,0.9018390209411423
expanded,d-sweep,10.0,ODS,directed_f1,100,100,0.0,0.6332069527054063,0.12545230019819212,0.012545230019819211,0.6086183018665606,0.6577956035442519,0.6086183018665606,0.6577956035442519
expanded,d-sweep,10.0,OracleDP,directed_f1,100,100,0.0,0.9511564942896722,0.08277079843778633,0.008277079843778633,0.934933417795866,0.9673795707834784,0.934933417795866,0.9673795707834784
expanded,d-sweep,10.0,PC-RCIT,directed_f1,100,100,0.0,0.5198875947985936,0.19298206681549385,0.019298206681549385,0.4820631097027568,0.5577120798944304,0.4820631097027568,0.5577120798944304
expanded,density-sweep,1.0,LibraryDP,directed_f1,100,100,0.0,0.9413904860189689,0.10988826068347221,0.01098882606834722,0.9198523869250084,0.9629285851129294,0.9198523869250084,0.9629285851129294
expanded,density-sweep,1.0,LibraryGreedy,directed_f1,100,100,0.0,0.9387185611086539,0.1112768831492326,0.011127688314923261,0.9169082920114043,0.9605288302059035,0.9169082920114043,0.9605288302059035
expanded,density-sweep,1.0,ODS,directed_f1,100,100,0.0,0.6061676194283274,0.17668754720283136,0.017668754720283137,0.5715368601765725,0.6407983786800824,0.5715368601765725,0.6407983786800824
expanded,density-sweep,1.0,OracleDP,directed_f1,100,100,0.0,0.9778312324929972,0.053164459568816706,0.005316445956881671,0.9674109984175091,0.9882514665684853,0.9674109984175091,0.9882514665684853
expanded,density-sweep,1.0,PC-RCIT,directed_f1,100,100,0.0,0.559075258075258,0.2671791047686253,0.026717910476862526,0.5067081535406075,0.6114423626099086,0.5067081535406075,0.6114423626099086
expanded,density-sweep,1.5,LibraryDP,directed_f1,100,100,0.0,0.8838850490893968,0.13775814686883,0.013775814686883001,0.8568844523031062,0.9108856458756874,0.8568844523031062,0.9108856458756874
expanded,density-sweep,1.5,LibraryGreedy,directed_f1,100,100,0.0,0.849279170105257,0.18272885403265818,0.01827288540326582,0.813464314714856,0.885094025495658,0.813464314714856,0.885094025495658
expanded,density-sweep,1.5,ODS,directed_f1,100,100,0.0,0.6630071487957677,0.14987625866496831,0.014987625866496832,0.633631402097434,0.6923828954941015,0.633631402097434,0.6923828954941015
expanded,density-sweep,1.5,OracleDP,directed_f1,100,100,0.0,0.9636854763593894,0.06645755763389478,0.006645755763389478,0.950659795063146,0.9767111576556328,0.950659795063146,0.9767111576556328
expanded,density-sweep,1.5,PC-RCIT,directed_f1,100,100,0.0,0.525808822315418,0.20347344304406395,0.020347344304406396,0.4859280274787815,0.5656896171520546,0.4859280274787815,0.5656896171520546
expanded,density-sweep,2.0,LibraryDP,directed_f1,100,100,0.0,0.8331692778638405,0.1356639994914864,0.013566399949148638,0.8065791339635092,0.8597594217641719,0.8065791339635092,0.8597594217641719
expanded,density-sweep,2.0,LibraryGreedy,directed_f1,100,100,0.0,0.7439535756668013,0.18603259657071441,0.018603259657071443,0.7074911867389413,0.7804159645946613,0.7074911867389413,0.7804159645946613
expanded,density-sweep,2.0,ODS,directed_f1,100,100,0.0,0.7049216429527196,0.12744420000316373,0.012744420000316373,0.6799425797520996,0.7299007061533397,0.6799425797520996,0.7299007061533397
expanded,density-sweep,2.0,OracleDP,directed_f1,100,100,0.0,0.9699168966706918,0.04919179729769272,0.004919179729769272,0.960275304400344,0.9795584889410396,0.960275304400344,0.9795584889410396
expanded,density-sweep,2.0,PC-RCIT,directed_f1,100,100,0.0,0.4364717919227112,0.16394235721350914,0.016394235721350913,0.4043390899088634,0.46860449393655895,0.4043390899088634,0.46860449393655895
expanded,density-sweep,2.5,LibraryDP,directed_f1,100,100,0.0,0.8110491394188064,0.12747072812784752,0.012747072812784751,0.7860648767057483,0.8360334021318645,0.7860648767057483,0.8360334021318645
expanded,density-sweep,2.5,LibraryGreedy,directed_f1,100,100,0.0,0.6463819395846947,0.17555951025524297,0.017555951025524298,0.611972275574667,0.6807916035947223,0.611972275574667,0.6807916035947223
expanded,density-sweep,2.5,ODS,directed_f1,100,100,0.0,0.7408314589585124,0.09124712852247471,0.00912471285224747,0.7229470217681074,0.7587158961489174,0.7229470217681074,0.7587158961489174
expanded,density-sweep,2.5,OracleDP,directed_f1,100,100,0.0,0.959479836785357,0.060748891066233594,0.006074889106623359,0.9475730541363752,0.9713866194343388,0.9475730541363752,0.9713866194343388
expanded,density-sweep,2.5,PC-RCIT,directed_f1,100,100,0.0,0.3274970199069869,0.13376827347564305,0.013376827347564305,0.30127843830576084,0.3537156015082129,0.30127843830576084,0.3537156015082129
expanded,density-sweep,3.0,LibraryDP,directed_f1,100,100,0.0,0.82692130626585,0.12334146970472627,0.012334146970472627,0.8027463782037236,0.8510962343279764,0.8027463782037236,0.8510962343279764
expanded,density-sweep,3.0,LibraryGreedy,directed_f1,100,100,0.0,0.613238032207888,0.16889426859296877,0.016889426859296876,0.5801347555636661,0.6463413088521098,0.5801347555636661,0.6463413088521098
expanded,density-sweep,3.0,ODS,directed_f1,100,100,0.0,0.7423471188974298,0.09165999591902173,0.009165999591902172,0.7243817596973016,0.760312478097558,0.7243817596973016,0.760312478097558
expanded,density-sweep,3.0,OracleDP,directed_f1,100,100,0.0,0.9574960679717404,0.0545786591855269,0.00545786591855269,0.946798650771377,0.9681934851721037,0.946798650771377,0.9681934851721037
expanded,density-sweep,3.0,PC-RCIT,directed_f1,100,100,0.0,0.25846350724833306,0.13455042279981397,0.013455042279981396,0.2320916243795695,0.2848353901170966,0.2320916243795695,0.2848353901170966
