regime,sweep,x_value,method,metric,N_total,N_nonNA,NA_rate,mean,sd,se,ci95_low,ci95_high,plot_ci95_low,plot_ci95_high,panel
common,N-sweep,100,Fixed-Poisson DP,directed_f1,100,100,0.0,0.6689094348092194,0.15185374589084483,0.015185374589084482,0.6391461006146137,0.698672769003825,0.6391461006146137,0.698672769003825,main_directed_f1
common,N-sweep,100,LibraryDP,directed_f1,100,100,0.0,0.6548527334378726,0.1557294638994874,0.01557294638994874,0.6243297585135731,0.6853757083621722,0.6243297585135731,0.6853757083621722,main_directed_f1
common,N-sweep,100,LibraryGreedy,directed_f1,100,100,0.0,0.5244051591234928,0.18401457215552855,0.018401457215552856,0.4883383029810092,0.5604720152659765,0.4883383029810092,0.5604720152659765,main_directed_f1
common,N-sweep,100,ODS,directed_f1,100,100,0.0,0.49236111615397943,0.1101480831077168,0.01101480831077168,0.47077209186486696,0.513950140443092,0.47077209186486696,0.513950140443092,main_directed_f1
common,N-sweep,100,PC-RCIT,directed_f1,100,100,0.0,0.08226073762838468,0.1240160552639919,0.01240160552639919,0.057953590796642265,0.10656788446012709,0.057953590796642265,0.10656788446012709,main_directed_f1
common,N-sweep,200,Fixed-Poisson DP,directed_f1,100,100,0.0,0.798646903820817,0.12206458305335963,0.012206458305335963,0.7747222455423586,0.8225715620992755,0.7747222455423586,0.8225715620992755,main_directed_f1
common,N-sweep,200,LibraryDP,directed_f1,100,100,0.0,0.7836478498618087,0.12666563756391352,0.012666563756391353,0.7588213848992816,0.8084743148243357,0.7588213848992816,0.8084743148243357,main_directed_f1
common,N-sweep,200,LibraryGreedy,directed_f1,100,100,0.0,0.6276431147037553,0.19662150986575777,0.019662150986575776,0.5891052987700668,0.6661809306374439,0.5891052987700668,0.6661809306374439,main_directed_f1
common,N-sweep,200,ODS,directed_f1,100,100,0.0,0.5703010111755122,0.10795871643840028,0.010795871643840028,0.5491411027535857,0.5914609195974387,0.5491411027535857,0.5914609195974387,main_directed_f1
common,N-sweep,200,PC-RCIT,directed_f1,100,100,0.0,0.20046074745687747,0.1866535828306377,0.01866535828306377,0.1638766452220725,0.23704484969168246,0.1638766452220725,0.23704484969168246,main_directed_f1
common,N-sweep,400,Fixed-Poisson DP,directed_f1,100,100,0.0,0.9021100609535392,0.08198809398526027,0.008198809398526028,0.8860403945324282,0.9181797273746501,0.8860403945324282,0.9181797273746501,main_directed_f1
common,N-sweep,400,LibraryDP,directed_f1,100,100,0.0,0.8889889805846327,0.09530154634120103,0.009530154634120103,0.8703098775017574,0.9076680836675081,0.8703098775017574,0.9076680836675081,main_directed_f1
common,N-sweep,400,LibraryGreedy,directed_f1,100,100,0.0,0.7235030636030636,0.19505704718805628,0.01950570471880563,0.6852718823542046,0.7617342448519226,0.6852718823542046,0.7617342448519226,main_directed_f1
common,N-sweep,400,ODS,directed_f1,100,100,0.0,0.6112884806682409,0.1054775160899881,0.010547751608998809,0.5906148875146032,0.6319620738218786,0.5906148875146032,0.6319620738218786,main_directed_f1
common,N-sweep,400,PC-RCIT,directed_f1,100,100,0.0,0.30156874360589525,0.20972159219442463,0.02097215921944246,0.26046331153578806,0.34267417567600245,0.26046331153578806,0.34267417567600245,main_directed_f1
common,N-sweep,800,Fixed-Poisson DP,directed_f1,100,100,0.0,0.9515072043898131,0.06495811403015081,0.006495811403015081,0.9387754140399035,0.9642389947397226,0.9387754140399035,0.9642389947397226,main_directed_f1
common,N-sweep,800,LibraryDP,directed_f1,100,100,0.0,0.9474360581447538,0.06786369599581683,0.006786369599581683,0.9341347737295738,0.9607373425599339,0.9341347737295738,0.9607373425599339,main_directed_f1
common,N-sweep,800,LibraryGreedy,directed_f1,100,100,0.0,0.7321233201581028,0.24036654908000896,0.024036654908000894,0.685011476538421,0.7792351637777846,0.685011476538421,0.7792351637777846,main_directed_f1
common,N-sweep,800,ODS,directed_f1,100,100,0.0,0.7018457690293063,0.10649289382944935,0.010649289382944935,0.6809731618387342,0.7227183762198783,0.6809731618387342,0.7227183762198783,main_directed_f1
common,N-sweep,800,PC-RCIT,directed_f1,100,100,0.0,0.3837409802697863,0.21786758752578766,0.021786758752578766,0.34103893311473193,0.4264430274248407,0.34103893311473193,0.4264430274248407,main_directed_f1
common,N-sweep,1600,Fixed-Poisson DP,directed_f1,100,100,0.0,0.9806101449275364,0.037576718062325674,0.0037576718062325674,0.9732451081873206,0.9879751816677522,0.9732451081873206,0.9879751816677522,main_directed_f1
common,N-sweep,1600,LibraryDP,directed_f1,100,100,0.0,0.9806101449275364,0.037576718062325674,0.0037576718062325674,0.9732451081873206,0.9879751816677522,0.9732451081873206,0.9879751816677522,main_directed_f1
common,N-sweep,1600,LibraryGreedy,directed_f1,100,100,0.0,0.7796187768752985,0.25333845429610413,0.025333845429610414,0.7299644398332621,0.8292731139173348,0.7299644398332621,0.8292731139173348,main_directed_f1
common,N-sweep,1600,ODS,directed_f1,100,100,0.0,0.7296362622324272,0.12312237929229633,0.012312237929229633,0.7055042758911371,0.7537682485737173,0.7055042758911371,0.7537682485737173,main_directed_f1
common,N-sweep,1600,PC-RCIT,directed_f1,100,100,0.0,0.4709656446102469,0.21553172008905394,0.021553172008905393,0.42872142747279235,0.5132098617477014,0.42872142747279235,0.5132098617477014,main_directed_f1
common,N-sweep,3200,Fixed-Poisson DP,directed_f1,100,100,0.0,0.9904956521739132,0.024762402547285685,0.0024762402547285683,0.9856422212746452,0.9953490830731813,0.9856422212746452,0.9953490830731813,main_directed_f1
common,N-sweep,3200,LibraryDP,directed_f1,100,100,0.0,0.9880260869565217,0.03316977420496845,0.0033169774204968453,0.9815248112123479,0.9945273627006955,0.9815248112123479,0.9945273627006955,main_directed_f1
common,N-sweep,3200,LibraryGreedy,directed_f1,100,100,0.0,0.8580868001563654,0.19876205523443294,0.019876205523443293,0.8191294373304165,0.8970441629823143,0.8191294373304165,0.8970441629823143,main_directed_f1
common,N-sweep,3200,ODS,directed_f1,100,100,0.0,0.7671830574609894,0.12133994021065843,0.012133994021065842,0.7434004291797003,0.7909656857422784,0.7434004291797003,0.7909656857422784,main_directed_f1
common,N-sweep,3200,PC-RCIT,directed_f1,100,100,0.0,0.5385491460574245,0.24606611041922705,0.024606611041922705,0.49032018841525604,0.586778103699593,0.49032018841525604,0.586778103699593,main_directed_f1
common,N-sweep,6400,Fixed-Poisson DP,directed_f1,100,100,0.0,0.9967,0.01522369675082051,0.001522369675082051,0.9937161554368392,0.9996838445631608,0.9937161554368392,0.9996838445631608,main_directed_f1
common,N-sweep,6400,LibraryDP,directed_f1,100,100,0.0,0.9967,0.01522369675082051,0.001522369675082051,0.9937161554368392,0.9996838445631608,0.9937161554368392,0.9996838445631608,main_directed_f1
common,N-sweep,6400,LibraryGreedy,directed_f1,100,100,0.0,0.8380179993919125,0.19824381793506682,0.019824381793506683,0.7991622110766393,0.8768737877071856,0.7991622110766393,0.8768737877071856,main_directed_f1
common,N-sweep,6400,ODS,directed_f1,100,100,0.0,0.7779948215147615,0.14631290583456447,0.014631290583456446,0.7493174919711869,0.8066721510583361,0.7493174919711869,0.8066721510583361,main_directed_f1
common,N-sweep,6400,PC-RCIT,directed_f1,100,100,0.0,0.5951246803069052,0.2031505040368196,0.02031505040368196,0.5553071815156886,0.6349421790981219,0.5553071815156886,0.6349421790981219,main_directed_f1
common,N-sweep,10000,Fixed-Poisson DP,directed_f1,100,100,0.0,0.9979333333333333,0.012334470782019914,0.0012334470782019915,0.9955157770600574,1.0003508896066093,0.9955157770600574,1.0,main_directed_f1
common,N-sweep,10000,LibraryDP,directed_f1,100,100,0.0,0.9971000000000001,0.014768357292007036,0.0014768357292007036,0.9942054019707667,0.9999945980292335,0.9942054019707667,0.9999945980292335,main_directed_f1
common,N-sweep,10000,LibraryGreedy,directed_f1,100,100,0.0,0.9073185568055133,0.15832281105915655,0.015832281105915655,0.8762872858379186,0.938349827773108,0.8762872858379186,0.938349827773108,main_directed_f1
common,N-sweep,10000,ODS,directed_f1,100,100,0.0,0.8379503105257229,0.12716883219060476,0.012716883219060476,0.8130252194163643,0.8628754016350815,0.8130252194163643,0.8628754016350815,main_directed_f1
common,N-sweep,10000,PC-RCIT,directed_f1,100,100,0.0,0.6147363680650124,0.1922722121893616,0.01922722121893616,0.5770510144758976,0.6524217216541273,0.5770510144758976,0.6524217216541273,main_directed_f1
common,N-sweep,100,Fixed-Poisson DP - LibraryDP,paired_directed_f1_gap_percentage_points,100,100,0.0,1.4056701371346676,6.499710418702068,0.6499710418702068,0.1317268950690622,2.6796133792002728,0.1317268950690622,2.6796133792002728,supplementary_paired_gap_not_plotted
common,N-sweep,200,Fixed-Poisson DP - LibraryDP,paired_directed_f1_gap_percentage_points,100,100,0.0,1.4999053959008193,5.530613240045353,0.5530613240045353,0.41590520085192995,2.5839055909497084,0.41590520085192995,2.5839055909497084,supplementary_paired_gap_not_plotted
common,N-sweep,400,Fixed-Poisson DP - LibraryDP,paired_directed_f1_gap_percentage_points,100,100,0.0,1.3121080368906457,5.59461175191373,0.559461175191373,0.2155641335155547,2.4086519402657367,0.2155641335155547,2.4086519402657367,supplementary_paired_gap_not_plotted
common,N-sweep,800,Fixed-Poisson DP - LibraryDP,paired_directed_f1_gap_percentage_points,100,100,0.0,0.40711462450592883,2.4225330775246556,0.24225330775246556,-0.06770185868890366,0.8819311077007613,-0.06770185868890366,0.8819311077007613,supplementary_paired_gap_not_plotted
common,N-sweep,1600,Fixed-Poisson DP - LibraryDP,paired_directed_f1_gap_percentage_points,100,100,0.0,0.0,0.0,0.0,0.0,0.0,0.0,0.0,supplementary_paired_gap_not_plotted
common,N-sweep,3200,Fixed-Poisson DP - LibraryDP,paired_directed_f1_gap_percentage_points,100,100,0.0,0.2469565217391304,1.8132943800593555,0.18132943800593554,-0.10844917675250326,0.6023622202307641,-0.10844917675250326,0.6023622202307641,supplementary_paired_gap_not_plotted
common,N-sweep,6400,Fixed-Poisson DP - LibraryDP,paired_directed_f1_gap_percentage_points,100,100,0.0,0.0,0.0,0.0,0.0,0.0,0.0,0.0,supplementary_paired_gap_not_plotted
common,N-sweep,10000,Fixed-Poisson DP - LibraryDP,paired_directed_f1_gap_percentage_points,100,100,0.0,0.08333333333333337,0.8333333333333335,0.08333333333333334,-0.07999999999999999,0.24666666666666673,-0.07999999999999999,0.24666666666666673,supplementary_paired_gap_not_plotted
