setting,regime,sweep,sweep_value,method,expected_R,R_total,R_success,R_failed,mean_F1,sd_F1,se_F1,ci95_low,ci95_high,plot_ci95_low,plot_ci95_high,mean_runtime_sec
all_poisson,restricted,dimension,4.0,Proposed DP-BIC,100,100,100,0,0.9751515151515153,0.07144180765344187,0.0071441807653441864,0.9611489208514408,0.9891541094515899,0.9611489208514408,0.9891541094515899,0.24146025900088716
all_poisson,restricted,dimension,4.0,Greedy-BIC,100,100,100,0,0.8163939393939396,0.22738150442464458,0.02273815044246446,0.7718271645267092,0.8609607142611699,0.7718271645267092,0.8609607142611699,0.19659353999828455
all_poisson,restricted,dimension,4.0,Poisson-only DP,100,100,100,0,0.975151515151515,0.07144180765344185,0.007144180765344186,0.9611489208514404,0.9891541094515895,0.9611489208514404,0.9891541094515895,0.009739776999922421
all_poisson,restricted,dimension,4.0,ODS,100,100,100,0,0.9146363636363637,0.12340911838965278,0.012340911838965279,0.8904481764319917,0.9388245508407357,0.8904481764319917,0.9388245508407357,0.23388706100231502
all_poisson,restricted,dimension,4.0,PC-RCIT,100,100,100,0,0.062222222222222213,0.1703264472732531,0.01703264472732531,0.028838238556664605,0.09560620588777982,0.028838238556664605,0.09560620588777982,0.721209350003046
all_poisson,restricted,dimension,4.0,PB-SCM,100,100,100,0,0.6349025974025974,0.21676345716937623,0.021676345716937623,0.5924169597973996,0.6773882350077951,0.5924169597973996,0.6773882350077951,2.135253141002031
all_poisson,restricted,dimension,4.0,PB-SCM-PGF,100,100,100,0,0.015,0.07801191310215759,0.007801191310215759,-0.000290334968022889,0.030290334968022886,0.0,0.030290334968022886,0.0663051250018179
all_poisson,restricted,dimension,5.0,Proposed DP-BIC,100,100,100,0,0.9858095238095238,0.044425011212161435,0.004442501121216144,0.9771022216119402,0.9945168260071074,0.9771022216119402,0.9945168260071074,0.8533534400013741
all_poisson,restricted,dimension,5.0,Greedy-BIC,100,100,100,0,0.818049019607843,0.2251379909627166,0.022513799096271662,0.7739219733791506,0.8621760658365355,0.7739219733791506,0.8621760658365355,0.47290531799953894
all_poisson,restricted,dimension,5.0,Poisson-only DP,100,100,100,0,0.9886666666666667,0.03496671497302098,0.0034966714973020977,0.9818131905319546,0.9955201428013788,0.9818131905319546,0.9955201428013788,0.029596406999044075
all_poisson,restricted,dimension,5.0,ODS,100,100,100,0,0.8931862745098038,0.10606339695012001,0.010606339695012002,0.8723978487075803,0.9139747003120273,0.8723978487075803,0.9139747003120273,0.42155945299833547
all_poisson,restricted,dimension,5.0,PC-RCIT,100,100,100,0,0.3253405760905761,0.3073028695688002,0.030730286956880022,0.26510921365509127,0.3855719385260609,0.26510921365509127,0.3855719385260609,2.9471762060018953
all_poisson,restricted,dimension,5.0,PB-SCM,100,100,100,0,0.5944756632256633,0.18412212600940903,0.018412212600940902,0.5583877265278191,0.6305635999235074,0.5583877265278191,0.6305635999235074,4.076784555999329
all_poisson,restricted,dimension,5.0,PB-SCM-PGF,100,100,100,0,0.009666666666666667,0.058468098297434976,0.0058468098297434976,-0.0017930805996305872,0.02112641393296392,0.0,0.02112641393296392,0.14834228500316382
all_poisson,restricted,dimension,6.0,Proposed DP-BIC,100,100,100,0,0.9877089783281733,0.04255701551695998,0.004255701551695998,0.9793678032868491,0.9960501533694974,0.9793678032868491,0.9960501533694974,1.8172464480012422
all_poisson,restricted,dimension,6.0,Greedy-BIC,100,100,100,0,0.8295345840090423,0.19803703958916835,0.019803703958916834,0.7907193242495654,0.8683498437685193,0.7907193242495654,0.8683498437685193,0.5925478800025303
all_poisson,restricted,dimension,6.0,Poisson-only DP,100,100,100,0,0.9877089783281733,0.04255701551695998,0.004255701551695998,0.9793678032868491,0.9960501533694974,0.9793678032868491,0.9960501533694974,0.05888878099562131
all_poisson,restricted,dimension,6.0,ODS,100,100,100,0,0.8583857560568089,0.11342011315059947,0.011342011315059946,0.8361554138792914,0.8806160982343264,0.8361554138792914,0.8806160982343264,0.3892386289982824
all_poisson,restricted,dimension,6.0,PC-RCIT,100,100,100,0,0.4806765130294542,0.26644850097031386,0.026644850097031388,0.42845260683927266,0.5329004192196357,0.42845260683927266,0.5329004192196357,3.99525221700198
all_poisson,restricted,dimension,6.0,PB-SCM,100,100,100,0,0.5336749155557206,0.18101987225680358,0.018101987225680356,0.49819502059338705,0.569154810518054,0.49819502059338705,0.569154810518054,5.268576427999069
all_poisson,restricted,dimension,6.0,PB-SCM-PGF,100,100,100,0,0.016083916083916083,0.06312514572599177,0.006312514572599177,0.0037113875216216955,0.02845644464621047,0.0037113875216216955,0.02845644464621047,0.23009065399877726
all_poisson,restricted,dimension,7.0,Proposed DP-BIC,100,100,100,0,0.98003007518797,0.04104264777350404,0.004104264777350404,0.9719857162243632,0.9880744341515768,0.9719857162243632,0.9880744341515768,4.221479992998647
all_poisson,restricted,dimension,7.0,Greedy-BIC,100,100,100,0,0.8553350041771095,0.1936832662767354,0.01936832662767354,0.8173730839868694,0.8932969243673496,0.8173730839868694,0.8932969243673496,0.8647981080005411
all_poisson,restricted,dimension,7.0,Poisson-only DP,100,100,100,0,0.9814586466165415,0.03916538909524475,0.0039165389095244755,0.9737822303538735,0.9891350628792095,0.9737822303538735,0.9891350628792095,0.14617916000017428
all_poisson,restricted,dimension,7.0,ODS,100,100,100,0,0.7835873803287992,0.12457234787043227,0.012457234787043227,0.7591712001461944,0.8080035605114039,0.7591712001461944,0.8080035605114039,0.4734331070014741
all_poisson,restricted,dimension,7.0,PC-RCIT,100,100,100,0,0.5403141139046711,0.2409866316099401,0.02409866316099401,0.49308073410912284,0.5875474937002194,0.49308073410912284,0.5875474937002194,6.245280291001546
all_poisson,restricted,dimension,7.0,PB-SCM,100,100,100,0,0.4740940377991461,0.16090439860325612,0.01609043986032561,0.4425567756729079,0.5056312999253842,0.4425567756729079,0.5056312999253842,8.66892033099546
all_poisson,restricted,dimension,7.0,PB-SCM-PGF,100,100,100,0,0.006666666666666665,0.040479727089927024,0.004047972708992703,-0.0012673598429590307,0.01460069317629236,0.0,0.01460069317629236,0.38029084299574606
all_poisson,restricted,dimension,8.0,Proposed DP-BIC,100,100,100,0,0.9871666666666666,0.038528998509569305,0.0038528998509569307,0.979614982958791,0.9947183503745423,0.979614982958791,0.9947183503745423,9.972362555999425
all_poisson,restricted,dimension,8.0,Greedy-BIC,100,100,100,0,0.8483583392452957,0.19928361494327443,0.019928361494327442,0.8092987507164139,0.8874179277741775,0.8092987507164139,0.8874179277741775,1.2117391579953256
all_poisson,restricted,dimension,8.0,Poisson-only DP,100,100,100,0,0.988,0.03398025438384801,0.003398025438384801,0.9813398701407657,0.9946601298592342,0.9813398701407657,0.9946601298592342,0.3193003629957093
all_poisson,restricted,dimension,8.0,ODS,100,100,100,0,0.7649816311053577,0.14226103378314997,0.014226103378314998,0.7370984684838603,0.792864793726855,0.7370984684838603,0.792864793726855,0.5924133000004804
all_poisson,restricted,dimension,8.0,PC-RCIT,100,100,100,0,0.5137966243012009,0.23794382342348586,0.023794382342348586,0.46715963491019763,0.5604336136922041,0.46715963491019763,0.5604336136922041,8.76116863199917
all_poisson,restricted,dimension,8.0,PB-SCM,100,100,100,0,0.46828977152952783,0.15959705336509364,0.015959705336509363,0.4370087490699695,0.49957079398908616,0.4370087490699695,0.49957079398908616,12.547246374999522
all_poisson,restricted,dimension,8.0,PB-SCM-PGF,100,100,100,0,0.015178571428571423,0.05326239629611389,0.005326239629611389,0.0047391417545331015,0.025618001102609745,0.0047391417545331015,0.025618001102609745,0.589029066998628
all_poisson,restricted,dimension,9.0,Proposed DP-BIC,100,100,100,0,0.9885139573070607,0.03128329474054434,0.0031283294740544337,0.982382431537914,0.9946454830762074,0.982382431537914,0.9946454830762074,19.364917635996825
all_poisson,restricted,dimension,9.0,Greedy-BIC,100,100,100,0,0.8388169199893337,0.18303578098334294,0.018303578098334293,0.8029419069165985,0.8746919330620689,0.8029419069165985,0.8746919330620689,1.4548944230016787
all_poisson,restricted,dimension,9.0,Poisson-only DP,100,100,100,0,0.9885139573070607,0.03128329474054434,0.0031283294740544337,0.982382431537914,0.9946454830762074,0.982382431537914,0.9946454830762074,0.5753966269979719
all_poisson,restricted,dimension,9.0,ODS,100,100,100,0,0.7680045470919236,0.11851290291088695,0.011851290291088695,0.7447760181213897,0.7912330760624574,0.7447760181213897,0.7912330760624574,0.7055568740004674
all_poisson,restricted,dimension,9.0,PC-RCIT,100,100,100,0,0.5671874892749572,0.16683321512486565,0.016683321512486565,0.5344881791104835,0.5998867994394309,0.5344881791104835,0.5998867994394309,12.721211943001254
all_poisson,restricted,dimension,9.0,PB-SCM,100,100,100,0,0.47519341926989644,0.1513207328199085,0.015132073281990848,0.4455345556371944,0.5048522829025985,0.4455345556371944,0.5048522829025985,17.71163667100307
all_poisson,restricted,dimension,9.0,PB-SCM-PGF,100,100,100,0,0.032834967320261435,0.06464698540071298,0.006464698540071298,0.02016415818172169,0.045505776458801175,0.02016415818172169,0.045505776458801175,0.7670876490010414
all_poisson,restricted,dimension,10.0,Proposed DP-BIC,100,100,100,0,0.9893733778272156,0.02321772285349621,0.0023217722853496213,0.9848227041479303,0.9939240515065009,0.9848227041479303,0.9939240515065009,32.18008649399621
all_poisson,restricted,dimension,10.0,Greedy-BIC,100,100,100,0,0.8349564017739769,0.17978185945803477,0.017978185945803478,0.799719157320202,0.8701936462277517,0.799719157320202,0.8701936462277517,1.5703670520009474
all_poisson,restricted,dimension,10.0,Poisson-only DP,100,100,100,0,0.9900400444938822,0.02253957168064728,0.002253957168064728,0.9856222884444753,0.994457800543289,0.9856222884444753,0.994457800543289,1.0358331039978657
all_poisson,restricted,dimension,10.0,ODS,100,100,100,0,0.7160917157876111,0.11517102216919776,0.011517102216919777,0.6935181954424483,0.7386652361327739,0.6935181954424483,0.7386652361327739,0.69266798100085
all_poisson,restricted,dimension,10.0,PC-RCIT,100,100,100,0,0.5891099247961474,0.166692292260245,0.016669229226024502,0.5564382355131394,0.6217816140791554,0.5564382355131394,0.6217816140791554,14.374126129997894
all_poisson,restricted,dimension,10.0,PB-SCM,100,100,100,0,0.4577052436115388,0.1447726777342679,0.014477267773426792,0.4293297987756223,0.48608068844745533,0.4293297987756223,0.48608068844745533,20.288433613001253
all_poisson,restricted,dimension,10.0,PB-SCM-PGF,100,100,100,0,0.016629765143697028,0.04757454348784841,0.004757454348784841,0.0073051546200787396,0.025954375667315316,0.0073051546200787396,0.025954375667315316,1.0392002580012194
all_poisson,restricted,sample_size,100.0,Proposed DP-BIC,100,100,100,0,0.6548527334378726,0.1557294638994874,0.01557294638994874,0.6243297585135731,0.6853757083621722,0.6243297585135731,0.6853757083621722,0.7365703540001414
all_poisson,restricted,sample_size,100.0,Greedy-BIC,100,100,100,0,0.5244051591234928,0.18401457215552855,0.018401457215552856,0.4883383029810092,0.5604720152659765,0.4883383029810092,0.5604720152659765,0.07626958299988469
all_poisson,restricted,sample_size,100.0,Poisson-only DP,100,100,100,0,0.6689094348092194,0.15185374589084483,0.015185374589084482,0.6391461006146137,0.698672769003825,0.6391461006146137,0.698672769003825,0.049196089000033645
all_poisson,restricted,sample_size,100.0,ODS,100,100,100,0,0.49236111615397943,0.1101480831077168,0.01101480831077168,0.47077209186486696,0.513950140443092,0.47077209186486696,0.513950140443092,0.2562764519998018
all_poisson,restricted,sample_size,100.0,PC-RCIT,100,100,100,0,0.08226073762838468,0.1240160552639919,0.01240160552639919,0.057953590796642265,0.10656788446012709,0.057953590796642265,0.10656788446012709,0.24610105400017346
all_poisson,restricted,sample_size,100.0,PB-SCM,100,100,100,0,0.032583333333333325,0.06812181011175818,0.006812181011175818,0.019231458551428722,0.04593520811523793,0.019231458551428722,0.04593520811523793,1.5360299479994866
all_poisson,restricted,sample_size,100.0,PB-SCM-PGF,100,100,100,0,0.026414565826330522,0.06710055067633097,0.006710055067633097,0.013262857893769651,0.03956627375889139,0.013262857893769651,0.03956627375889139,0.07672828700015084
all_poisson,restricted,sample_size,200.0,Proposed DP-BIC,100,100,100,0,0.7836478498618087,0.12666563756391352,0.012666563756391353,0.7588213848992816,0.8084743148243357,0.7588213848992816,0.8084743148243357,1.0157274900002085
all_poisson,restricted,sample_size,200.0,Greedy-BIC,100,100,100,0,0.6276431147037553,0.19662150986575777,0.019662150986575776,0.5891052987700668,0.6661809306374439,0.5891052987700668,0.6661809306374439,0.10845146099985864
all_poisson,restricted,sample_size,200.0,Poisson-only DP,100,100,100,0,0.798646903820817,0.12206458305335963,0.012206458305335963,0.7747222455423586,0.8225715620992755,0.7747222455423586,0.8225715620992755,0.05303058400008009
all_poisson,restricted,sample_size,200.0,ODS,100,100,100,0,0.5703010111755122,0.10795871643840028,0.010795871643840028,0.5491411027535857,0.5914609195974387,0.5491411027535857,0.5914609195974387,0.2197793529999035
all_poisson,restricted,sample_size,200.0,PC-RCIT,100,100,100,0,0.20046074745687747,0.1866535828306377,0.01866535828306377,0.1638766452220725,0.23704484969168246,0.1638766452220725,0.23704484969168246,0.4435914639999828
all_poisson,restricted,sample_size,200.0,PB-SCM,100,100,100,0,0.030744505494505487,0.06618093982279162,0.006618093982279162,0.01777304128923833,0.04371596969977264,0.01777304128923833,0.04371596969977264,2.1366121640001072
all_poisson,restricted,sample_size,200.0,PB-SCM-PGF,100,100,100,0,0.015666666666666662,0.05687485251879397,0.005687485251879397,0.004519195572983045,0.026814137760350278,0.004519195572983045,0.026814137760350278,0.08941827900009226
all_poisson,restricted,sample_size,400.0,Proposed DP-BIC,100,100,100,0,0.8889889805846327,0.09530154634120103,0.009530154634120103,0.8703098775017574,0.9076680836675081,0.8703098775017574,0.9076680836675081,1.5993929220004066
all_poisson,restricted,sample_size,400.0,Greedy-BIC,100,100,100,0,0.7235030636030636,0.19505704718805628,0.01950570471880563,0.6852718823542046,0.7617342448519226,0.6852718823542046,0.7617342448519226,0.17496295400022063
all_poisson,restricted,sample_size,400.0,Poisson-only DP,100,100,100,0,0.9021100609535392,0.08198809398526027,0.008198809398526028,0.8860403945324282,0.9181797273746501,0.8860403945324282,0.9181797273746501,0.06941290600021598
all_poisson,restricted,sample_size,400.0,ODS,100,100,100,0,0.6112884806682409,0.1054775160899881,0.010547751608998809,0.5906148875146032,0.6319620738218786,0.5906148875146032,0.6319620738218786,0.23648892400015029
all_poisson,restricted,sample_size,400.0,PC-RCIT,100,100,100,0,0.30156874360589525,0.20972159219442463,0.02097215921944246,0.26046331153578806,0.34267417567600245,0.26046331153578806,0.34267417567600245,1.7250657380001213
all_poisson,restricted,sample_size,400.0,PB-SCM,100,100,100,0,0.08632805429864251,0.11261727232947095,0.011261727232947095,0.06425506892206621,0.10840103967521882,0.06425506892206621,0.10840103967521882,3.1936424849996548
all_poisson,restricted,sample_size,400.0,PB-SCM-PGF,100,100,100,0,0.012761904761904757,0.04556855077078885,0.004556855077078885,0.0038304688108301427,0.021693340712979372,0.0038304688108301427,0.021693340712979372,0.12319172899980911
all_poisson,restricted,sample_size,800.0,Proposed DP-BIC,100,100,100,0,0.9474360581447538,0.06786369599581683,0.006786369599581683,0.9341347737295738,0.9607373425599339,0.9341347737295738,0.9607373425599339,3.014878668999954
all_poisson,restricted,sample_size,800.0,Greedy-BIC,100,100,100,0,0.7321233201581028,0.24036654908000896,0.024036654908000894,0.685011476538421,0.7792351637777846,0.685011476538421,0.7792351637777846,0.3370060590000503
all_poisson,restricted,sample_size,800.0,Poisson-only DP,100,100,100,0,0.9515072043898131,0.06495811403015081,0.006495811403015081,0.9387754140399035,0.9642389947397226,0.9387754140399035,0.9642389947397226,0.10596755999991725
all_poisson,restricted,sample_size,800.0,ODS,100,100,100,0,0.7018457690293063,0.10649289382944935,0.010649289382944935,0.6809731618387342,0.7227183762198783,0.6809731618387342,0.7227183762198783,0.2974254029999429
all_poisson,restricted,sample_size,800.0,PC-RCIT,100,100,100,0,0.3837409802697863,0.21786758752578766,0.021786758752578766,0.34103893311473193,0.4264430274248407,0.34103893311473193,0.4264430274248407,3.7809037489995534
all_poisson,restricted,sample_size,800.0,PB-SCM,100,100,100,0,0.16680819129271135,0.14951702240635872,0.014951702240635873,0.13750285490106504,0.19611352768435766,0.13750285490106504,0.19611352768435766,4.981090039999908
all_poisson,restricted,sample_size,800.0,PB-SCM-PGF,100,100,100,0,0.007047619047619045,0.03088648774794078,0.003088648774794078,0.0009938674490226514,0.013101370646215438,0.0009938674490226514,0.013101370646215438,0.19098764199959986
all_poisson,restricted,sample_size,1600.0,Proposed DP-BIC,100,100,100,0,0.9806101449275364,0.037576718062325674,0.0037576718062325674,0.9732451081873206,0.9879751816677522,0.9732451081873206,0.9879751816677522,5.211211004000143
all_poisson,restricted,sample_size,1600.0,Greedy-BIC,100,100,100,0,0.7796187768752985,0.25333845429610413,0.025333845429610414,0.7299644398332621,0.8292731139173348,0.7299644398332621,0.8292731139173348,0.6138950389998353
all_poisson,restricted,sample_size,1600.0,Poisson-only DP,100,100,100,0,0.9806101449275364,0.037576718062325674,0.0037576718062325674,0.9732451081873206,0.9879751816677522,0.9732451081873206,0.9879751816677522,0.16903748099997756
all_poisson,restricted,sample_size,1600.0,ODS,100,100,100,0,0.7296362622324272,0.12312237929229633,0.012312237929229633,0.7055042758911371,0.7537682485737173,0.7055042758911371,0.7537682485737173,0.39302065800045966
all_poisson,restricted,sample_size,1600.0,PC-RCIT,100,100,100,0,0.4709656446102469,0.21553172008905394,0.021553172008905393,0.42872142747279235,0.5132098617477014,0.42872142747279235,0.5132098617477014,5.761473555000266
all_poisson,restricted,sample_size,1600.0,PB-SCM,100,100,100,0,0.32883696305489274,0.16876187550662725,0.016876187550662725,0.2957596354555938,0.3619142906541917,0.2957596354555938,0.3619142906541917,7.568731939999925
all_poisson,restricted,sample_size,1600.0,PB-SCM-PGF,100,100,100,0,0.01232142857142857,0.057693449066087275,0.005769344906608727,0.001013512554475465,0.023629344588381673,0.001013512554475465,0.023629344588381673,0.31184830500002136
all_poisson,restricted,sample_size,3200.0,Proposed DP-BIC,100,100,100,0,0.9880260869565217,0.03316977420496845,0.0033169774204968453,0.9815248112123479,0.9945273627006955,0.9815248112123479,0.9945273627006955,10.001659196000618
all_poisson,restricted,sample_size,3200.0,Greedy-BIC,100,100,100,0,0.8580868001563654,0.19876205523443294,0.019876205523443293,0.8191294373304165,0.8970441629823143,0.8191294373304165,0.8970441629823143,1.2043066090002685
all_poisson,restricted,sample_size,3200.0,Poisson-only DP,100,100,100,0,0.9904956521739132,0.024762402547285685,0.0024762402547285683,0.9856422212746452,0.9953490830731813,0.9856422212746452,0.9953490830731813,0.2969578779996664
all_poisson,restricted,sample_size,3200.0,ODS,100,100,100,0,0.7671830574609894,0.12133994021065843,0.012133994021065842,0.7434004291797003,0.7909656857422784,0.7434004291797003,0.7909656857422784,0.5782101519998105
all_poisson,restricted,sample_size,3200.0,PC-RCIT,100,100,100,0,0.5385491460574245,0.24606611041922705,0.024606611041922705,0.49032018841525604,0.586778103699593,0.49032018841525604,0.586778103699593,9.453283519999895
all_poisson,restricted,sample_size,3200.0,PB-SCM,100,100,100,0,0.45113227504013614,0.16289069915032697,0.0162890699150327,0.41920569800667207,0.4830588520736002,0.41920569800667207,0.4830588520736002,11.402727942000347
all_poisson,restricted,sample_size,3200.0,PB-SCM-PGF,100,100,100,0,0.01775,0.060221998345494965,0.006022199834549496,0.005946488324282986,0.02955351167571701,0.005946488324282986,0.02955351167571701,0.5411700969999947
all_poisson,restricted,sample_size,6400.0,Proposed DP-BIC,100,100,100,0,0.9967,0.01522369675082051,0.001522369675082051,0.9937161554368392,0.9996838445631608,0.9937161554368392,0.9996838445631608,18.97561645899972
all_poisson,restricted,sample_size,6400.0,Greedy-BIC,100,100,100,0,0.8380179993919125,0.19824381793506682,0.019824381793506683,0.7991622110766393,0.8768737877071856,0.7991622110766393,0.8768737877071856,2.316047755999971
all_poisson,restricted,sample_size,6400.0,Poisson-only DP,100,100,100,0,0.9967,0.01522369675082051,0.001522369675082051,0.9937161554368392,0.9996838445631608,0.9937161554368392,0.9996838445631608,0.5466114970001218
all_poisson,restricted,sample_size,6400.0,ODS,100,100,100,0,0.7779948215147615,0.14631290583456447,0.014631290583456446,0.7493174919711869,0.8066721510583361,0.7493174919711869,0.8066721510583361,1.0076574369998708
all_poisson,restricted,sample_size,6400.0,PC-RCIT,100,100,100,0,0.5951246803069052,0.2031505040368196,0.02031505040368196,0.5553071815156886,0.6349421790981219,0.5553071815156886,0.6349421790981219,16.905441563000057
all_poisson,restricted,sample_size,6400.0,PB-SCM,100,100,100,0,0.5614191559442678,0.1274921752933753,0.01274921752933753,0.5364306895867663,0.5864076223017693,0.5364306895867663,0.5864076223017693,19.743157295999772
all_poisson,restricted,sample_size,6400.0,PB-SCM-PGF,100,100,100,0,0.014714285714285711,0.05551599292204641,0.0055515992922046415,0.0038331511015646143,0.025595420327006808,0.0038331511015646143,0.025595420327006808,1.0085276379997958
all_poisson,restricted,sample_size,10000.0,Proposed DP-BIC,100,100,100,0,0.9971000000000001,0.014768357292007036,0.0014768357292007036,0.9942054019707667,0.9999945980292335,0.9942054019707667,0.9999945980292335,30.96075351800013
all_poisson,restricted,sample_size,10000.0,Greedy-BIC,100,100,100,0,0.9073185568055133,0.15832281105915655,0.015832281105915655,0.8762872858379186,0.938349827773108,0.8762872858379186,0.938349827773108,3.522088773999931
all_poisson,restricted,sample_size,10000.0,Poisson-only DP,100,100,100,0,0.9979333333333333,0.012334470782019914,0.0012334470782019915,0.9955157770600574,1.0003508896066093,0.9955157770600574,1.0,0.8347474350000266
all_poisson,restricted,sample_size,10000.0,ODS,100,100,100,0,0.8379503105257229,0.12716883219060476,0.012716883219060476,0.8130252194163643,0.8628754016350815,0.8130252194163643,0.8628754016350815,1.425799114999827
all_poisson,restricted,sample_size,10000.0,PC-RCIT,100,100,100,0,0.6147363680650124,0.1922722121893616,0.01922722121893616,0.5770510144758976,0.6524217216541273,0.5770510144758976,0.6524217216541273,24.498311895000153
all_poisson,restricted,sample_size,10000.0,PB-SCM,100,100,100,0,0.6190926486967812,0.13310657722925132,0.013310657722925131,0.5930037595598479,0.6451815378337145,0.5930037595598479,0.6451815378337145,24.921570797000093
all_poisson,restricted,sample_size,10000.0,PB-SCM-PGF,100,100,100,0,0.012352941176470584,0.04754341722441748,0.004754341722441748,0.003034431400484757,0.02167145095245641,0.003034431400484757,0.02167145095245641,1.5712375059994519
all_poisson,restricted,average_in_degree,1.0,Proposed DP-BIC,100,100,100,0,0.9851421568627451,0.04033398170181863,0.004033398170181863,0.9772366964491886,0.9930476172763015,0.9772366964491886,0.9930476172763015,6.40131648700044
all_poisson,restricted,average_in_degree,1.0,Greedy-BIC,100,100,100,0,0.9364124649859944,0.12607635712263235,0.012607635712263235,0.9117014989899584,0.9611234309820303,0.9117014989899584,0.9611234309820303,0.6851127550000092
all_poisson,restricted,average_in_degree,1.0,Poisson-only DP,100,100,100,0,0.9851421568627451,0.04033398170181863,0.004033398170181863,0.9772366964491886,0.9930476172763015,0.9772366964491886,0.9930476172763015,0.2572293260000879
all_poisson,restricted,average_in_degree,1.0,ODS,100,100,100,0,0.7191449565749606,0.1674574970576914,0.01674574970576914,0.686323287151653,0.7519666259982681,0.686323287151653,0.7519666259982681,0.3169725869997637
all_poisson,restricted,average_in_degree,1.0,PC-RCIT,100,100,100,0,0.5547760572760573,0.27582090872938686,0.027582090872938687,0.5007151591650975,0.6088369553870171,0.5007151591650975,0.6088369553870171,3.4365451869991377
all_poisson,restricted,average_in_degree,1.0,PB-SCM,100,100,100,0,0.4057245564033489,0.20898348938315578,0.02089834893831558,0.3647637924842504,0.44668532032244745,0.3647637924842504,0.44668532032244745,8.300620174001088
all_poisson,restricted,average_in_degree,1.0,PB-SCM-PGF,100,100,100,0,0.025094017094017092,0.06556945128707412,0.006556945128707412,0.012242404641750566,0.03794562954628362,0.012242404641750566,0.03794562954628362,0.4951817040028982
all_poisson,restricted,average_in_degree,1.5,Proposed DP-BIC,100,100,100,0,0.9915913043478262,0.024716648874813566,0.002471664887481357,0.9867468411683628,0.9964357675272896,0.9867468411683628,0.9964357675272896,7.906344768999843
all_poisson,restricted,average_in_degree,1.5,Greedy-BIC,100,100,100,0,0.8390393793002486,0.2121633336307868,0.02121633336307868,0.7974553659086144,0.8806233926918828,0.7974553659086144,0.8806233926918828,0.9507247180008562
all_poisson,restricted,average_in_degree,1.5,Poisson-only DP,100,100,100,0,0.9915913043478262,0.024716648874813566,0.002471664887481357,0.9867468411683628,0.9964357675272896,0.9867468411683628,0.9964357675272896,0.25057963499391916
all_poisson,restricted,average_in_degree,1.5,ODS,100,100,100,0,0.7785715017378072,0.14174439507624628,0.014174439507624629,0.7507896003028629,0.8063534031727515,0.7507896003028629,0.8063534031727515,0.5147962109994841
all_poisson,restricted,average_in_degree,1.5,PC-RCIT,100,100,100,0,0.5196545273611837,0.21087246729315365,0.021087246729315366,0.47832352377172555,0.5609855309506417,0.47832352377172555,0.5609855309506417,8.201036848002696
all_poisson,restricted,average_in_degree,1.5,PB-SCM,100,100,100,0,0.46717240741241284,0.15273690208730162,0.015273690208730161,0.4372359746033017,0.49710884022152396,0.4372359746033017,0.49710884022152396,12.214695991997141
all_poisson,restricted,average_in_degree,1.5,PB-SCM-PGF,100,100,100,0,0.00975274725274725,0.03582218772637788,0.003582218772637788,0.002731598458377185,0.016773896047117313,0.002731598458377185,0.016773896047117313,0.501517685999861
all_poisson,restricted,average_in_degree,2.0,Proposed DP-BIC,100,100,100,0,0.9903390762463343,0.023696084394633662,0.0023696084394633663,0.9856946437049862,0.9949835087876825,0.9856946437049862,0.9949835087876825,10.307668851997587
all_poisson,restricted,average_in_degree,2.0,Greedy-BIC,100,100,100,0,0.7226527158036842,0.20491924265342712,0.02049192426534271,0.6824885442436125,0.7628168873637559,0.6824885442436125,0.7628168873637559,1.2545782759995199
all_poisson,restricted,average_in_degree,2.0,Poisson-only DP,100,100,100,0,0.9915890762463343,0.020651734118137678,0.002065173411813768,0.9875413363591793,0.9956368161334893,0.9875413363591793,0.9956368161334893,0.26218956299999263
all_poisson,restricted,average_in_degree,2.0,ODS,100,100,100,0,0.8072138197304232,0.11085989630805512,0.011085989630805513,0.7854852800540444,0.8289423594068019,0.7854852800540444,0.8289423594068019,0.794458028000663
all_poisson,restricted,average_in_degree,2.0,PC-RCIT,100,100,100,0,0.45196562216548186,0.19030835069116583,0.019030835069116583,0.41466518543001335,0.4892660589009504,0.41466518543001335,0.4892660589009504,14.756137025001808
all_poisson,restricted,average_in_degree,2.0,PB-SCM,100,100,100,0,0.5242195181241305,0.12388049397824784,0.012388049397824783,0.4999389413043939,0.5485000949438671,0.4999389413043939,0.5485000949438671,15.54163474000059
all_poisson,restricted,average_in_degree,2.0,PB-SCM-PGF,100,100,100,0,0.01727485380116959,0.054662063392603356,0.0054662063392603355,0.006561089376219331,0.027988618226119845,0.006561089376219331,0.027988618226119845,0.49485204899974633
all_poisson,restricted,average_in_degree,2.5,Proposed DP-BIC,100,100,100,0,0.9442024282601946,0.11425654296704053,0.011425654296704054,0.9218081458386547,0.9665967106817346,0.9218081458386547,0.9665967106817346,12.8727952869999
all_poisson,restricted,average_in_degree,2.5,Greedy-BIC,100,100,100,0,0.6183760040880406,0.19799879030488265,0.019799879030488264,0.5795682411882837,0.6571837669877976,0.5795682411882837,0.6571837669877976,1.4902570659975753
all_poisson,restricted,average_in_degree,2.5,Poisson-only DP,100,100,100,0,0.9842520983509431,0.02635743215698788,0.002635743215698788,0.9790860416481735,0.9894181550537127,0.9790860416481735,0.9894181550537127,0.2611649489996489
all_poisson,restricted,average_in_degree,2.5,ODS,100,100,100,0,0.8067149053449021,0.08929505110555865,0.008929505110555864,0.7892130753282126,0.8242167353615916,0.7892130753282126,0.8242167353615916,1.2037596539984223
all_poisson,restricted,average_in_degree,2.5,PC-RCIT,100,100,100,0,0.4001094431108989,0.17776733427824531,0.017776733427824532,0.36526704559236284,0.434951840629435,0.36526704559236284,0.434951840629435,23.3015722500009
all_poisson,restricted,average_in_degree,2.5,PB-SCM,100,100,100,0,0.4787336672529569,0.17532747918278618,0.017532747918278618,0.4443694813331308,0.513097853172783,0.4443694813331308,0.513097853172783,14.48679002399731
all_poisson,restricted,average_in_degree,2.5,PB-SCM-PGF,100,100,100,0,0.022775494071146242,0.052966314115676594,0.00529663141156766,0.01239409650447363,0.033156891637818854,0.01239409650447363,0.033156891637818854,0.5255850789998658
all_poisson,restricted,average_in_degree,3.0,Proposed DP-BIC,100,100,100,0,0.8943612727949249,0.15499521358804327,0.015499521358804327,0.8639822109316685,0.9247403346581814,0.8639822109316685,0.9247403346581814,14.584813460001023
all_poisson,restricted,average_in_degree,3.0,Greedy-BIC,100,100,100,0,0.5748675710570283,0.1706698820480375,0.017066988204803752,0.541416274175613,0.6083188679384437,0.541416274175613,0.6083188679384437,1.7849440199986566
all_poisson,restricted,average_in_degree,3.0,Poisson-only DP,100,100,100,0,0.9830385178123053,0.028346980890246308,0.0028346980890246306,0.977482509557817,0.9885945260667937,0.977482509557817,0.9885945260667937,0.2683599039987894
all_poisson,restricted,average_in_degree,3.0,ODS,100,100,100,0,0.8123161259251606,0.0773385337830895,0.00773385337830895,0.797157773303675,0.8274744785466461,0.797157773303675,0.8274744785466461,1.76619734799664
all_poisson,restricted,average_in_degree,3.0,PC-RCIT,100,100,100,0,0.29102735017217457,0.15598514146013714,0.015598514146013714,0.2604542624459877,0.32160043789836146,0.2604542624459877,0.32160043789836146,35.13143891099724
all_poisson,restricted,average_in_degree,3.0,PB-SCM,100,100,100,0,0.3575010616525527,0.23083848471291835,0.023083848471291836,0.3122567186488207,0.40274540465628467,0.3122567186488207,0.40274540465628467,10.917820852998993
all_poisson,restricted,average_in_degree,3.0,PB-SCM-PGF,100,100,100,0,0.05841311481046585,0.1191384031827675,0.01191384031827675,0.03506198778664342,0.08176424183428828,0.03506198778664342,0.08176424183428828,0.5593598679994466
all_poisson,extended,dimension,4.0,Proposed DP-BIC,100,100,100,0,0.9815757575757575,0.06383600093191864,0.0063836000931918645,0.9690639013931015,0.9940876137584136,0.9690639013931015,0.9940876137584136,0.41386883799976204
all_poisson,extended,dimension,4.0,Greedy-BIC,100,100,100,0,0.762818181818182,0.22859325443070547,0.022859325443070545,0.7180139039497637,0.8076224596866002,0.7180139039497637,0.8076224596866002,0.2561410430027172
all_poisson,extended,dimension,4.0,Poisson-only DP,100,100,100,0,0.9928787878787879,0.03508721677049288,0.0035087216770492884,0.9860016933917713,0.9997558823658045,0.9860016933917713,0.9997558823658045,0.00902561600261829
all_poisson,extended,dimension,4.0,ODS,100,100,100,0,0.8980000000000001,0.1627851547128127,0.01627851547128127,0.8660941096762889,0.9299058903237114,0.8660941096762889,0.9299058903237114,0.5256783939991146
all_poisson,extended,dimension,4.0,PC-RCIT,100,100,100,0,0.05488888888888889,0.14333790090078313,0.014333790090078314,0.026794660312335395,0.08298311746544239,0.026794660312335395,0.08298311746544239,0.7125319029961247
all_poisson,extended,dimension,5.0,Proposed DP-BIC,100,100,100,0,0.9640173453996984,0.10240222394818034,0.010240222394818034,0.943946509505855,0.9840881812935418,0.943946509505855,0.9840881812935418,1.4971535929996753
all_poisson,extended,dimension,5.0,Greedy-BIC,100,100,100,0,0.811169413919414,0.19200801727486547,0.019200801727486547,0.7735358425335404,0.8488029853052876,0.7735358425335404,0.8488029853052876,0.5488618559984024
all_poisson,extended,dimension,5.0,Poisson-only DP,100,100,100,0,0.9935833333333334,0.02967876555012228,0.002967876555012228,0.9877662952855094,0.9994003713811573,0.9877662952855094,0.9994003713811573,0.022713866998092226
all_poisson,extended,dimension,5.0,ODS,100,100,100,0,0.8696598972922501,0.11908515118062774,0.011908515118062773,0.8463192076608471,0.8930005869236531,0.8463192076608471,0.8930005869236531,0.8959950410044984
all_poisson,extended,dimension,5.0,PC-RCIT,100,100,100,0,0.40153055278055283,0.3100228438720244,0.031002284387202438,0.34076607538163606,0.4622950301794696,0.34076607538163606,0.4622950301794696,2.2946145520027494
all_poisson,extended,dimension,6.0,Proposed DP-BIC,100,100,100,0,0.9490057005258243,0.11713482726449015,0.011713482726449015,0.9260472743819843,0.9719641266696644,0.9260472743819843,0.9719641266696644,3.999852897002711
all_poisson,extended,dimension,6.0,Greedy-BIC,100,100,100,0,0.826202208953757,0.19220910526639676,0.019220910526639677,0.7885292243215432,0.8638751935859708,0.7885292243215432,0.8638751935859708,0.7712883069965756
all_poisson,extended,dimension,6.0,Poisson-only DP,100,100,100,0,0.9977089783281734,0.011293078200843111,0.0011293078200843112,0.9954955350008081,0.9999224216555387,0.9954955350008081,0.9999224216555387,0.0525381579966051
all_poisson,extended,dimension,6.0,ODS,100,100,100,0,0.8332491534093702,0.12583001392967486,0.012583001392967485,0.8085864706791539,0.8579118361395865,0.8085864706791539,0.8579118361395865,0.9054095779976342
all_poisson,extended,dimension,6.0,PC-RCIT,100,100,100,0,0.5060466624878389,0.23595285960807727,0.023595285960807726,0.45979990200465576,0.552293422971022,0.45979990200465576,0.552293422971022,3.925186661996995
all_poisson,extended,dimension,7.0,Proposed DP-BIC,100,100,100,0,0.9494994369982928,0.11819342105644491,0.011819342105644491,0.9263335264712296,0.9726653475253559,0.9263335264712296,0.9726653475253559,9.460136145004654
all_poisson,extended,dimension,7.0,Greedy-BIC,100,100,100,0,0.8590915032679739,0.16668053877642747,0.016668053877642745,0.8264221176677942,0.8917608888681536,0.8264221176677942,0.8917608888681536,1.0114356930024224
all_poisson,extended,dimension,7.0,Poisson-only DP,100,100,100,0,0.995889724310777,0.014022424098819,0.0014022424098819,0.9931413291874085,0.9986381194341456,0.9931413291874085,0.9986381194341456,0.12210419199720488
all_poisson,extended,dimension,7.0,ODS,100,100,100,0,0.7999595854183957,0.13984693985967114,0.013984693985967115,0.7725495852059002,0.8273695856308912,0.7725495852059002,0.8273695856308912,0.9487785409978824
all_poisson,extended,dimension,7.0,PC-RCIT,100,100,100,0,0.5216723558519224,0.21947702395931046,0.021947702395931044,0.47865485915589756,0.5646898525479472,0.47865485915589756,0.5646898525479472,5.513571155998506
all_poisson,extended,dimension,8.0,Proposed DP-BIC,100,100,100,0,0.8739167048787738,0.17351933057356095,0.017351933057356096,0.8399069160863559,0.9079264936711917,0.8399069160863559,0.9079264936711917,21.159422469003474
all_poisson,extended,dimension,8.0,Greedy-BIC,100,100,100,0,0.8738228893489763,0.1689142808835403,0.01689142808835403,0.8407156902958024,0.9069300884021503,0.8407156902958024,0.9069300884021503,1.37186947899987
all_poisson,extended,dimension,8.0,Poisson-only DP,100,100,100,0,0.9906416337285903,0.0303745539098096,0.00303745539098096,0.9846882211622676,0.9965950462949129,0.9846882211622676,0.9965950462949129,0.2509503239992773
all_poisson,extended,dimension,8.0,ODS,100,100,100,0,0.7481961733542029,0.13265755636594237,0.013265755636594236,0.7221952923064782,0.7741970544019275,0.7221952923064782,0.7741970544019275,1.2483400279993657
all_poisson,extended,dimension,8.0,PC-RCIT,100,100,100,0,0.49453133060311016,0.2114007290623016,0.02114007290623016,0.45309678770689904,0.5359658734993212,0.45309678770689904,0.5359658734993212,8.523242033994757
all_poisson,extended,dimension,9.0,Proposed DP-BIC,100,100,100,0,0.8294146256293985,0.17308366754416202,0.017308366754416202,0.7954902267907428,0.8633390244680542,0.7954902267907428,0.8633390244680542,48.659863203003766
all_poisson,extended,dimension,9.0,Greedy-BIC,100,100,100,0,0.8140106368301621,0.19142153895360273,0.019142153895360274,0.7764920151952559,0.8515292584650682,0.7764920151952559,0.8515292584650682,2.014726760998601
all_poisson,extended,dimension,9.0,Poisson-only DP,100,100,100,0,0.989883724194069,0.023967688434145262,0.0023967688434145262,0.9851860572609765,0.9945813911271615,0.9851860572609765,0.9945813911271615,0.5147468530014158
all_poisson,extended,dimension,9.0,ODS,100,100,100,0,0.731465185396547,0.1358489732288389,0.01358489732288389,0.7048387866436946,0.7580915841493995,0.7048387866436946,0.7580915841493995,1.6607813209987945
all_poisson,extended,dimension,9.0,PC-RCIT,100,100,100,0,0.5413710342182209,0.17187613459214807,0.017187613459214806,0.5076833118381598,0.5750587565982819,0.5076833118381598,0.5750587565982819,12.289013249999261
all_poisson,extended,dimension,10.0,Proposed DP-BIC,100,100,100,0,0.8152130683736063,0.17756472633613254,0.017756472633613254,0.7804103820117243,0.8500157547354883,0.7804103820117243,0.8500157547354883,85.61772445100243
all_poisson,extended,dimension,10.0,Greedy-BIC,100,100,100,0,0.8825814502001932,0.14038086145581788,0.014038086145581788,0.8550668013548529,0.9100960990455335,0.8550668013548529,0.9100960990455335,2.2929370710015062
all_poisson,extended,dimension,10.0,Poisson-only DP,100,100,100,0,0.9939725621060438,0.016861357854064018,0.0016861357854064019,0.9906677359666473,0.9972773882454403,0.9906677359666473,0.9972773882454403,0.9952044890023535
all_poisson,extended,dimension,10.0,ODS,100,100,100,0,0.7193604318644268,0.11399980672632322,0.011399980672632322,0.6970164697460675,0.7417043939827861,0.6970164697460675,0.7417043939827861,1.6905677389999618
all_poisson,extended,dimension,10.0,PC-RCIT,100,100,100,0,0.5224991423972389,0.15214463102597373,0.015214463102597373,0.49267879471614806,0.5523194900783298,0.49267879471614806,0.5523194900783298,14.846183675001376
all_poisson,extended,sample_size,100.0,Proposed DP-BIC,100,100,100,0,0.7766405049057223,0.15803495194296263,0.015803495194296264,0.7456656543249016,0.8076153554865431,0.7456656543249016,0.8076153554865431,0.967004028998781
all_poisson,extended,sample_size,100.0,Greedy-BIC,100,100,100,0,0.644762142967635,0.217811685629935,0.0217811685629935,0.6020710525841677,0.6874532333511023,0.6020710525841677,0.6874532333511023,0.07226198900316373
all_poisson,extended,sample_size,100.0,Poisson-only DP,100,100,100,0,0.8582739170059537,0.09976212538400664,0.009976212538400664,0.8387205404306883,0.877827293581219,0.8387205404306883,0.877827293581219,0.039406574001186495
all_poisson,extended,sample_size,100.0,ODS,100,100,100,0,0.564788375964542,0.09674009006492183,0.009674009006492183,0.5458273183118173,0.5837494336172667,0.5458273183118173,0.5837494336172667,0.44809680299833415
all_poisson,extended,sample_size,100.0,PC-RCIT,100,100,100,0,0.11433263305322129,0.15407836621144502,0.015407836621144502,0.08413327327577808,0.1445319928306645,0.08413327327577808,0.1445319928306645,0.15662609299644825
all_poisson,extended,sample_size,200.0,Proposed DP-BIC,100,100,100,0,0.8257622979275154,0.14597357164338942,0.014597357164338942,0.7971514778854111,0.8543731179696198,0.7971514778854111,0.8543731179696198,1.6295498029963347
all_poisson,extended,sample_size,200.0,Greedy-BIC,100,100,100,0,0.7536852169950568,0.20339131359519047,0.020339131359519046,0.7138205195303994,0.7935499144597141,0.7138205195303994,0.7935499144597141,0.1221862939978018
all_poisson,extended,sample_size,200.0,Poisson-only DP,100,100,100,0,0.9294270841286861,0.0679557333323677,0.006795573333236769,0.9161077603955421,0.9427464078618302,0.9161077603955421,0.9427464078618302,0.03892896699602711
all_poisson,extended,sample_size,200.0,ODS,100,100,100,0,0.6365018339903752,0.09753983451264324,0.009753983451264324,0.6173840264258971,0.6556196415548533,0.6173840264258971,0.6556196415548533,0.4727833370008739
all_poisson,extended,sample_size,200.0,PC-RCIT,100,100,100,0,0.20569503415401247,0.18061369469871302,0.018061369469871302,0.1702947499930647,0.24109531831496023,0.1702947499930647,0.24109531831496023,0.3695674299984239
all_poisson,extended,sample_size,400.0,Proposed DP-BIC,100,100,100,0,0.8245369702761007,0.16242578945262023,0.016242578945262022,0.7927015155433872,0.8563724250088143,0.7927015155433872,0.8563724250088143,3.084635180996265
all_poisson,extended,sample_size,400.0,Greedy-BIC,100,100,100,0,0.7225089504698201,0.2085778447638886,0.02085778447638886,0.6816276928960979,0.7633902080435423,0.6816276928960979,0.7633902080435423,0.2241751399921486
all_poisson,extended,sample_size,400.0,Poisson-only DP,100,100,100,0,0.9448813997596605,0.056420796843977085,0.005642079684397708,0.9338229235782409,0.95593987594108,0.9338229235782409,0.95593987594108,0.0580323749966919
all_poisson,extended,sample_size,400.0,ODS,100,100,100,0,0.6568580156731992,0.11059787025837779,0.01105978702583778,0.6351808331025572,0.6785351982438412,0.6351808331025572,0.6785351982438412,0.6011848839966114
all_poisson,extended,sample_size,400.0,PC-RCIT,100,100,100,0,0.29577288810260943,0.21328197949991035,0.021328197949991034,0.253969620120627,0.33757615608459185,0.253969620120627,0.33757615608459185,1.8623727340024196
all_poisson,extended,sample_size,800.0,Proposed DP-BIC,100,100,100,0,0.8909255313124881,0.13452189763690012,0.013452189763690012,0.8645592393756557,0.9172918232493205,0.8645592393756557,0.9172918232493205,5.859376010001288
all_poisson,extended,sample_size,800.0,Greedy-BIC,100,100,100,0,0.8121450930457794,0.19568633359125526,0.019568633359125526,0.7737905716618934,0.8504996144296655,0.7737905716618934,0.8504996144296655,0.41011555200093425
all_poisson,extended,sample_size,800.0,Poisson-only DP,100,100,100,0,0.9824909090909091,0.02851452206825516,0.002851452206825516,0.976902062765531,0.9880797554162871,0.976902062765531,0.9880797554162871,0.08795502700319044
all_poisson,extended,sample_size,800.0,ODS,100,100,100,0,0.721056360098639,0.11115928987658746,0.011115928987658747,0.6992691392828279,0.7428435809144502,0.6992691392828279,0.7428435809144502,0.5605511959968135
all_poisson,extended,sample_size,800.0,PC-RCIT,100,100,100,0,0.41471490781320497,0.20392429331109235,0.020392429331109234,0.37474574632423086,0.4546840693021791,0.37474574632423086,0.4546840693021791,3.755851477000397
all_poisson,extended,sample_size,1600.0,Proposed DP-BIC,100,100,100,0,0.8782397502325539,0.15128178126722797,0.015128178126722796,0.8485885211041772,0.9078909793609306,0.8485885211041772,0.9078909793609306,11.17474893799983
all_poisson,extended,sample_size,1600.0,Greedy-BIC,100,100,100,0,0.8107132693393563,0.2016204404452836,0.02016204404452836,0.7711956630120806,0.8502308756666319,0.7711956630120806,0.8502308756666319,0.7712028959975578
all_poisson,extended,sample_size,1600.0,Poisson-only DP,100,100,100,0,0.9898478260869565,0.02307242418170036,0.002307242418170036,0.9853256309473433,0.9943700212265698,0.9853256309473433,0.9943700212265698,0.14594788099930153
all_poisson,extended,sample_size,1600.0,ODS,100,100,100,0,0.7320417450782664,0.1141204892348915,0.01141204892348915,0.7096741291882276,0.7544093609683051,0.7096741291882276,0.7544093609683051,0.7783927509991918
all_poisson,extended,sample_size,1600.0,PC-RCIT,100,100,100,0,0.43657907114721617,0.19953187309598913,0.019953187309598913,0.3974708240204023,0.47568731827403005,0.3974708240204023,0.47568731827403005,5.488349987004767
all_poisson,extended,sample_size,3200.0,Proposed DP-BIC,100,100,100,0,0.9015183482295925,0.13878616059101467,0.013878616059101467,0.8743162607537537,0.9287204357054314,0.8743162607537537,0.9287204357054314,22.13815826099715
all_poisson,extended,sample_size,3200.0,Greedy-BIC,100,100,100,0,0.839567960220134,0.18325720867192336,0.018325720867192336,0.803649547320437,0.875486373119831,0.803649547320437,0.875486373119831,1.4158893080009147
all_poisson,extended,sample_size,3200.0,Poisson-only DP,100,100,100,0,0.991295652173913,0.02527626465829298,0.0025276264658292977,0.9863415043008876,0.9962498000469384,0.9863415043008876,0.9962498000469384,0.2489098009938607
all_poisson,extended,sample_size,3200.0,ODS,100,100,100,0,0.7715517107612286,0.13228687412277135,0.013228687412277135,0.7456234834331654,0.7974799380892919,0.7456234834331654,0.7974799380892919,1.2001982770022004
all_poisson,extended,sample_size,3200.0,PC-RCIT,100,100,100,0,0.5523225415122709,0.16639919417138108,0.01663991941713811,0.5197082994546802,0.5849367835698616,0.5197082994546802,0.5849367835698616,8.230412985999138
all_poisson,extended,sample_size,6400.0,Proposed DP-BIC,100,100,100,0,0.8482236977637279,0.18267526815403684,0.018267526815403685,0.8124193452055366,0.8840280503219191,0.8124193452055366,0.8840280503219191,45.95808001900557
all_poisson,extended,sample_size,6400.0,Greedy-BIC,100,100,100,0,0.8339505846810193,0.20879955862926827,0.020879955862926826,0.7930258711896828,0.8748752981723559,0.7930258711896828,0.8748752981723559,2.953982223997591
all_poisson,extended,sample_size,6400.0,Poisson-only DP,100,100,100,0,0.9962623188405797,0.013340337517962191,0.0013340337517962191,0.9936476126870591,0.9988770249941002,0.9936476126870591,0.9988770249941002,0.4922239670046838
all_poisson,extended,sample_size,6400.0,ODS,100,100,100,0,0.7879017927313328,0.13687851906020018,0.013687851906020019,0.7610736029955335,0.814729982467132,0.7610736029955335,0.814729982467132,2.2122592199995417
all_poisson,extended,sample_size,6400.0,PC-RCIT,100,100,100,0,0.5991238022495593,0.20676932137510362,0.020676932137510363,0.558597015260039,0.6396505892390796,0.558597015260039,0.6396505892390796,16.359663367000756
all_poisson,extended,sample_size,10000.0,Proposed DP-BIC,100,100,100,0,0.8912634124329777,0.17253784228589675,0.017253784228589676,0.8574459953449419,0.9250808295210134,0.8574459953449419,0.9250808295210134,70.52416196199775
all_poisson,extended,sample_size,10000.0,Greedy-BIC,100,100,100,0,0.886868554633772,0.17425678497689379,0.01742567849768938,0.8527142247783008,0.9210228844892432,0.8527142247783008,0.9210228844892432,4.688032167000347
all_poisson,extended,sample_size,10000.0,Poisson-only DP,100,100,100,0,0.9979333333333332,0.012334470782019914,0.0012334470782019915,0.9955157770600573,1.0003508896066091,0.9955157770600573,1.0,0.7483260359981796
all_poisson,extended,sample_size,10000.0,ODS,100,100,100,0,0.7971672176121952,0.13980082907853383,0.013980082907853384,0.7697662551128026,0.8245681801115878,0.7697662551128026,0.8245681801115878,3.13885168899782
all_poisson,extended,sample_size,10000.0,PC-RCIT,100,100,100,0,0.6057134705903718,0.17866639810313775,0.017866639810313775,0.5706948565621568,0.6407320846185869,0.5706948565621568,0.6407320846185869,23.056590545997604
all_poisson,extended,average_in_degree,1.0,Proposed DP-BIC,100,100,100,0,0.9466174627745835,0.14635144475069548,0.014635144475069547,0.9179325796034472,0.9753023459457197,0.9179325796034472,0.9753023459457197,12.67945577399514
all_poisson,extended,average_in_degree,1.0,Greedy-BIC,100,100,100,0,0.9089964985994398,0.17198962742140012,0.01719896274214001,0.8752865316248454,0.9427064655740341,0.8752865316248454,0.9427064655740341,0.8299407570034965
all_poisson,extended,average_in_degree,1.0,Poisson-only DP,100,100,100,0,0.9946323529411765,0.024147387391802423,0.0024147387391802422,0.9898994650123832,0.9993652408699697,0.9898994650123832,0.9993652408699697,0.247240390998777
all_poisson,extended,average_in_degree,1.0,ODS,100,100,100,0,0.6961957737189599,0.1866453792850467,0.01866453792850467,0.6596132793790908,0.7327782680588291,0.6596132793790908,0.7327782680588291,0.6233725330012385
all_poisson,extended,average_in_degree,1.0,PC-RCIT,100,100,100,0,0.6004941724941725,0.25078683929586737,0.02507868392958674,0.5513399519921824,0.6496483929961625,0.5513399519921824,0.6496483929961625,3.6266431940026815
all_poisson,extended,average_in_degree,1.5,Proposed DP-BIC,100,100,100,0,0.8686908635647766,0.16814530596179175,0.016814530596179177,0.8357343835962655,0.9016473435332878,0.8357343835962655,0.9016473435332878,22.255052724003328
all_poisson,extended,average_in_degree,1.5,Greedy-BIC,100,100,100,0,0.8314707742888521,0.21443548754042127,0.021443548754042127,0.7894414187309295,0.8735001298467746,0.7894414187309295,0.8735001298467746,1.4073281579976902
all_poisson,extended,average_in_degree,1.5,Poisson-only DP,100,100,100,0,0.9953594202898551,0.015695069909027838,0.001569506990902784,0.9922831865876857,0.9984356539920246,0.9922831865876857,0.9984356539920246,0.25021262099791786
all_poisson,extended,average_in_degree,1.5,ODS,100,100,100,0,0.7363022024131105,0.14387299119234254,0.014387299119234254,0.7081030961394114,0.7645013086868097,0.7081030961394114,0.7645013086868097,1.2239227290003327
all_poisson,extended,average_in_degree,1.5,PC-RCIT,100,100,100,0,0.5056361618706147,0.19595383142921313,0.019595383142921315,0.4672292109104889,0.5440431128307405,0.4672292109104889,0.5440431128307405,8.316629148997599
all_poisson,extended,average_in_degree,2.0,Proposed DP-BIC,100,100,100,0,0.8322412883260966,0.15969631515025143,0.015969631515025142,0.8009408105566473,0.8635417660955458,0.8009408105566473,0.8635417660955458,30.591838939994922
all_poisson,extended,average_in_degree,2.0,Greedy-BIC,100,100,100,0,0.7359081302811346,0.1692429765419925,0.016924297654199248,0.702736506878904,0.7690797536833651,0.702736506878904,0.7690797536833651,2.265152512997156
all_poisson,extended,average_in_degree,2.0,Poisson-only DP,100,100,100,0,0.99425146627566,0.014631761150035451,0.0014631761150035452,0.991383641090253,0.9971192914610669,0.991383641090253,0.9971192914610669,0.2518149159982568
all_poisson,extended,average_in_degree,2.0,ODS,100,100,100,0,0.7849965211176856,0.11035633419874545,0.011035633419874544,0.7633666796147315,0.8066263626206397,0.7633666796147315,0.8066263626206397,2.2215240440017077
all_poisson,extended,average_in_degree,2.0,PC-RCIT,100,100,100,0,0.4182235836340832,0.15943981987149536,0.015943981987149535,0.3869733789392701,0.4494737883288963,0.3869733789392701,0.4494737883288963,12.087182379998849
all_poisson,extended,average_in_degree,2.5,Proposed DP-BIC,100,100,100,0,0.8362654691649634,0.13727087274045824,0.013727087274045823,0.8093603781078336,0.8631705602220932,0.8093603781078336,0.8631705602220932,39.310848136000565
all_poisson,extended,average_in_degree,2.5,Greedy-BIC,100,100,100,0,0.6516729933635789,0.19164744043180984,0.019164744043180984,0.6141100950389441,0.6892358916882136,0.6141100950389441,0.6892358916882136,3.610205794998328
all_poisson,extended,average_in_degree,2.5,Poisson-only DP,100,100,100,0,0.9792733401417613,0.027592611436417166,0.0027592611436417164,0.9738651883002235,0.984681491983299,0.9738651883002235,0.984681491983299,0.24621376900060568
all_poisson,extended,average_in_degree,2.5,ODS,100,100,100,0,0.7618440393121735,0.09837367299029615,0.009837367299029615,0.7425627994060754,0.7811252792182716,0.7425627994060754,0.7811252792182716,3.834260757006705
all_poisson,extended,average_in_degree,2.5,PC-RCIT,100,100,100,0,0.31168934750699956,0.16523284112523307,0.016523284112523306,0.2793037106464539,0.34407498436754524,0.2793037106464539,0.34407498436754524,13.83521859399858
all_poisson,extended,average_in_degree,3.0,Proposed DP-BIC,100,100,100,0,0.879626219055705,0.10039800815645886,0.010039800815645886,0.8599482094570391,0.899304228654371,0.8599482094570391,0.899304228654371,56.24746510699915
all_poisson,extended,average_in_degree,3.0,Greedy-BIC,100,100,100,0,0.6443731476563408,0.15017222563808288,0.015017222563808288,0.6149393914312765,0.6738069038814051,0.6149393914312765,0.6738069038814051,7.430032693000394
all_poisson,extended,average_in_degree,3.0,Poisson-only DP,100,100,100,0,0.9760669297040714,0.02525692466718964,0.002525692466718964,0.9711165724693022,0.9810172869388406,0.9711165724693022,0.9810172869388406,0.24509156599873677
all_poisson,extended,average_in_degree,3.0,ODS,100,100,100,0,0.7447575869065273,0.0945602585948198,0.00945602585948198,0.7262237762219426,0.763291397591112,0.7262237762219426,0.763291397591112,6.605904738001409
all_poisson,extended,average_in_degree,3.0,PC-RCIT,100,100,100,0,0.24629373516105246,0.12892842562927131,0.012892842562927132,0.2210237637377153,0.27156370658438966,0.2210237637377153,0.27156370658438966,15.82758132699877
